2026-10-01T08:18:35.989+07:00  WARN 27748 --- [school-manager] [HikariPool-1 housekeeper] com.zaxxer.hikari.pool.HikariPool        : HikariPool-1 - Thread starvation or clock leap detected (housekeeper delta=12h18m56s156ms756µs300ns).
2026-10-01T08:31:34.052+07:00  WARN 27748 --- [school-manager] [HikariPool-1 housekeeper] com.zaxxer.hikari.pool.HikariPool        : HikariPool-1 - Thread starvation or clock leap detected (housekeeper delta=5m6s783ms517µs200ns).
2026-10-01T08:38:38.353+07:00  WARN 27748 --- [school-manager] [HikariPool-1 housekeeper] com.zaxxer.hikari.pool.HikariPool        : HikariPool-1 - Thread starvation or clock leap detected (housekeeper delta=5m14s495ms137µs200ns).
2026-10-01T08:45:18.432+07:00  WARN 27748 --- [school-manager] [HikariPool-1 housekeeper] com.zaxxer.hikari.pool.HikariPool        : HikariPool-1 - Thread starvation or clock leap detected (housekeeper delta=4m50s245ms287µs400ns).
2026-10-01T08:49:14.269+07:00  WARN 27748 --- [school-manager] [HikariPool-1 housekeeper] com.zaxxer.hikari.pool.HikariPool        : HikariPool-1 - Thread starvation or clock leap detected (housekeeper delta=2m35s838ms552µs700ns).
2026-10-01T08:52:01.895+07:00  WARN 27748 --- [school-manager] [HikariPool-1 housekeeper] com.zaxxer.hikari.pool.HikariPool        : HikariPool-1 - Thread starvation or clock leap detected (housekeeper delta=1m27s895ms973µs200ns).
2026-10-01T08:57:53.961+07:00  WARN 27748 --- [school-manager] [HikariPool-1 housekeeper] com.zaxxer.hikari.pool.HikariPool        : HikariPool-1 - Thread starvation or clock leap detected (housekeeper delta=4m2s332ms898µs400ns).
2026-10-01T09:03:19.700+07:00  WARN 27748 --- [school-manager] [HikariPool-1 housekeeper] com.zaxxer.hikari.pool.HikariPool        : HikariPool-1 - Thread starvation or clock leap detected (housekeeper delta=4m5s994ms308µs200ns).
2026-10-01T09:08:39.747+07:00  WARN 27748 --- [school-manager] [HikariPool-1 housekeeper] com.zaxxer.hikari.pool.HikariPool        : HikariPool-1 - Thread starvation or clock leap detected (housekeeper delta=3m30s281ms107µs500ns).
2026-10-01T09:28:40.568+07:00  WARN 27748 --- [school-manager] [HikariPool-1 housekeeper] com.zaxxer.hikari.pool.HikariPool        : HikariPool-1 - Thread starvation or clock leap detected (housekeeper delta=18m41s103ms463µs500ns).
2026-10-01T09:36:22.980+07:00  WARN 27748 --- [school-manager] [HikariPool-1 housekeeper] com.zaxxer.hikari.pool.HikariPool        : HikariPool-1 - Thread starvation or clock leap detected (housekeeper delta=6m22s626ms718µs).
2026-10-01T09:41:00.269+07:00  WARN 27748 --- [school-manager] [HikariPool-1 housekeeper] com.zaxxer.hikari.pool.HikariPool        : HikariPool-1 - Thread starvation or clock leap detected (housekeeper delta=2m47s471ms530µs).
2026-10-01T09:45:40.205+07:00  WARN 27748 --- [school-manager] [HikariPool-1 housekeeper] com.zaxxer.hikari.pool.HikariPool        : HikariPool-1 - Thread starvation or clock leap detected (housekeeper delta=3m19s955ms276µs).
2026-10-01T09:48:56.767+07:00  WARN 27748 --- [school-manager] [HikariPool-1 housekeeper] com.zaxxer.hikari.pool.HikariPool        : HikariPool-1 - Thread starvation or clock leap detected (housekeeper delta=1m56s651ms29µs600ns).
2026-10-01T09:54:22.809+07:00  INFO 27748 --- [school-manager] [SpringApplicationShutdownHook] o.s.b.w.e.tomcat.GracefulShutdown        : Commencing graceful shutdown. Waiting for active requests to complete
2026-10-01T09:54:22.820+07:00  INFO 27748 --- [school-manager] [tomcat-shutdown] o.s.b.w.e.tomcat.GracefulShutdown        : Graceful shutdown complete
2026-10-01T09:54:22.828+07:00  INFO 27748 --- [school-manager] [SpringApplicationShutdownHook] j.LocalContainerEntityManagerFactoryBean : Closing JPA EntityManagerFactory for persistence unit 'default'
2026-10-01T09:54:22.840+07:00  INFO 27748 --- [school-manager] [SpringApplicationShutdownHook] com.zaxxer.hikari.HikariDataSource       : HikariPool-1 - Shutdown initiated...
2026-10-01T09:54:22.850+07:00  INFO 27748 --- [school-manager] [SpringApplicationShutdownHook] com.zaxxer.hikari.HikariDataSource       : HikariPool-1 - Shutdown completed.
2026-10-01T09:54:29.251+07:00  INFO 14708 --- [school-manager] [restartedMain] c.s.manager.SchoolManagerApplication     : Starting SchoolManagerApplication using Java 21.0.11 with PID 14708 (C:\Users\phuongpa\Documents\New folder (2)\school-manager\target\classes started by phuongpa in C:\Users\phuongpa\Documents\New folder (2)\school-manager)
2026-10-01T09:54:29.253+07:00 DEBUG 14708 --- [school-manager] [restartedMain] c.s.manager.SchoolManagerApplication     : Running with Spring Boot v3.4.2, Spring v6.2.2
2026-10-01T09:54:29.254+07:00  INFO 14708 --- [school-manager] [restartedMain] c.s.manager.SchoolManagerApplication     : No active profile set, falling back to 1 default profile: "default"
2026-10-01T09:54:29.299+07:00  INFO 14708 --- [school-manager] [restartedMain] .e.DevToolsPropertyDefaultsPostProcessor : Devtools property defaults active! Set 'spring.devtools.add-properties' to 'false' to disable
2026-10-01T09:54:29.299+07:00  INFO 14708 --- [school-manager] [restartedMain] .e.DevToolsPropertyDefaultsPostProcessor : For additional web related logging consider setting the 'logging.level.web' property to 'DEBUG'
2026-10-01T09:54:30.079+07:00  INFO 14708 --- [school-manager] [restartedMain] .s.d.r.c.RepositoryConfigurationDelegate : Bootstrapping Spring Data JPA repositories in DEFAULT mode.
2026-10-01T09:54:30.142+07:00  INFO 14708 --- [school-manager] [restartedMain] .s.d.r.c.RepositoryConfigurationDelegate : Finished Spring Data repository scanning in 55 ms. Found 3 JPA repository interfaces.
2026-10-01T09:54:31.225+07:00  INFO 14708 --- [school-manager] [restartedMain] o.s.b.w.embedded.tomcat.TomcatWebServer  : Tomcat initialized with port 8080 (http)
2026-10-01T09:54:31.242+07:00  INFO 14708 --- [school-manager] [restartedMain] o.apache.catalina.core.StandardService   : Starting service [Tomcat]
2026-10-01T09:54:31.242+07:00  INFO 14708 --- [school-manager] [restartedMain] o.apache.catalina.core.StandardEngine    : Starting Servlet engine: [Apache Tomcat/10.1.34]
2026-10-01T09:54:31.292+07:00  INFO 14708 --- [school-manager] [restartedMain] o.a.c.c.C.[Tomcat].[localhost].[/]       : Initializing Spring embedded WebApplicationContext
2026-10-01T09:54:31.293+07:00  INFO 14708 --- [school-manager] [restartedMain] w.s.c.ServletWebServerApplicationContext : Root WebApplicationContext: initialization completed in 1993 ms
2026-10-01T09:54:31.446+07:00  INFO 14708 --- [school-manager] [restartedMain] o.hibernate.jpa.internal.util.LogHelper  : HHH000204: Processing PersistenceUnitInfo [name: default]
2026-10-01T09:54:31.567+07:00  INFO 14708 --- [school-manager] [restartedMain] org.hibernate.Version                    : HHH000412: Hibernate ORM core version 6.6.5.Final
2026-10-01T09:54:31.622+07:00  INFO 14708 --- [school-manager] [restartedMain] o.h.c.internal.RegionFactoryInitiator    : HHH000026: Second-level cache disabled
2026-10-01T09:54:31.963+07:00  INFO 14708 --- [school-manager] [restartedMain] o.s.o.j.p.SpringPersistenceUnitInfo      : No LoadTimeWeaver setup: ignoring JPA class transformer
2026-10-01T09:54:31.996+07:00  INFO 14708 --- [school-manager] [restartedMain] com.zaxxer.hikari.HikariDataSource       : HikariPool-1 - Starting...
2026-10-01T09:54:32.154+07:00  INFO 14708 --- [school-manager] [restartedMain] com.zaxxer.hikari.pool.HikariPool        : HikariPool-1 - Added connection com.mysql.cj.jdbc.ConnectionImpl@41b0b2b6
2026-10-01T09:54:32.156+07:00  INFO 14708 --- [school-manager] [restartedMain] com.zaxxer.hikari.HikariDataSource       : HikariPool-1 - Start completed.
2026-10-01T09:54:32.295+07:00  INFO 14708 --- [school-manager] [restartedMain] org.hibernate.orm.connections.pooling    : HHH10001005: Database info:
	Database JDBC URL [Connecting through datasource 'HikariDataSource (HikariPool-1)']
	Database driver: undefined/unknown
	Database version: 8.0.46
	Autocommit mode: undefined/unknown
	Isolation level: undefined/unknown
	Minimum pool size: undefined/unknown
	Maximum pool size: undefined/unknown
2026-10-01T09:54:33.387+07:00  INFO 14708 --- [school-manager] [restartedMain] o.h.e.t.j.p.i.JtaPlatformInitiator       : HHH000489: No JTA platform available (set 'hibernate.transaction.jta.platform' to enable JTA platform integration)
2026-10-01T09:54:33.664+07:00  INFO 14708 --- [school-manager] [restartedMain] j.LocalContainerEntityManagerFactoryBean : Initialized JPA EntityManagerFactory for persistence unit 'default'
2026-10-01T09:54:33.953+07:00  INFO 14708 --- [school-manager] [restartedMain] o.s.d.j.r.query.QueryEnhancerFactory     : Hibernate is in classpath; If applicable, HQL parser will be used.
2026-10-01T09:54:35.017+07:00  WARN 14708 --- [school-manager] [restartedMain] JpaBaseConfiguration$JpaWebConfiguration : spring.jpa.open-in-view is enabled by default. Therefore, database queries may be performed during view rendering. Explicitly configure spring.jpa.open-in-view to disable this warning
2026-10-01T09:54:35.033+07:00  WARN 14708 --- [school-manager] [restartedMain] .s.s.UserDetailsServiceAutoConfiguration : 

Using generated security password: 2bb17b90-d38a-4b28-80f4-350bcf15f45f

This generated password is for development use only. Your security configuration must be updated before running your application in production.

2026-10-01T09:54:35.068+07:00  INFO 14708 --- [school-manager] [restartedMain] r$InitializeUserDetailsManagerConfigurer : Global AuthenticationManager configured with UserDetailsService bean with name inMemoryUserDetailsManager
2026-10-01T09:54:35.419+07:00  INFO 14708 --- [school-manager] [restartedMain] o.s.b.a.h2.H2ConsoleAutoConfiguration    : H2 console available at '/h2-console'. Database available at 'jdbc:mysql://localhost:3306/school_db?useSSL=false&serverTimezone=UTC&allowPublicKeyRetrieval=true'
2026-10-01T09:54:35.478+07:00  INFO 14708 --- [school-manager] [restartedMain] o.s.b.d.a.OptionalLiveReloadServer       : LiveReload server is running on port 35729
2026-10-01T09:54:35.521+07:00  INFO 14708 --- [school-manager] [restartedMain] o.s.b.w.embedded.tomcat.TomcatWebServer  : Tomcat started on port 8080 (http) with context path '/'
2026-10-01T09:54:35.528+07:00  INFO 14708 --- [school-manager] [restartedMain] c.s.manager.SchoolManagerApplication     : Started SchoolManagerApplication in 6.712 seconds (process running for 7.229)
2026-10-01T09:54:35.531+07:00  INFO 14708 --- [school-manager] [restartedMain] c.school.manager.config.DatabaseSeeder   : [DB Seeder] Các môn học được hỗ trợ: [math, literature, english]
2026-10-01T09:54:35.532+07:00  INFO 14708 --- [school-manager] [restartedMain] c.school.manager.config.DatabaseSeeder   : [DB Seeder] Phát hiện động file db.json trong thư mục cùng cấp: C:\Users\phuongpa\Documents\New folder (2)\phần-mềm-quản-lý-điểm\db.json
2026-10-01T09:54:35.532+07:00  INFO 14708 --- [school-manager] [restartedMain] c.school.manager.config.DatabaseSeeder   : [DB Seeder] Đang tải dữ liệu từ file: C:\Users\phuongpa\Documents\New folder (2)\phần-mềm-quản-lý-điểm\db.json
2026-10-01T09:54:35.663+07:00 DEBUG 14708 --- [school-manager] [restartedMain] org.hibernate.SQL                        : select count(*) from members m1_0
2026-10-01T09:54:35.693+07:00 DEBUG 14708 --- [school-manager] [restartedMain] org.hibernate.SQL                        : select count(*) from members m1_0
2026-10-01T09:54:35.705+07:00 DEBUG 14708 --- [school-manager] [restartedMain] org.hibernate.SQL                        : select count(*) from school_classes sc1_0
2026-10-01T09:54:35.714+07:00  INFO 14708 --- [school-manager] [restartedMain] c.school.manager.config.DatabaseSeeder   : [DB Seeder] Cơ sở dữ liệu đã có sẵn dữ liệu (197 thành viên, 9 lớp học). Giữ nguyên dữ liệu hiện tại.
2026-10-01T09:54:35.734+07:00 DEBUG 14708 --- [school-manager] [restartedMain] org.hibernate.SQL                        : select m1_0.id,m1_0.class_name,m1_0.code,m1_0.email,m1_0.must_change_password,m1_0.name,m1_0.password,m1_0.role,m1_0.subject from members m1_0
2026-10-01T09:54:35.788+07:00 DEBUG 14708 --- [school-manager] [restartedMain] org.hibernate.SQL                        : select count(*) from grades g1_0
2026-10-01T09:54:35.798+07:00 DEBUG 14708 --- [school-manager] [restartedMain] org.hibernate.SQL                        : select g1_0.id,g1_0.english,g1_0.english_final,g1_0.english_m15,g1_0.english_mid,g1_0.english_oral,g1_0.gpa,g1_0.literature,g1_0.literature_final,g1_0.literature_m15,g1_0.literature_mid,g1_0.literature_oral,g1_0.math,g1_0.math_final,g1_0.math_m15,g1_0.math_mid,g1_0.math_oral,g1_0.student_code,g1_0.student_id from grades g1_0
2026-10-01T09:54:35.816+07:00  INFO 14708 --- [school-manager] [restartedMain] c.school.manager.config.DatabaseSeeder   : [DB Seeder] Đang tự động bổ sung studentCode và dữ liệu điểm thành phần từ db.json...
2026-10-01T09:54:35.820+07:00 DEBUG 14708 --- [school-manager] [restartedMain] org.hibernate.SQL                        : select m1_0.id,m1_0.class_name,m1_0.code,m1_0.email,m1_0.must_change_password,m1_0.name,m1_0.password,m1_0.role,m1_0.subject from members m1_0
2026-10-01T09:54:35.837+07:00 DEBUG 14708 --- [school-manager] [restartedMain] org.hibernate.SQL                        : select g1_0.id,g1_0.english,g1_0.english_final,g1_0.english_m15,g1_0.english_mid,g1_0.english_oral,g1_0.gpa,g1_0.literature,g1_0.literature_final,g1_0.literature_m15,g1_0.literature_mid,g1_0.literature_oral,g1_0.math,g1_0.math_final,g1_0.math_m15,g1_0.math_mid,g1_0.math_oral,g1_0.student_code,g1_0.student_id from grades g1_0
2026-10-01T09:54:35.850+07:00 DEBUG 14708 --- [school-manager] [restartedMain] org.hibernate.SQL                        : select sc1_0.id,sc1_0.code,sc1_0.name from school_classes sc1_0
2026-10-01T09:54:35.858+07:00 DEBUG 14708 --- [school-manager] [restartedMain] org.hibernate.SQL                        : select m1_0.id,m1_0.class_name,m1_0.code,m1_0.email,m1_0.must_change_password,m1_0.name,m1_0.password,m1_0.role,m1_0.subject from members m1_0
2026-10-01T09:54:35.868+07:00 DEBUG 14708 --- [school-manager] [restartedMain] org.hibernate.SQL                        : select m1_0.id,m1_0.class_name,m1_0.code,m1_0.email,m1_0.must_change_password,m1_0.name,m1_0.password,m1_0.role,m1_0.subject from members m1_0
2026-10-01T09:54:35.897+07:00 DEBUG 14708 --- [school-manager] [restartedMain] org.hibernate.SQL                        : insert into members (class_name,code,email,must_change_password,name,password,role,subject) values (?,?,?,?,?,?,?,?)
2026-10-01T09:54:35.954+07:00  INFO 14708 --- [school-manager] [restartedMain] c.school.manager.config.DatabaseSeeder   : [DB Seeder] Đã đồng bộ thêm 1 thành viên mới từ db.json vào CSDL!
2026-10-01T09:54:36.004+07:00 DEBUG 14708 --- [school-manager] [restartedMain] org.hibernate.SQL                        : select m1_0.id,m1_0.class_name,m1_0.code,m1_0.email,m1_0.must_change_password,m1_0.name,m1_0.password,m1_0.role,m1_0.subject from members m1_0 where m1_0.role=?
2026-10-01T09:54:36.017+07:00 DEBUG 14708 --- [school-manager] [restartedMain] org.hibernate.SQL                        : select count(g1_0.id)>0 from grades g1_0 where g1_0.student_id=?
2026-10-01T09:54:36.021+07:00 DEBUG 14708 --- [school-manager] [restartedMain] org.hibernate.SQL                        : select count(g1_0.id)>0 from grades g1_0 where g1_0.student_id=?
2026-10-01T09:54:36.023+07:00 DEBUG 14708 --- [school-manager] [restartedMain] org.hibernate.SQL                        : select count(g1_0.id)>0 from grades g1_0 where g1_0.student_id=?
2026-10-01T09:54:36.026+07:00 DEBUG 14708 --- [school-manager] [restartedMain] org.hibernate.SQL                        : select count(g1_0.id)>0 from grades g1_0 where g1_0.student_id=?
2026-10-01T09:54:36.028+07:00 DEBUG 14708 --- [school-manager] [restartedMain] org.hibernate.SQL                        : select count(g1_0.id)>0 from grades g1_0 where g1_0.student_id=?
2026-10-01T09:54:36.031+07:00 DEBUG 14708 --- [school-manager] [restartedMain] org.hibernate.SQL                        : select count(g1_0.id)>0 from grades g1_0 where g1_0.student_id=?
2026-10-01T09:54:36.033+07:00 DEBUG 14708 --- [school-manager] [restartedMain] org.hibernate.SQL                        : select count(g1_0.id)>0 from grades g1_0 where g1_0.student_id=?
2026-10-01T09:54:36.034+07:00 DEBUG 14708 --- [school-manager] [restartedMain] org.hibernate.SQL                        : select count(g1_0.id)>0 from grades g1_0 where g1_0.student_id=?
2026-10-01T09:54:36.037+07:00 DEBUG 14708 --- [school-manager] [restartedMain] org.hibernate.SQL                        : select count(g1_0.id)>0 from grades g1_0 where g1_0.student_id=?
2026-10-01T09:54:36.038+07:00 DEBUG 14708 --- [school-manager] [restartedMain] org.hibernate.SQL                        : select count(g1_0.id)>0 from grades g1_0 where g1_0.student_id=?
2026-10-01T09:54:36.040+07:00 DEBUG 14708 --- [school-manager] [restartedMain] org.hibernate.SQL                        : select count(g1_0.id)>0 from grades g1_0 where g1_0.student_id=?
2026-10-01T09:54:36.042+07:00 DEBUG 14708 --- [school-manager] [restartedMain] org.hibernate.SQL                        : select count(g1_0.id)>0 from grades g1_0 where g1_0.student_id=?
2026-10-01T09:54:36.045+07:00 DEBUG 14708 --- [school-manager] [restartedMain] org.hibernate.SQL                        : select count(g1_0.id)>0 from grades g1_0 where g1_0.student_id=?
2026-10-01T09:54:36.046+07:00 DEBUG 14708 --- [school-manager] [restartedMain] org.hibernate.SQL                        : select count(g1_0.id)>0 from grades g1_0 where g1_0.student_id=?
2026-10-01T09:54:36.048+07:00 DEBUG 14708 --- [school-manager] [restartedMain] org.hibernate.SQL                        : select count(g1_0.id)>0 from grades g1_0 where g1_0.student_id=?
2026-10-01T09:54:36.050+07:00 DEBUG 14708 --- [school-manager] [restartedMain] org.hibernate.SQL                        : select count(g1_0.id)>0 from grades g1_0 where g1_0.student_id=?
2026-10-01T09:54:36.052+07:00 DEBUG 14708 --- [school-manager] [restartedMain] org.hibernate.SQL                        : select count(g1_0.id)>0 from grades g1_0 where g1_0.student_id=?
2026-10-01T09:54:36.054+07:00 DEBUG 14708 --- [school-manager] [restartedMain] org.hibernate.SQL                        : select count(g1_0.id)>0 from grades g1_0 where g1_0.student_id=?
2026-10-01T09:54:36.058+07:00 DEBUG 14708 --- [school-manager] [restartedMain] org.hibernate.SQL                        : select count(g1_0.id)>0 from grades g1_0 where g1_0.student_id=?
2026-10-01T09:54:36.062+07:00 DEBUG 14708 --- [school-manager] [restartedMain] org.hibernate.SQL                        : select count(g1_0.id)>0 from grades g1_0 where g1_0.student_id=?
2026-10-01T09:54:36.065+07:00 DEBUG 14708 --- [school-manager] [restartedMain] org.hibernate.SQL                        : select count(g1_0.id)>0 from grades g1_0 where g1_0.student_id=?
2026-10-01T09:54:36.068+07:00 DEBUG 14708 --- [school-manager] [restartedMain] org.hibernate.SQL                        : select count(g1_0.id)>0 from grades g1_0 where g1_0.student_id=?
2026-10-01T09:54:36.071+07:00 DEBUG 14708 --- [school-manager] [restartedMain] org.hibernate.SQL                        : select count(g1_0.id)>0 from grades g1_0 where g1_0.student_id=?
2026-10-01T09:54:36.075+07:00 DEBUG 14708 --- [school-manager] [restartedMain] org.hibernate.SQL                        : select count(g1_0.id)>0 from grades g1_0 where g1_0.student_id=?
2026-10-01T09:54:36.078+07:00 DEBUG 14708 --- [school-manager] [restartedMain] org.hibernate.SQL                        : select count(g1_0.id)>0 from grades g1_0 where g1_0.student_id=?
2026-10-01T09:54:36.082+07:00 DEBUG 14708 --- [school-manager] [restartedMain] org.hibernate.SQL                        : select count(g1_0.id)>0 from grades g1_0 where g1_0.student_id=?
2026-10-01T09:54:36.086+07:00 DEBUG 14708 --- [school-manager] [restartedMain] org.hibernate.SQL                        : select count(g1_0.id)>0 from grades g1_0 where g1_0.student_id=?
2026-10-01T09:54:36.089+07:00 DEBUG 14708 --- [school-manager] [restartedMain] org.hibernate.SQL                        : select count(g1_0.id)>0 from grades g1_0 where g1_0.student_id=?
2026-10-01T09:54:36.093+07:00 DEBUG 14708 --- [school-manager] [restartedMain] org.hibernate.SQL                        : select count(g1_0.id)>0 from grades g1_0 where g1_0.student_id=?
2026-10-01T09:54:36.095+07:00 DEBUG 14708 --- [school-manager] [restartedMain] org.hibernate.SQL                        : select count(g1_0.id)>0 from grades g1_0 where g1_0.student_id=?
2026-10-01T09:54:36.098+07:00 DEBUG 14708 --- [school-manager] [restartedMain] org.hibernate.SQL                        : select count(g1_0.id)>0 from grades g1_0 where g1_0.student_id=?
2026-10-01T09:54:36.101+07:00 DEBUG 14708 --- [school-manager] [restartedMain] org.hibernate.SQL                        : select count(g1_0.id)>0 from grades g1_0 where g1_0.student_id=?
2026-10-01T09:54:36.105+07:00 DEBUG 14708 --- [school-manager] [restartedMain] org.hibernate.SQL                        : select count(g1_0.id)>0 from grades g1_0 where g1_0.student_id=?
2026-10-01T09:54:36.109+07:00 DEBUG 14708 --- [school-manager] [restartedMain] org.hibernate.SQL                        : select count(g1_0.id)>0 from grades g1_0 where g1_0.student_id=?
2026-10-01T09:54:36.113+07:00 DEBUG 14708 --- [school-manager] [restartedMain] org.hibernate.SQL                        : select count(g1_0.id)>0 from grades g1_0 where g1_0.student_id=?
2026-10-01T09:54:36.117+07:00 DEBUG 14708 --- [school-manager] [restartedMain] org.hibernate.SQL                        : select count(g1_0.id)>0 from grades g1_0 where g1_0.student_id=?
2026-10-01T09:54:36.121+07:00 DEBUG 14708 --- [school-manager] [restartedMain] org.hibernate.SQL                        : select count(g1_0.id)>0 from grades g1_0 where g1_0.student_id=?
2026-10-01T09:54:36.124+07:00 DEBUG 14708 --- [school-manager] [restartedMain] org.hibernate.SQL                        : select count(g1_0.id)>0 from grades g1_0 where g1_0.student_id=?
2026-10-01T09:54:36.130+07:00 DEBUG 14708 --- [school-manager] [restartedMain] org.hibernate.SQL                        : select count(g1_0.id)>0 from grades g1_0 where g1_0.student_id=?
2026-10-01T09:54:36.134+07:00 DEBUG 14708 --- [school-manager] [restartedMain] org.hibernate.SQL                        : select count(g1_0.id)>0 from grades g1_0 where g1_0.student_id=?
2026-10-01T09:54:36.137+07:00 DEBUG 14708 --- [school-manager] [restartedMain] org.hibernate.SQL                        : select count(g1_0.id)>0 from grades g1_0 where g1_0.student_id=?
2026-10-01T09:54:36.142+07:00 DEBUG 14708 --- [school-manager] [restartedMain] org.hibernate.SQL                        : select count(g1_0.id)>0 from grades g1_0 where g1_0.student_id=?
2026-10-01T09:54:36.147+07:00 DEBUG 14708 --- [school-manager] [restartedMain] org.hibernate.SQL                        : select count(g1_0.id)>0 from grades g1_0 where g1_0.student_id=?
2026-10-01T09:54:36.152+07:00 DEBUG 14708 --- [school-manager] [restartedMain] org.hibernate.SQL                        : select count(g1_0.id)>0 from grades g1_0 where g1_0.student_id=?
2026-10-01T09:54:36.156+07:00 DEBUG 14708 --- [school-manager] [restartedMain] org.hibernate.SQL                        : select count(g1_0.id)>0 from grades g1_0 where g1_0.student_id=?
2026-10-01T09:54:36.163+07:00 DEBUG 14708 --- [school-manager] [restartedMain] org.hibernate.SQL                        : select count(g1_0.id)>0 from grades g1_0 where g1_0.student_id=?
2026-10-01T09:54:36.170+07:00 DEBUG 14708 --- [school-manager] [restartedMain] org.hibernate.SQL                        : select count(g1_0.id)>0 from grades g1_0 where g1_0.student_id=?
2026-10-01T09:54:36.179+07:00 DEBUG 14708 --- [school-manager] [restartedMain] org.hibernate.SQL                        : select count(g1_0.id)>0 from grades g1_0 where g1_0.student_id=?
2026-10-01T09:54:36.186+07:00 DEBUG 14708 --- [school-manager] [restartedMain] org.hibernate.SQL                        : select count(g1_0.id)>0 from grades g1_0 where g1_0.student_id=?
2026-10-01T09:54:36.193+07:00 DEBUG 14708 --- [school-manager] [restartedMain] org.hibernate.SQL                        : select count(g1_0.id)>0 from grades g1_0 where g1_0.student_id=?
2026-10-01T09:54:36.203+07:00 DEBUG 14708 --- [school-manager] [restartedMain] org.hibernate.SQL                        : select count(g1_0.id)>0 from grades g1_0 where g1_0.student_id=?
2026-10-01T09:54:36.215+07:00 DEBUG 14708 --- [school-manager] [restartedMain] org.hibernate.SQL                        : select count(g1_0.id)>0 from grades g1_0 where g1_0.student_id=?
2026-10-01T09:54:36.218+07:00 DEBUG 14708 --- [school-manager] [restartedMain] org.hibernate.SQL                        : select count(g1_0.id)>0 from grades g1_0 where g1_0.student_id=?
2026-10-01T09:54:36.222+07:00 DEBUG 14708 --- [school-manager] [restartedMain] org.hibernate.SQL                        : select count(g1_0.id)>0 from grades g1_0 where g1_0.student_id=?
2026-10-01T09:54:36.227+07:00 DEBUG 14708 --- [school-manager] [restartedMain] org.hibernate.SQL                        : select count(g1_0.id)>0 from grades g1_0 where g1_0.student_id=?
2026-10-01T09:54:36.233+07:00 DEBUG 14708 --- [school-manager] [restartedMain] org.hibernate.SQL                        : select count(g1_0.id)>0 from grades g1_0 where g1_0.student_id=?
2026-10-01T09:54:36.237+07:00 DEBUG 14708 --- [school-manager] [restartedMain] org.hibernate.SQL                        : select count(g1_0.id)>0 from grades g1_0 where g1_0.student_id=?
2026-10-01T09:54:36.242+07:00 DEBUG 14708 --- [school-manager] [restartedMain] org.hibernate.SQL                        : select count(g1_0.id)>0 from grades g1_0 where g1_0.student_id=?
2026-10-01T09:54:36.248+07:00 DEBUG 14708 --- [school-manager] [restartedMain] org.hibernate.SQL                        : select count(g1_0.id)>0 from grades g1_0 where g1_0.student_id=?
2026-10-01T09:54:36.253+07:00 DEBUG 14708 --- [school-manager] [restartedMain] org.hibernate.SQL                        : select count(g1_0.id)>0 from grades g1_0 where g1_0.student_id=?
2026-10-01T09:54:36.257+07:00 DEBUG 14708 --- [school-manager] [restartedMain] org.hibernate.SQL                        : select count(g1_0.id)>0 from grades g1_0 where g1_0.student_id=?
2026-10-01T09:54:36.263+07:00 DEBUG 14708 --- [school-manager] [restartedMain] org.hibernate.SQL                        : select count(g1_0.id)>0 from grades g1_0 where g1_0.student_id=?
2026-10-01T09:54:36.267+07:00 DEBUG 14708 --- [school-manager] [restartedMain] org.hibernate.SQL                        : select count(g1_0.id)>0 from grades g1_0 where g1_0.student_id=?
2026-10-01T09:54:36.272+07:00 DEBUG 14708 --- [school-manager] [restartedMain] org.hibernate.SQL                        : select count(g1_0.id)>0 from grades g1_0 where g1_0.student_id=?
2026-10-01T09:54:36.277+07:00 DEBUG 14708 --- [school-manager] [restartedMain] org.hibernate.SQL                        : select count(g1_0.id)>0 from grades g1_0 where g1_0.student_id=?
2026-10-01T09:54:36.281+07:00 DEBUG 14708 --- [school-manager] [restartedMain] org.hibernate.SQL                        : select count(g1_0.id)>0 from grades g1_0 where g1_0.student_id=?
2026-10-01T09:54:36.284+07:00 DEBUG 14708 --- [school-manager] [restartedMain] org.hibernate.SQL                        : select count(g1_0.id)>0 from grades g1_0 where g1_0.student_id=?
2026-10-01T09:54:36.287+07:00 DEBUG 14708 --- [school-manager] [restartedMain] org.hibernate.SQL                        : select count(g1_0.id)>0 from grades g1_0 where g1_0.student_id=?
2026-10-01T09:54:36.291+07:00 DEBUG 14708 --- [school-manager] [restartedMain] org.hibernate.SQL                        : select count(g1_0.id)>0 from grades g1_0 where g1_0.student_id=?
2026-10-01T09:54:36.295+07:00 DEBUG 14708 --- [school-manager] [restartedMain] org.hibernate.SQL                        : select count(g1_0.id)>0 from grades g1_0 where g1_0.student_id=?
2026-10-01T09:54:36.298+07:00 DEBUG 14708 --- [school-manager] [restartedMain] org.hibernate.SQL                        : select count(g1_0.id)>0 from grades g1_0 where g1_0.student_id=?
2026-10-01T09:54:36.302+07:00 DEBUG 14708 --- [school-manager] [restartedMain] org.hibernate.SQL                        : select count(g1_0.id)>0 from grades g1_0 where g1_0.student_id=?
2026-10-01T09:54:36.306+07:00 DEBUG 14708 --- [school-manager] [restartedMain] org.hibernate.SQL                        : select count(g1_0.id)>0 from grades g1_0 where g1_0.student_id=?
2026-10-01T09:54:36.312+07:00 DEBUG 14708 --- [school-manager] [restartedMain] org.hibernate.SQL                        : select count(g1_0.id)>0 from grades g1_0 where g1_0.student_id=?
2026-10-01T09:54:36.316+07:00 DEBUG 14708 --- [school-manager] [restartedMain] org.hibernate.SQL                        : select count(g1_0.id)>0 from grades g1_0 where g1_0.student_id=?
2026-10-01T09:54:36.321+07:00 DEBUG 14708 --- [school-manager] [restartedMain] org.hibernate.SQL                        : select count(g1_0.id)>0 from grades g1_0 where g1_0.student_id=?
2026-10-01T09:54:36.328+07:00 DEBUG 14708 --- [school-manager] [restartedMain] org.hibernate.SQL                        : select count(g1_0.id)>0 from grades g1_0 where g1_0.student_id=?
2026-10-01T09:54:36.332+07:00 DEBUG 14708 --- [school-manager] [restartedMain] org.hibernate.SQL                        : select count(g1_0.id)>0 from grades g1_0 where g1_0.student_id=?
2026-10-01T09:54:36.337+07:00 DEBUG 14708 --- [school-manager] [restartedMain] org.hibernate.SQL                        : select count(g1_0.id)>0 from grades g1_0 where g1_0.student_id=?
2026-10-01T09:54:36.344+07:00 DEBUG 14708 --- [school-manager] [restartedMain] org.hibernate.SQL                        : select count(g1_0.id)>0 from grades g1_0 where g1_0.student_id=?
2026-10-01T09:54:36.349+07:00 DEBUG 14708 --- [school-manager] [restartedMain] org.hibernate.SQL                        : select count(g1_0.id)>0 from grades g1_0 where g1_0.student_id=?
2026-10-01T09:54:36.356+07:00 DEBUG 14708 --- [school-manager] [restartedMain] org.hibernate.SQL                        : select count(g1_0.id)>0 from grades g1_0 where g1_0.student_id=?
2026-10-01T09:54:36.364+07:00 DEBUG 14708 --- [school-manager] [restartedMain] org.hibernate.SQL                        : select count(g1_0.id)>0 from grades g1_0 where g1_0.student_id=?
2026-10-01T09:54:36.371+07:00 DEBUG 14708 --- [school-manager] [restartedMain] org.hibernate.SQL                        : select count(g1_0.id)>0 from grades g1_0 where g1_0.student_id=?
2026-10-01T09:54:36.376+07:00 DEBUG 14708 --- [school-manager] [restartedMain] org.hibernate.SQL                        : select count(g1_0.id)>0 from grades g1_0 where g1_0.student_id=?
2026-10-01T09:54:36.383+07:00 DEBUG 14708 --- [school-manager] [restartedMain] org.hibernate.SQL                        : select count(g1_0.id)>0 from grades g1_0 where g1_0.student_id=?
2026-10-01T09:54:36.389+07:00 DEBUG 14708 --- [school-manager] [restartedMain] org.hibernate.SQL                        : select count(g1_0.id)>0 from grades g1_0 where g1_0.student_id=?
2026-10-01T09:54:36.394+07:00 DEBUG 14708 --- [school-manager] [restartedMain] org.hibernate.SQL                        : select count(g1_0.id)>0 from grades g1_0 where g1_0.student_id=?
2026-10-01T09:54:36.400+07:00 DEBUG 14708 --- [school-manager] [restartedMain] org.hibernate.SQL                        : select count(g1_0.id)>0 from grades g1_0 where g1_0.student_id=?
2026-10-01T09:54:36.404+07:00 DEBUG 14708 --- [school-manager] [restartedMain] org.hibernate.SQL                        : select count(g1_0.id)>0 from grades g1_0 where g1_0.student_id=?
2026-10-01T09:54:36.409+07:00 DEBUG 14708 --- [school-manager] [restartedMain] org.hibernate.SQL                        : select count(g1_0.id)>0 from grades g1_0 where g1_0.student_id=?
2026-10-01T09:54:36.415+07:00 DEBUG 14708 --- [school-manager] [restartedMain] org.hibernate.SQL                        : select count(g1_0.id)>0 from grades g1_0 where g1_0.student_id=?
2026-10-01T09:54:36.418+07:00 DEBUG 14708 --- [school-manager] [restartedMain] org.hibernate.SQL                        : select count(g1_0.id)>0 from grades g1_0 where g1_0.student_id=?
2026-10-01T09:54:36.421+07:00 DEBUG 14708 --- [school-manager] [restartedMain] org.hibernate.SQL                        : select count(g1_0.id)>0 from grades g1_0 where g1_0.student_id=?
2026-10-01T09:54:36.425+07:00 DEBUG 14708 --- [school-manager] [restartedMain] org.hibernate.SQL                        : select count(g1_0.id)>0 from grades g1_0 where g1_0.student_id=?
2026-10-01T09:54:36.428+07:00 DEBUG 14708 --- [school-manager] [restartedMain] org.hibernate.SQL                        : select count(g1_0.id)>0 from grades g1_0 where g1_0.student_id=?
2026-10-01T09:54:36.431+07:00 DEBUG 14708 --- [school-manager] [restartedMain] org.hibernate.SQL                        : select count(g1_0.id)>0 from grades g1_0 where g1_0.student_id=?
2026-10-01T09:54:36.433+07:00 DEBUG 14708 --- [school-manager] [restartedMain] org.hibernate.SQL                        : select count(g1_0.id)>0 from grades g1_0 where g1_0.student_id=?
2026-10-01T09:54:36.435+07:00 DEBUG 14708 --- [school-manager] [restartedMain] org.hibernate.SQL                        : select count(g1_0.id)>0 from grades g1_0 where g1_0.student_id=?
2026-10-01T09:54:36.438+07:00 DEBUG 14708 --- [school-manager] [restartedMain] org.hibernate.SQL                        : select count(g1_0.id)>0 from grades g1_0 where g1_0.student_id=?
2026-10-01T09:54:36.440+07:00 DEBUG 14708 --- [school-manager] [restartedMain] org.hibernate.SQL                        : select count(g1_0.id)>0 from grades g1_0 where g1_0.student_id=?
2026-10-01T09:54:36.446+07:00 DEBUG 14708 --- [school-manager] [restartedMain] org.hibernate.SQL                        : select count(g1_0.id)>0 from grades g1_0 where g1_0.student_id=?
2026-10-01T09:54:36.452+07:00 DEBUG 14708 --- [school-manager] [restartedMain] org.hibernate.SQL                        : select count(g1_0.id)>0 from grades g1_0 where g1_0.student_id=?
2026-10-01T09:54:36.456+07:00 DEBUG 14708 --- [school-manager] [restartedMain] org.hibernate.SQL                        : select count(g1_0.id)>0 from grades g1_0 where g1_0.student_id=?
2026-10-01T09:54:36.461+07:00 DEBUG 14708 --- [school-manager] [restartedMain] org.hibernate.SQL                        : select count(g1_0.id)>0 from grades g1_0 where g1_0.student_id=?
2026-10-01T09:54:36.467+07:00 DEBUG 14708 --- [school-manager] [restartedMain] org.hibernate.SQL                        : select count(g1_0.id)>0 from grades g1_0 where g1_0.student_id=?
2026-10-01T09:54:36.470+07:00 DEBUG 14708 --- [school-manager] [restartedMain] org.hibernate.SQL                        : select count(g1_0.id)>0 from grades g1_0 where g1_0.student_id=?
2026-10-01T09:54:36.473+07:00 DEBUG 14708 --- [school-manager] [restartedMain] org.hibernate.SQL                        : select count(g1_0.id)>0 from grades g1_0 where g1_0.student_id=?
2026-10-01T09:54:36.476+07:00 DEBUG 14708 --- [school-manager] [restartedMain] org.hibernate.SQL                        : select count(g1_0.id)>0 from grades g1_0 where g1_0.student_id=?
2026-10-01T09:54:36.479+07:00 DEBUG 14708 --- [school-manager] [restartedMain] org.hibernate.SQL                        : select count(g1_0.id)>0 from grades g1_0 where g1_0.student_id=?
2026-10-01T09:54:36.482+07:00 DEBUG 14708 --- [school-manager] [restartedMain] org.hibernate.SQL                        : select count(g1_0.id)>0 from grades g1_0 where g1_0.student_id=?
2026-10-01T09:54:36.484+07:00 DEBUG 14708 --- [school-manager] [restartedMain] org.hibernate.SQL                        : select count(g1_0.id)>0 from grades g1_0 where g1_0.student_id=?
2026-10-01T09:54:36.487+07:00 DEBUG 14708 --- [school-manager] [restartedMain] org.hibernate.SQL                        : select count(g1_0.id)>0 from grades g1_0 where g1_0.student_id=?
2026-10-01T09:54:36.489+07:00 DEBUG 14708 --- [school-manager] [restartedMain] org.hibernate.SQL                        : select count(g1_0.id)>0 from grades g1_0 where g1_0.student_id=?
2026-10-01T09:54:36.491+07:00 DEBUG 14708 --- [school-manager] [restartedMain] org.hibernate.SQL                        : select count(g1_0.id)>0 from grades g1_0 where g1_0.student_id=?
2026-10-01T09:54:36.494+07:00 DEBUG 14708 --- [school-manager] [restartedMain] org.hibernate.SQL                        : select count(g1_0.id)>0 from grades g1_0 where g1_0.student_id=?
2026-10-01T09:54:36.496+07:00 DEBUG 14708 --- [school-manager] [restartedMain] org.hibernate.SQL                        : select count(g1_0.id)>0 from grades g1_0 where g1_0.student_id=?
2026-10-01T09:54:36.499+07:00 DEBUG 14708 --- [school-manager] [restartedMain] org.hibernate.SQL                        : select count(g1_0.id)>0 from grades g1_0 where g1_0.student_id=?
2026-10-01T09:54:36.501+07:00 DEBUG 14708 --- [school-manager] [restartedMain] org.hibernate.SQL                        : select count(g1_0.id)>0 from grades g1_0 where g1_0.student_id=?
2026-10-01T09:54:36.503+07:00 DEBUG 14708 --- [school-manager] [restartedMain] org.hibernate.SQL                        : select count(g1_0.id)>0 from grades g1_0 where g1_0.student_id=?
2026-10-01T09:54:36.506+07:00 DEBUG 14708 --- [school-manager] [restartedMain] org.hibernate.SQL                        : select count(g1_0.id)>0 from grades g1_0 where g1_0.student_id=?
2026-10-01T09:54:36.509+07:00 DEBUG 14708 --- [school-manager] [restartedMain] org.hibernate.SQL                        : select count(g1_0.id)>0 from grades g1_0 where g1_0.student_id=?
2026-10-01T09:54:36.514+07:00 DEBUG 14708 --- [school-manager] [restartedMain] org.hibernate.SQL                        : select count(g1_0.id)>0 from grades g1_0 where g1_0.student_id=?
2026-10-01T09:54:36.519+07:00 DEBUG 14708 --- [school-manager] [restartedMain] org.hibernate.SQL                        : select count(g1_0.id)>0 from grades g1_0 where g1_0.student_id=?
2026-10-01T09:54:36.528+07:00 DEBUG 14708 --- [school-manager] [restartedMain] org.hibernate.SQL                        : select count(g1_0.id)>0 from grades g1_0 where g1_0.student_id=?
2026-10-01T09:54:36.533+07:00 DEBUG 14708 --- [school-manager] [restartedMain] org.hibernate.SQL                        : select count(g1_0.id)>0 from grades g1_0 where g1_0.student_id=?
2026-10-01T09:54:36.539+07:00 DEBUG 14708 --- [school-manager] [restartedMain] org.hibernate.SQL                        : select count(g1_0.id)>0 from grades g1_0 where g1_0.student_id=?
2026-10-01T09:54:36.545+07:00 DEBUG 14708 --- [school-manager] [restartedMain] org.hibernate.SQL                        : select count(g1_0.id)>0 from grades g1_0 where g1_0.student_id=?
2026-10-01T09:54:36.550+07:00 DEBUG 14708 --- [school-manager] [restartedMain] org.hibernate.SQL                        : select count(g1_0.id)>0 from grades g1_0 where g1_0.student_id=?
2026-10-01T09:54:36.555+07:00 DEBUG 14708 --- [school-manager] [restartedMain] org.hibernate.SQL                        : select count(g1_0.id)>0 from grades g1_0 where g1_0.student_id=?
2026-10-01T09:54:36.560+07:00 DEBUG 14708 --- [school-manager] [restartedMain] org.hibernate.SQL                        : select count(g1_0.id)>0 from grades g1_0 where g1_0.student_id=?
2026-10-01T09:54:36.567+07:00 DEBUG 14708 --- [school-manager] [restartedMain] org.hibernate.SQL                        : select count(g1_0.id)>0 from grades g1_0 where g1_0.student_id=?
2026-10-01T09:54:36.570+07:00 DEBUG 14708 --- [school-manager] [restartedMain] org.hibernate.SQL                        : select count(g1_0.id)>0 from grades g1_0 where g1_0.student_id=?
2026-10-01T09:54:36.575+07:00 DEBUG 14708 --- [school-manager] [restartedMain] org.hibernate.SQL                        : select count(g1_0.id)>0 from grades g1_0 where g1_0.student_id=?
2026-10-01T09:54:36.581+07:00 DEBUG 14708 --- [school-manager] [restartedMain] org.hibernate.SQL                        : select count(g1_0.id)>0 from grades g1_0 where g1_0.student_id=?
2026-10-01T09:54:36.585+07:00 DEBUG 14708 --- [school-manager] [restartedMain] org.hibernate.SQL                        : select count(g1_0.id)>0 from grades g1_0 where g1_0.student_id=?
2026-10-01T09:54:36.589+07:00 DEBUG 14708 --- [school-manager] [restartedMain] org.hibernate.SQL                        : select count(g1_0.id)>0 from grades g1_0 where g1_0.student_id=?
2026-10-01T09:54:36.594+07:00 DEBUG 14708 --- [school-manager] [restartedMain] org.hibernate.SQL                        : select count(g1_0.id)>0 from grades g1_0 where g1_0.student_id=?
2026-10-01T09:54:36.600+07:00 DEBUG 14708 --- [school-manager] [restartedMain] org.hibernate.SQL                        : select count(g1_0.id)>0 from grades g1_0 where g1_0.student_id=?
2026-10-01T09:54:36.605+07:00 DEBUG 14708 --- [school-manager] [restartedMain] org.hibernate.SQL                        : select count(g1_0.id)>0 from grades g1_0 where g1_0.student_id=?
2026-10-01T09:54:36.612+07:00 DEBUG 14708 --- [school-manager] [restartedMain] org.hibernate.SQL                        : select count(g1_0.id)>0 from grades g1_0 where g1_0.student_id=?
2026-10-01T09:54:36.617+07:00 DEBUG 14708 --- [school-manager] [restartedMain] org.hibernate.SQL                        : select count(g1_0.id)>0 from grades g1_0 where g1_0.student_id=?
2026-10-01T09:54:36.620+07:00 DEBUG 14708 --- [school-manager] [restartedMain] org.hibernate.SQL                        : select count(g1_0.id)>0 from grades g1_0 where g1_0.student_id=?
2026-10-01T09:54:36.624+07:00 DEBUG 14708 --- [school-manager] [restartedMain] org.hibernate.SQL                        : select count(g1_0.id)>0 from grades g1_0 where g1_0.student_id=?
2026-10-01T09:54:36.629+07:00 DEBUG 14708 --- [school-manager] [restartedMain] org.hibernate.SQL                        : select count(g1_0.id)>0 from grades g1_0 where g1_0.student_id=?
2026-10-01T09:54:36.632+07:00 DEBUG 14708 --- [school-manager] [restartedMain] org.hibernate.SQL                        : select count(g1_0.id)>0 from grades g1_0 where g1_0.student_id=?
2026-10-01T09:54:36.635+07:00 DEBUG 14708 --- [school-manager] [restartedMain] org.hibernate.SQL                        : select count(g1_0.id)>0 from grades g1_0 where g1_0.student_id=?
2026-10-01T09:54:36.638+07:00 DEBUG 14708 --- [school-manager] [restartedMain] org.hibernate.SQL                        : select count(g1_0.id)>0 from grades g1_0 where g1_0.student_id=?
2026-10-01T09:54:36.641+07:00 DEBUG 14708 --- [school-manager] [restartedMain] org.hibernate.SQL                        : select count(g1_0.id)>0 from grades g1_0 where g1_0.student_id=?
2026-10-01T09:54:36.644+07:00 DEBUG 14708 --- [school-manager] [restartedMain] org.hibernate.SQL                        : select count(g1_0.id)>0 from grades g1_0 where g1_0.student_id=?
2026-10-01T09:54:36.647+07:00 DEBUG 14708 --- [school-manager] [restartedMain] org.hibernate.SQL                        : select count(g1_0.id)>0 from grades g1_0 where g1_0.student_id=?
2026-10-01T09:54:36.649+07:00 DEBUG 14708 --- [school-manager] [restartedMain] org.hibernate.SQL                        : select count(g1_0.id)>0 from grades g1_0 where g1_0.student_id=?
2026-10-01T09:54:36.651+07:00 DEBUG 14708 --- [school-manager] [restartedMain] org.hibernate.SQL                        : select count(g1_0.id)>0 from grades g1_0 where g1_0.student_id=?
2026-10-01T09:54:36.653+07:00 DEBUG 14708 --- [school-manager] [restartedMain] org.hibernate.SQL                        : select count(g1_0.id)>0 from grades g1_0 where g1_0.student_id=?
2026-10-01T09:54:36.656+07:00 DEBUG 14708 --- [school-manager] [restartedMain] org.hibernate.SQL                        : select count(g1_0.id)>0 from grades g1_0 where g1_0.student_id=?
2026-10-01T09:54:36.659+07:00 DEBUG 14708 --- [school-manager] [restartedMain] org.hibernate.SQL                        : select count(g1_0.id)>0 from grades g1_0 where g1_0.student_id=?
2026-10-01T09:54:36.661+07:00 DEBUG 14708 --- [school-manager] [restartedMain] org.hibernate.SQL                        : select count(g1_0.id)>0 from grades g1_0 where g1_0.student_id=?
2026-10-01T09:54:36.663+07:00 DEBUG 14708 --- [school-manager] [restartedMain] org.hibernate.SQL                        : select count(g1_0.id)>0 from grades g1_0 where g1_0.student_id=?
2026-10-01T09:54:36.665+07:00 DEBUG 14708 --- [school-manager] [restartedMain] org.hibernate.SQL                        : select count(g1_0.id)>0 from grades g1_0 where g1_0.student_id=?
2026-10-01T09:54:36.668+07:00 DEBUG 14708 --- [school-manager] [restartedMain] org.hibernate.SQL                        : select count(g1_0.id)>0 from grades g1_0 where g1_0.student_id=?
2026-10-01T09:54:36.671+07:00 DEBUG 14708 --- [school-manager] [restartedMain] org.hibernate.SQL                        : select count(g1_0.id)>0 from grades g1_0 where g1_0.student_id=?
2026-10-01T09:54:36.674+07:00 DEBUG 14708 --- [school-manager] [restartedMain] org.hibernate.SQL                        : select count(g1_0.id)>0 from grades g1_0 where g1_0.student_id=?
2026-10-01T09:54:36.677+07:00 DEBUG 14708 --- [school-manager] [restartedMain] org.hibernate.SQL                        : select count(g1_0.id)>0 from grades g1_0 where g1_0.student_id=?
2026-10-01T09:54:36.679+07:00 DEBUG 14708 --- [school-manager] [restartedMain] org.hibernate.SQL                        : select count(g1_0.id)>0 from grades g1_0 where g1_0.student_id=?
2026-10-01T09:54:36.681+07:00 DEBUG 14708 --- [school-manager] [restartedMain] org.hibernate.SQL                        : select count(g1_0.id)>0 from grades g1_0 where g1_0.student_id=?
2026-10-01T09:54:36.685+07:00 DEBUG 14708 --- [school-manager] [restartedMain] org.hibernate.SQL                        : select count(g1_0.id)>0 from grades g1_0 where g1_0.student_id=?
2026-10-01T09:54:36.687+07:00 DEBUG 14708 --- [school-manager] [restartedMain] org.hibernate.SQL                        : select count(g1_0.id)>0 from grades g1_0 where g1_0.student_id=?
2026-10-01T09:54:36.689+07:00 DEBUG 14708 --- [school-manager] [restartedMain] org.hibernate.SQL                        : select count(g1_0.id)>0 from grades g1_0 where g1_0.student_id=?
2026-10-01T09:54:36.691+07:00 DEBUG 14708 --- [school-manager] [restartedMain] org.hibernate.SQL                        : select count(g1_0.id)>0 from grades g1_0 where g1_0.student_id=?
2026-10-01T09:54:36.692+07:00 DEBUG 14708 --- [school-manager] [restartedMain] org.hibernate.SQL                        : select count(g1_0.id)>0 from grades g1_0 where g1_0.student_id=?
2026-10-01T09:54:36.695+07:00 DEBUG 14708 --- [school-manager] [restartedMain] org.hibernate.SQL                        : select count(g1_0.id)>0 from grades g1_0 where g1_0.student_id=?
2026-10-01T09:54:36.697+07:00 DEBUG 14708 --- [school-manager] [restartedMain] org.hibernate.SQL                        : select count(g1_0.id)>0 from grades g1_0 where g1_0.student_id=?
2026-10-01T09:54:36.699+07:00 DEBUG 14708 --- [school-manager] [restartedMain] org.hibernate.SQL                        : select count(g1_0.id)>0 from grades g1_0 where g1_0.student_id=?
2026-10-01T09:54:36.701+07:00 DEBUG 14708 --- [school-manager] [restartedMain] org.hibernate.SQL                        : select count(g1_0.id)>0 from grades g1_0 where g1_0.student_id=?
2026-10-01T09:54:36.703+07:00 DEBUG 14708 --- [school-manager] [restartedMain] org.hibernate.SQL                        : select count(g1_0.id)>0 from grades g1_0 where g1_0.student_id=?
2026-10-01T09:54:36.705+07:00 DEBUG 14708 --- [school-manager] [restartedMain] org.hibernate.SQL                        : select count(g1_0.id)>0 from grades g1_0 where g1_0.student_id=?
2026-10-01T09:54:36.706+07:00 DEBUG 14708 --- [school-manager] [restartedMain] org.hibernate.SQL                        : select count(g1_0.id)>0 from grades g1_0 where g1_0.student_id=?
2026-10-01T09:54:36.708+07:00 DEBUG 14708 --- [school-manager] [restartedMain] org.hibernate.SQL                        : select count(g1_0.id)>0 from grades g1_0 where g1_0.student_id=?
2026-10-01T09:54:36.711+07:00 DEBUG 14708 --- [school-manager] [restartedMain] org.hibernate.SQL                        : select count(g1_0.id)>0 from grades g1_0 where g1_0.student_id=?
2026-10-01T09:54:36.715+07:00 DEBUG 14708 --- [school-manager] [restartedMain] org.hibernate.SQL                        : select count(g1_0.id)>0 from grades g1_0 where g1_0.student_id=?
2026-10-01T09:54:36.718+07:00 DEBUG 14708 --- [school-manager] [restartedMain] org.hibernate.SQL                        : select count(g1_0.id)>0 from grades g1_0 where g1_0.student_id=?
2026-10-01T09:54:36.721+07:00 DEBUG 14708 --- [school-manager] [restartedMain] org.hibernate.SQL                        : select count(g1_0.id)>0 from grades g1_0 where g1_0.student_id=?
2026-10-01T09:54:36.735+07:00 DEBUG 14708 --- [school-manager] [restartedMain] org.hibernate.SQL                        : insert into grades (english,english_final,english_m15,english_mid,english_oral,gpa,literature,literature_final,literature_m15,literature_mid,literature_oral,math,math_final,math_m15,math_mid,math_oral,student_code,student_id) values (?,?,?,?,?,?,?,?,?,?,?,?,?,?,?,?,?,?)
2026-10-01T09:54:36.850+07:00  WARN 14708 --- [school-manager] [restartedMain] o.h.engine.jdbc.spi.SqlExceptionHelper   : SQL Error: 1452, SQLState: 23000
2026-10-01T09:54:36.850+07:00 ERROR 14708 --- [school-manager] [restartedMain] o.h.engine.jdbc.spi.SqlExceptionHelper   : Cannot add or update a child row: a foreign key constraint fails (`school_db`.`grades`, CONSTRAINT `fk_grade_student_code` FOREIGN KEY (`student_id`) REFERENCES `members` (`code`) ON DELETE CASCADE)
2026-10-01T09:54:36.863+07:00  INFO 14708 --- [school-manager] [restartedMain] .s.b.a.l.ConditionEvaluationReportLogger : 

Error starting ApplicationContext. To display the condition evaluation report re-run your application with 'debug' enabled.
2026-10-01T09:54:36.885+07:00 ERROR 14708 --- [school-manager] [restartedMain] o.s.boot.SpringApplication               : Application run failed

org.springframework.dao.DataIntegrityViolationException: could not execute statement [Cannot add or update a child row: a foreign key constraint fails (`school_db`.`grades`, CONSTRAINT `fk_grade_student_code` FOREIGN KEY (`student_id`) REFERENCES `members` (`code`) ON DELETE CASCADE)] [insert into grades (english,english_final,english_m15,english_mid,english_oral,gpa,literature,literature_final,literature_m15,literature_mid,literature_oral,math,math_final,math_m15,math_mid,math_oral,student_code,student_id) values (?,?,?,?,?,?,?,?,?,?,?,?,?,?,?,?,?,?)]; SQL [insert into grades (english,english_final,english_m15,english_mid,english_oral,gpa,literature,literature_final,literature_m15,literature_mid,literature_oral,math,math_final,math_m15,math_mid,math_oral,student_code,student_id) values (?,?,?,?,?,?,?,?,?,?,?,?,?,?,?,?,?,?)]; constraint [null]
	at org.springframework.orm.jpa.vendor.HibernateJpaDialect.convertHibernateAccessException(HibernateJpaDialect.java:290) ~[spring-orm-6.2.2.jar:6.2.2]
	at org.springframework.orm.jpa.vendor.HibernateJpaDialect.translateExceptionIfPossible(HibernateJpaDialect.java:241) ~[spring-orm-6.2.2.jar:6.2.2]
	at org.springframework.orm.jpa.AbstractEntityManagerFactoryBean.translateExceptionIfPossible(AbstractEntityManagerFactoryBean.java:560) ~[spring-orm-6.2.2.jar:6.2.2]
	at org.springframework.dao.support.ChainedPersistenceExceptionTranslator.translateExceptionIfPossible(ChainedPersistenceExceptionTranslator.java:61) ~[spring-tx-6.2.2.jar:6.2.2]
	at org.springframework.dao.support.DataAccessUtils.translateIfNecessary(DataAccessUtils.java:343) ~[spring-tx-6.2.2.jar:6.2.2]
	at org.springframework.dao.support.PersistenceExceptionTranslationInterceptor.invoke(PersistenceExceptionTranslationInterceptor.java:160) ~[spring-tx-6.2.2.jar:6.2.2]
	at org.springframework.aop.framework.ReflectiveMethodInvocation.proceed(ReflectiveMethodInvocation.java:184) ~[spring-aop-6.2.2.jar:6.2.2]
	at org.springframework.data.jpa.repository.support.CrudMethodMetadataPostProcessor$CrudMethodMetadataPopulatingMethodInterceptor.invoke(CrudMethodMetadataPostProcessor.java:165) ~[spring-data-jpa-3.4.2.jar:3.4.2]
	at org.springframework.aop.framework.ReflectiveMethodInvocation.proceed(ReflectiveMethodInvocation.java:184) ~[spring-aop-6.2.2.jar:6.2.2]
	at org.springframework.aop.framework.JdkDynamicAopProxy.invoke(JdkDynamicAopProxy.java:223) ~[spring-aop-6.2.2.jar:6.2.2]
	at jdk.proxy4/jdk.proxy4.$Proxy146.saveAll(Unknown Source) ~[na:na]
	at com.school.manager.config.DatabaseSeeder.lambda$initDatabase$6(DatabaseSeeder.java:351) ~[classes/:na]
	at org.springframework.boot.SpringApplication.lambda$callRunner$5(SpringApplication.java:788) ~[spring-boot-3.4.2.jar:3.4.2]
	at org.springframework.util.function.ThrowingConsumer$1.acceptWithException(ThrowingConsumer.java:82) ~[spring-core-6.2.2.jar:6.2.2]
	at org.springframework.util.function.ThrowingConsumer.accept(ThrowingConsumer.java:60) ~[spring-core-6.2.2.jar:6.2.2]
	at org.springframework.util.function.ThrowingConsumer$1.accept(ThrowingConsumer.java:86) ~[spring-core-6.2.2.jar:6.2.2]
	at org.springframework.boot.SpringApplication.callRunner(SpringApplication.java:796) ~[spring-boot-3.4.2.jar:3.4.2]
	at org.springframework.boot.SpringApplication.callRunner(SpringApplication.java:787) ~[spring-boot-3.4.2.jar:3.4.2]
	at org.springframework.boot.SpringApplication.lambda$callRunners$3(SpringApplication.java:772) ~[spring-boot-3.4.2.jar:3.4.2]
	at java.base/java.util.stream.ForEachOps$ForEachOp$OfRef.accept(ForEachOps.java:184) ~[na:na]
	at java.base/java.util.stream.SortedOps$SizedRefSortingSink.end(SortedOps.java:357) ~[na:na]
	at java.base/java.util.stream.AbstractPipeline.copyInto(AbstractPipeline.java:510) ~[na:na]
	at java.base/java.util.stream.AbstractPipeline.wrapAndCopyInto(AbstractPipeline.java:499) ~[na:na]
	at java.base/java.util.stream.ForEachOps$ForEachOp.evaluateSequential(ForEachOps.java:151) ~[na:na]
	at java.base/java.util.stream.ForEachOps$ForEachOp$OfRef.evaluateSequential(ForEachOps.java:174) ~[na:na]
	at java.base/java.util.stream.AbstractPipeline.evaluate(AbstractPipeline.java:234) ~[na:na]
	at java.base/java.util.stream.ReferencePipeline.forEach(ReferencePipeline.java:596) ~[na:na]
	at org.springframework.boot.SpringApplication.callRunners(SpringApplication.java:772) ~[spring-boot-3.4.2.jar:3.4.2]
	at org.springframework.boot.SpringApplication.run(SpringApplication.java:325) ~[spring-boot-3.4.2.jar:3.4.2]
	at org.springframework.boot.SpringApplication.run(SpringApplication.java:1361) ~[spring-boot-3.4.2.jar:3.4.2]
	at org.springframework.boot.SpringApplication.run(SpringApplication.java:1350) ~[spring-boot-3.4.2.jar:3.4.2]
	at com.school.manager.SchoolManagerApplication.main(SchoolManagerApplication.java:11) ~[classes/:na]
	at java.base/jdk.internal.reflect.DirectMethodHandleAccessor.invoke(DirectMethodHandleAccessor.java:103) ~[na:na]
	at java.base/java.lang.reflect.Method.invoke(Method.java:580) ~[na:na]
	at org.springframework.boot.devtools.restart.RestartLauncher.run(RestartLauncher.java:50) ~[spring-boot-devtools-3.4.2.jar:3.4.2]
Caused by: org.hibernate.exception.ConstraintViolationException: could not execute statement [Cannot add or update a child row: a foreign key constraint fails (`school_db`.`grades`, CONSTRAINT `fk_grade_student_code` FOREIGN KEY (`student_id`) REFERENCES `members` (`code`) ON DELETE CASCADE)] [insert into grades (english,english_final,english_m15,english_mid,english_oral,gpa,literature,literature_final,literature_m15,literature_mid,literature_oral,math,math_final,math_m15,math_mid,math_oral,student_code,student_id) values (?,?,?,?,?,?,?,?,?,?,?,?,?,?,?,?,?,?)]
	at org.hibernate.exception.internal.SQLExceptionTypeDelegate.convert(SQLExceptionTypeDelegate.java:62) ~[hibernate-core-6.6.5.Final.jar:6.6.5.Final]
	at org.hibernate.exception.internal.StandardSQLExceptionConverter.convert(StandardSQLExceptionConverter.java:58) ~[hibernate-core-6.6.5.Final.jar:6.6.5.Final]
	at org.hibernate.engine.jdbc.spi.SqlExceptionHelper.convert(SqlExceptionHelper.java:108) ~[hibernate-core-6.6.5.Final.jar:6.6.5.Final]
	at org.hibernate.engine.jdbc.internal.ResultSetReturnImpl.executeUpdate(ResultSetReturnImpl.java:197) ~[hibernate-core-6.6.5.Final.jar:6.6.5.Final]
	at org.hibernate.id.insert.GetGeneratedKeysDelegate.performMutation(GetGeneratedKeysDelegate.java:116) ~[hibernate-core-6.6.5.Final.jar:6.6.5.Final]
	at org.hibernate.engine.jdbc.mutation.internal.MutationExecutorSingleNonBatched.performNonBatchedOperations(MutationExecutorSingleNonBatched.java:47) ~[hibernate-core-6.6.5.Final.jar:6.6.5.Final]
	at org.hibernate.engine.jdbc.mutation.internal.AbstractMutationExecutor.execute(AbstractMutationExecutor.java:55) ~[hibernate-core-6.6.5.Final.jar:6.6.5.Final]
	at org.hibernate.persister.entity.mutation.InsertCoordinatorStandard.doStaticInserts(InsertCoordinatorStandard.java:194) ~[hibernate-core-6.6.5.Final.jar:6.6.5.Final]
	at org.hibernate.persister.entity.mutation.InsertCoordinatorStandard.coordinateInsert(InsertCoordinatorStandard.java:132) ~[hibernate-core-6.6.5.Final.jar:6.6.5.Final]
	at org.hibernate.persister.entity.mutation.InsertCoordinatorStandard.insert(InsertCoordinatorStandard.java:95) ~[hibernate-core-6.6.5.Final.jar:6.6.5.Final]
	at org.hibernate.action.internal.EntityIdentityInsertAction.execute(EntityIdentityInsertAction.java:85) ~[hibernate-core-6.6.5.Final.jar:6.6.5.Final]
	at org.hibernate.engine.spi.ActionQueue.execute(ActionQueue.java:682) ~[hibernate-core-6.6.5.Final.jar:6.6.5.Final]
	at org.hibernate.engine.spi.ActionQueue.addResolvedEntityInsertAction(ActionQueue.java:293) ~[hibernate-core-6.6.5.Final.jar:6.6.5.Final]
	at org.hibernate.engine.spi.ActionQueue.addInsertAction(ActionQueue.java:274) ~[hibernate-core-6.6.5.Final.jar:6.6.5.Final]
	at org.hibernate.engine.spi.ActionQueue.addAction(ActionQueue.java:324) ~[hibernate-core-6.6.5.Final.jar:6.6.5.Final]
	at org.hibernate.event.internal.AbstractSaveEventListener.addInsertAction(AbstractSaveEventListener.java:393) ~[hibernate-core-6.6.5.Final.jar:6.6.5.Final]
	at org.hibernate.event.internal.AbstractSaveEventListener.performSaveOrReplicate(AbstractSaveEventListener.java:307) ~[hibernate-core-6.6.5.Final.jar:6.6.5.Final]
	at org.hibernate.event.internal.AbstractSaveEventListener.performSave(AbstractSaveEventListener.java:223) ~[hibernate-core-6.6.5.Final.jar:6.6.5.Final]
	at org.hibernate.event.internal.AbstractSaveEventListener.saveWithGeneratedId(AbstractSaveEventListener.java:136) ~[hibernate-core-6.6.5.Final.jar:6.6.5.Final]
	at org.hibernate.event.internal.DefaultPersistEventListener.entityIsTransient(DefaultPersistEventListener.java:177) ~[hibernate-core-6.6.5.Final.jar:6.6.5.Final]
	at org.hibernate.event.internal.DefaultPersistEventListener.persist(DefaultPersistEventListener.java:95) ~[hibernate-core-6.6.5.Final.jar:6.6.5.Final]
	at org.hibernate.event.internal.DefaultPersistEventListener.onPersist(DefaultPersistEventListener.java:79) ~[hibernate-core-6.6.5.Final.jar:6.6.5.Final]
	at org.hibernate.event.internal.DefaultPersistEventListener.onPersist(DefaultPersistEventListener.java:55) ~[hibernate-core-6.6.5.Final.jar:6.6.5.Final]
	at org.hibernate.event.service.internal.EventListenerGroupImpl.fireEventOnEachListener(EventListenerGroupImpl.java:127) ~[hibernate-core-6.6.5.Final.jar:6.6.5.Final]
	at org.hibernate.internal.SessionImpl.firePersist(SessionImpl.java:761) ~[hibernate-core-6.6.5.Final.jar:6.6.5.Final]
	at org.hibernate.internal.SessionImpl.persist(SessionImpl.java:745) ~[hibernate-core-6.6.5.Final.jar:6.6.5.Final]
	at java.base/jdk.internal.reflect.DirectMethodHandleAccessor.invoke(DirectMethodHandleAccessor.java:103) ~[na:na]
	at java.base/java.lang.reflect.Method.invoke(Method.java:580) ~[na:na]
	at org.springframework.orm.jpa.SharedEntityManagerCreator$SharedEntityManagerInvocationHandler.invoke(SharedEntityManagerCreator.java:320) ~[spring-orm-6.2.2.jar:6.2.2]
	at jdk.proxy4/jdk.proxy4.$Proxy137.persist(Unknown Source) ~[na:na]
	at org.springframework.data.jpa.repository.support.SimpleJpaRepository.save(SimpleJpaRepository.java:627) ~[spring-data-jpa-3.4.2.jar:3.4.2]
	at org.springframework.data.jpa.repository.support.SimpleJpaRepository.saveAll(SimpleJpaRepository.java:653) ~[spring-data-jpa-3.4.2.jar:3.4.2]
	at java.base/jdk.internal.reflect.DirectMethodHandleAccessor.invoke(DirectMethodHandleAccessor.java:103) ~[na:na]
	at java.base/java.lang.reflect.Method.invoke(Method.java:580) ~[na:na]
	at org.springframework.aop.support.AopUtils.invokeJoinpointUsingReflection(AopUtils.java:359) ~[spring-aop-6.2.2.jar:6.2.2]
	at org.springframework.data.repository.core.support.RepositoryMethodInvoker$RepositoryFragmentMethodInvoker.lambda$new$0(RepositoryMethodInvoker.java:277) ~[spring-data-commons-3.4.2.jar:3.4.2]
	at org.springframework.data.repository.core.support.RepositoryMethodInvoker.doInvoke(RepositoryMethodInvoker.java:170) ~[spring-data-commons-3.4.2.jar:3.4.2]
	at org.springframework.data.repository.core.support.RepositoryMethodInvoker.invoke(RepositoryMethodInvoker.java:158) ~[spring-data-commons-3.4.2.jar:3.4.2]
	at org.springframework.data.repository.core.support.RepositoryComposition$RepositoryFragments.invoke(RepositoryComposition.java:515) ~[spring-data-commons-3.4.2.jar:3.4.2]
	at org.springframework.data.repository.core.support.RepositoryComposition.invoke(RepositoryComposition.java:284) ~[spring-data-commons-3.4.2.jar:3.4.2]
	at org.springframework.data.repository.core.support.RepositoryFactorySupport$ImplementationMethodExecutionInterceptor.invoke(RepositoryFactorySupport.java:752) ~[spring-data-commons-3.4.2.jar:3.4.2]
	at org.springframework.aop.framework.ReflectiveMethodInvocation.proceed(ReflectiveMethodInvocation.java:184) ~[spring-aop-6.2.2.jar:6.2.2]
	at org.springframework.data.repository.core.support.QueryExecutorMethodInterceptor.doInvoke(QueryExecutorMethodInterceptor.java:174) ~[spring-data-commons-3.4.2.jar:3.4.2]
	at org.springframework.data.repository.core.support.QueryExecutorMethodInterceptor.invoke(QueryExecutorMethodInterceptor.java:149) ~[spring-data-commons-3.4.2.jar:3.4.2]
	at org.springframework.aop.framework.ReflectiveMethodInvocation.proceed(ReflectiveMethodInvocation.java:184) ~[spring-aop-6.2.2.jar:6.2.2]
	at org.springframework.data.projection.DefaultMethodInvokingMethodInterceptor.invoke(DefaultMethodInvokingMethodInterceptor.java:69) ~[spring-data-commons-3.4.2.jar:3.4.2]
	at org.springframework.aop.framework.ReflectiveMethodInvocation.proceed(ReflectiveMethodInvocation.java:184) ~[spring-aop-6.2.2.jar:6.2.2]
	at org.springframework.transaction.interceptor.TransactionAspectSupport.invokeWithinTransaction(TransactionAspectSupport.java:380) ~[spring-tx-6.2.2.jar:6.2.2]
	at org.springframework.transaction.interceptor.TransactionInterceptor.invoke(TransactionInterceptor.java:119) ~[spring-tx-6.2.2.jar:6.2.2]
	at org.springframework.aop.framework.ReflectiveMethodInvocation.proceed(ReflectiveMethodInvocation.java:184) ~[spring-aop-6.2.2.jar:6.2.2]
	at org.springframework.dao.support.PersistenceExceptionTranslationInterceptor.invoke(PersistenceExceptionTranslationInterceptor.java:138) ~[spring-tx-6.2.2.jar:6.2.2]
	... 29 common frames omitted
Caused by: java.sql.SQLIntegrityConstraintViolationException: Cannot add or update a child row: a foreign key constraint fails (`school_db`.`grades`, CONSTRAINT `fk_grade_student_code` FOREIGN KEY (`student_id`) REFERENCES `members` (`code`) ON DELETE CASCADE)
	at com.mysql.cj.jdbc.exceptions.SQLError.createSQLException(SQLError.java:109) ~[mysql-connector-j-9.1.0.jar:9.1.0]
	at com.mysql.cj.jdbc.exceptions.SQLExceptionsMapping.translateException(SQLExceptionsMapping.java:114) ~[mysql-connector-j-9.1.0.jar:9.1.0]
	at com.mysql.cj.jdbc.ClientPreparedStatement.executeInternal(ClientPreparedStatement.java:988) ~[mysql-connector-j-9.1.0.jar:9.1.0]
	at com.mysql.cj.jdbc.ClientPreparedStatement.executeUpdateInternal(ClientPreparedStatement.java:1166) ~[mysql-connector-j-9.1.0.jar:9.1.0]
	at com.mysql.cj.jdbc.ClientPreparedStatement.executeUpdateInternal(ClientPreparedStatement.java:1101) ~[mysql-connector-j-9.1.0.jar:9.1.0]
	at com.mysql.cj.jdbc.ClientPreparedStatement.executeLargeUpdate(ClientPreparedStatement.java:1467) ~[mysql-connector-j-9.1.0.jar:9.1.0]
	at com.mysql.cj.jdbc.ClientPreparedStatement.executeUpdate(ClientPreparedStatement.java:1084) ~[mysql-connector-j-9.1.0.jar:9.1.0]
	at com.zaxxer.hikari.pool.ProxyPreparedStatement.executeUpdate(ProxyPreparedStatement.java:61) ~[HikariCP-5.1.0.jar:na]
	at com.zaxxer.hikari.pool.HikariProxyPreparedStatement.executeUpdate(HikariProxyPreparedStatement.java) ~[HikariCP-5.1.0.jar:na]
	at org.hibernate.engine.jdbc.internal.ResultSetReturnImpl.executeUpdate(ResultSetReturnImpl.java:194) ~[hibernate-core-6.6.5.Final.jar:6.6.5.Final]
	... 76 common frames omitted

2026-10-01T09:54:36.893+07:00  INFO 14708 --- [school-manager] [restartedMain] o.s.b.w.e.tomcat.GracefulShutdown        : Commencing graceful shutdown. Waiting for active requests to complete
2026-10-01T09:54:36.897+07:00  INFO 14708 --- [school-manager] [tomcat-shutdown] o.s.b.w.e.tomcat.GracefulShutdown        : Graceful shutdown complete
2026-10-01T09:54:36.900+07:00  INFO 14708 --- [school-manager] [restartedMain] j.LocalContainerEntityManagerFactoryBean : Closing JPA EntityManagerFactory for persistence unit 'default'
2026-10-01T09:54:36.902+07:00  INFO 14708 --- [school-manager] [restartedMain] com.zaxxer.hikari.HikariDataSource       : HikariPool-1 - Shutdown initiated...
2026-10-01T09:54:36.909+07:00  INFO 14708 --- [school-manager] [restartedMain] com.zaxxer.hikari.HikariDataSource       : HikariPool-1 - Shutdown completed.
2026-10-01T09:54:56.919+07:00  INFO 24188 --- [school-manager] [restartedMain] c.s.manager.SchoolManagerApplication     : Starting SchoolManagerApplication using Java 21.0.11 with PID 24188 (C:\Users\phuongpa\Documents\New folder (2)\school-manager\target\classes started by phuongpa in C:\Users\phuongpa\Documents\New folder (2)\school-manager)
2026-10-01T09:54:56.921+07:00 DEBUG 24188 --- [school-manager] [restartedMain] c.s.manager.SchoolManagerApplication     : Running with Spring Boot v3.4.2, Spring v6.2.2
2026-10-01T09:54:56.922+07:00  INFO 24188 --- [school-manager] [restartedMain] c.s.manager.SchoolManagerApplication     : No active profile set, falling back to 1 default profile: "default"
2026-10-01T09:54:56.965+07:00  INFO 24188 --- [school-manager] [restartedMain] .e.DevToolsPropertyDefaultsPostProcessor : Devtools property defaults active! Set 'spring.devtools.add-properties' to 'false' to disable
2026-10-01T09:54:56.966+07:00  INFO 24188 --- [school-manager] [restartedMain] .e.DevToolsPropertyDefaultsPostProcessor : For additional web related logging consider setting the 'logging.level.web' property to 'DEBUG'
2026-10-01T09:54:57.648+07:00  INFO 24188 --- [school-manager] [restartedMain] .s.d.r.c.RepositoryConfigurationDelegate : Bootstrapping Spring Data JPA repositories in DEFAULT mode.
2026-10-01T09:54:57.708+07:00  INFO 24188 --- [school-manager] [restartedMain] .s.d.r.c.RepositoryConfigurationDelegate : Finished Spring Data repository scanning in 52 ms. Found 3 JPA repository interfaces.
2026-10-01T09:54:58.209+07:00  INFO 24188 --- [school-manager] [restartedMain] o.s.b.w.embedded.tomcat.TomcatWebServer  : Tomcat initialized with port 8080 (http)
2026-10-01T09:54:58.221+07:00  INFO 24188 --- [school-manager] [restartedMain] o.apache.catalina.core.StandardService   : Starting service [Tomcat]
2026-10-01T09:54:58.221+07:00  INFO 24188 --- [school-manager] [restartedMain] o.apache.catalina.core.StandardEngine    : Starting Servlet engine: [Apache Tomcat/10.1.34]
2026-10-01T09:54:58.264+07:00  INFO 24188 --- [school-manager] [restartedMain] o.a.c.c.C.[Tomcat].[localhost].[/]       : Initializing Spring embedded WebApplicationContext
2026-10-01T09:54:58.264+07:00  INFO 24188 --- [school-manager] [restartedMain] w.s.c.ServletWebServerApplicationContext : Root WebApplicationContext: initialization completed in 1297 ms
2026-10-01T09:54:58.384+07:00  INFO 24188 --- [school-manager] [restartedMain] o.hibernate.jpa.internal.util.LogHelper  : HHH000204: Processing PersistenceUnitInfo [name: default]
2026-10-01T09:54:58.442+07:00  INFO 24188 --- [school-manager] [restartedMain] org.hibernate.Version                    : HHH000412: Hibernate ORM core version 6.6.5.Final
2026-10-01T09:54:58.477+07:00  INFO 24188 --- [school-manager] [restartedMain] o.h.c.internal.RegionFactoryInitiator    : HHH000026: Second-level cache disabled
2026-10-01T09:54:58.721+07:00  INFO 24188 --- [school-manager] [restartedMain] o.s.o.j.p.SpringPersistenceUnitInfo      : No LoadTimeWeaver setup: ignoring JPA class transformer
2026-10-01T09:54:58.749+07:00  INFO 24188 --- [school-manager] [restartedMain] com.zaxxer.hikari.HikariDataSource       : HikariPool-1 - Starting...
2026-10-01T09:54:58.889+07:00  INFO 24188 --- [school-manager] [restartedMain] com.zaxxer.hikari.pool.HikariPool        : HikariPool-1 - Added connection com.mysql.cj.jdbc.ConnectionImpl@38c673f1
2026-10-01T09:54:58.891+07:00  INFO 24188 --- [school-manager] [restartedMain] com.zaxxer.hikari.HikariDataSource       : HikariPool-1 - Start completed.
2026-10-01T09:54:58.986+07:00  INFO 24188 --- [school-manager] [restartedMain] org.hibernate.orm.connections.pooling    : HHH10001005: Database info:
	Database JDBC URL [Connecting through datasource 'HikariDataSource (HikariPool-1)']
	Database driver: undefined/unknown
	Database version: 8.0.46
	Autocommit mode: undefined/unknown
	Isolation level: undefined/unknown
	Minimum pool size: undefined/unknown
	Maximum pool size: undefined/unknown
2026-10-01T09:54:59.841+07:00  INFO 24188 --- [school-manager] [restartedMain] o.h.e.t.j.p.i.JtaPlatformInitiator       : HHH000489: No JTA platform available (set 'hibernate.transaction.jta.platform' to enable JTA platform integration)
2026-10-01T09:54:59.933+07:00  INFO 24188 --- [school-manager] [restartedMain] j.LocalContainerEntityManagerFactoryBean : Initialized JPA EntityManagerFactory for persistence unit 'default'
2026-10-01T09:55:00.174+07:00  INFO 24188 --- [school-manager] [restartedMain] o.s.d.j.r.query.QueryEnhancerFactory     : Hibernate is in classpath; If applicable, HQL parser will be used.
2026-10-01T09:55:01.017+07:00  WARN 24188 --- [school-manager] [restartedMain] JpaBaseConfiguration$JpaWebConfiguration : spring.jpa.open-in-view is enabled by default. Therefore, database queries may be performed during view rendering. Explicitly configure spring.jpa.open-in-view to disable this warning
2026-10-01T09:55:01.031+07:00  WARN 24188 --- [school-manager] [restartedMain] .s.s.UserDetailsServiceAutoConfiguration : 

Using generated security password: 137da228-330e-48db-941a-73e7f4d322d4

This generated password is for development use only. Your security configuration must be updated before running your application in production.

2026-10-01T09:55:01.049+07:00  INFO 24188 --- [school-manager] [restartedMain] r$InitializeUserDetailsManagerConfigurer : Global AuthenticationManager configured with UserDetailsService bean with name inMemoryUserDetailsManager
2026-10-01T09:55:01.384+07:00  INFO 24188 --- [school-manager] [restartedMain] o.s.b.a.h2.H2ConsoleAutoConfiguration    : H2 console available at '/h2-console'. Database available at 'jdbc:mysql://localhost:3306/school_db?useSSL=false&serverTimezone=UTC&allowPublicKeyRetrieval=true'
2026-10-01T09:55:01.440+07:00  INFO 24188 --- [school-manager] [restartedMain] o.s.b.d.a.OptionalLiveReloadServer       : LiveReload server is running on port 35729
2026-10-01T09:55:01.467+07:00  INFO 24188 --- [school-manager] [restartedMain] o.s.b.w.embedded.tomcat.TomcatWebServer  : Tomcat started on port 8080 (http) with context path '/'
2026-10-01T09:55:01.474+07:00  INFO 24188 --- [school-manager] [restartedMain] c.s.manager.SchoolManagerApplication     : Started SchoolManagerApplication in 4.955 seconds (process running for 5.467)
2026-10-01T09:55:01.476+07:00  INFO 24188 --- [school-manager] [restartedMain] c.school.manager.config.DatabaseSeeder   : [DB Seeder] Các môn học được hỗ trợ: [math, literature, english]
2026-10-01T09:55:01.477+07:00  INFO 24188 --- [school-manager] [restartedMain] c.school.manager.config.DatabaseSeeder   : [DB Seeder] Phát hiện động file db.json trong thư mục cùng cấp: C:\Users\phuongpa\Documents\New folder (2)\phần-mềm-quản-lý-điểm\db.json
2026-10-01T09:55:01.478+07:00  INFO 24188 --- [school-manager] [restartedMain] c.school.manager.config.DatabaseSeeder   : [DB Seeder] Đang tải dữ liệu từ file: C:\Users\phuongpa\Documents\New folder (2)\phần-mềm-quản-lý-điểm\db.json
2026-10-01T09:55:01.595+07:00 DEBUG 24188 --- [school-manager] [restartedMain] org.hibernate.SQL                        : select count(*) from members m1_0
2026-10-01T09:55:01.614+07:00 DEBUG 24188 --- [school-manager] [restartedMain] org.hibernate.SQL                        : select count(*) from members m1_0
2026-10-01T09:55:01.621+07:00 DEBUG 24188 --- [school-manager] [restartedMain] org.hibernate.SQL                        : select count(*) from school_classes sc1_0
2026-10-01T09:55:01.625+07:00  INFO 24188 --- [school-manager] [restartedMain] c.school.manager.config.DatabaseSeeder   : [DB Seeder] Cơ sở dữ liệu đã có sẵn dữ liệu (198 thành viên, 9 lớp học). Giữ nguyên dữ liệu hiện tại.
2026-10-01T09:55:01.638+07:00 DEBUG 24188 --- [school-manager] [restartedMain] org.hibernate.SQL                        : select m1_0.id,m1_0.class_name,m1_0.code,m1_0.email,m1_0.must_change_password,m1_0.name,m1_0.password,m1_0.role,m1_0.subject from members m1_0
2026-10-01T09:55:01.696+07:00 DEBUG 24188 --- [school-manager] [restartedMain] org.hibernate.SQL                        : select count(*) from grades g1_0
2026-10-01T09:55:01.709+07:00 DEBUG 24188 --- [school-manager] [restartedMain] org.hibernate.SQL                        : select g1_0.id,g1_0.english,g1_0.english_final,g1_0.english_m15,g1_0.english_mid,g1_0.english_oral,g1_0.gpa,g1_0.literature,g1_0.literature_final,g1_0.literature_m15,g1_0.literature_mid,g1_0.literature_oral,g1_0.math,g1_0.math_final,g1_0.math_m15,g1_0.math_mid,g1_0.math_oral,g1_0.student_code,g1_0.student_id from grades g1_0
2026-10-01T09:55:01.727+07:00  INFO 24188 --- [school-manager] [restartedMain] c.school.manager.config.DatabaseSeeder   : [DB Seeder] Đang tự động bổ sung studentCode và dữ liệu điểm thành phần từ db.json...
2026-10-01T09:55:01.732+07:00 DEBUG 24188 --- [school-manager] [restartedMain] org.hibernate.SQL                        : select m1_0.id,m1_0.class_name,m1_0.code,m1_0.email,m1_0.must_change_password,m1_0.name,m1_0.password,m1_0.role,m1_0.subject from members m1_0
2026-10-01T09:55:01.753+07:00 DEBUG 24188 --- [school-manager] [restartedMain] org.hibernate.SQL                        : select g1_0.id,g1_0.english,g1_0.english_final,g1_0.english_m15,g1_0.english_mid,g1_0.english_oral,g1_0.gpa,g1_0.literature,g1_0.literature_final,g1_0.literature_m15,g1_0.literature_mid,g1_0.literature_oral,g1_0.math,g1_0.math_final,g1_0.math_m15,g1_0.math_mid,g1_0.math_oral,g1_0.student_code,g1_0.student_id from grades g1_0
2026-10-01T09:55:01.765+07:00 DEBUG 24188 --- [school-manager] [restartedMain] org.hibernate.SQL                        : select sc1_0.id,sc1_0.code,sc1_0.name from school_classes sc1_0
2026-10-01T09:55:01.775+07:00 DEBUG 24188 --- [school-manager] [restartedMain] org.hibernate.SQL                        : select m1_0.id,m1_0.class_name,m1_0.code,m1_0.email,m1_0.must_change_password,m1_0.name,m1_0.password,m1_0.role,m1_0.subject from members m1_0
2026-10-01T09:55:01.785+07:00 DEBUG 24188 --- [school-manager] [restartedMain] org.hibernate.SQL                        : select m1_0.id,m1_0.class_name,m1_0.code,m1_0.email,m1_0.must_change_password,m1_0.name,m1_0.password,m1_0.role,m1_0.subject from members m1_0
2026-10-01T09:55:01.828+07:00 DEBUG 24188 --- [school-manager] [restartedMain] org.hibernate.SQL                        : select m1_0.id,m1_0.class_name,m1_0.code,m1_0.email,m1_0.must_change_password,m1_0.name,m1_0.password,m1_0.role,m1_0.subject from members m1_0 where m1_0.role=?
2026-10-01T09:55:01.839+07:00 DEBUG 24188 --- [school-manager] [restartedMain] org.hibernate.SQL                        : select count(g1_0.id)>0 from grades g1_0 where g1_0.student_id=?
2026-10-01T09:55:01.842+07:00 DEBUG 24188 --- [school-manager] [restartedMain] org.hibernate.SQL                        : select count(g1_0.id)>0 from grades g1_0 where g1_0.student_id=?
2026-10-01T09:55:01.844+07:00 DEBUG 24188 --- [school-manager] [restartedMain] org.hibernate.SQL                        : select count(g1_0.id)>0 from grades g1_0 where g1_0.student_id=?
2026-10-01T09:55:01.846+07:00 DEBUG 24188 --- [school-manager] [restartedMain] org.hibernate.SQL                        : select count(g1_0.id)>0 from grades g1_0 where g1_0.student_id=?
2026-10-01T09:55:01.848+07:00 DEBUG 24188 --- [school-manager] [restartedMain] org.hibernate.SQL                        : select count(g1_0.id)>0 from grades g1_0 where g1_0.student_id=?
2026-10-01T09:55:01.850+07:00 DEBUG 24188 --- [school-manager] [restartedMain] org.hibernate.SQL                        : select count(g1_0.id)>0 from grades g1_0 where g1_0.student_id=?
2026-10-01T09:55:01.852+07:00 DEBUG 24188 --- [school-manager] [restartedMain] org.hibernate.SQL                        : select count(g1_0.id)>0 from grades g1_0 where g1_0.student_id=?
2026-10-01T09:55:01.854+07:00 DEBUG 24188 --- [school-manager] [restartedMain] org.hibernate.SQL                        : select count(g1_0.id)>0 from grades g1_0 where g1_0.student_id=?
2026-10-01T09:55:01.856+07:00 DEBUG 24188 --- [school-manager] [restartedMain] org.hibernate.SQL                        : select count(g1_0.id)>0 from grades g1_0 where g1_0.student_id=?
2026-10-01T09:55:01.858+07:00 DEBUG 24188 --- [school-manager] [restartedMain] org.hibernate.SQL                        : select count(g1_0.id)>0 from grades g1_0 where g1_0.student_id=?
2026-10-01T09:55:01.860+07:00 DEBUG 24188 --- [school-manager] [restartedMain] org.hibernate.SQL                        : select count(g1_0.id)>0 from grades g1_0 where g1_0.student_id=?
2026-10-01T09:55:01.862+07:00 DEBUG 24188 --- [school-manager] [restartedMain] org.hibernate.SQL                        : select count(g1_0.id)>0 from grades g1_0 where g1_0.student_id=?
2026-10-01T09:55:01.864+07:00 DEBUG 24188 --- [school-manager] [restartedMain] org.hibernate.SQL                        : select count(g1_0.id)>0 from grades g1_0 where g1_0.student_id=?
2026-10-01T09:55:01.866+07:00 DEBUG 24188 --- [school-manager] [restartedMain] org.hibernate.SQL                        : select count(g1_0.id)>0 from grades g1_0 where g1_0.student_id=?
2026-10-01T09:55:01.867+07:00 DEBUG 24188 --- [school-manager] [restartedMain] org.hibernate.SQL                        : select count(g1_0.id)>0 from grades g1_0 where g1_0.student_id=?
2026-10-01T09:55:01.869+07:00 DEBUG 24188 --- [school-manager] [restartedMain] org.hibernate.SQL                        : select count(g1_0.id)>0 from grades g1_0 where g1_0.student_id=?
2026-10-01T09:55:01.871+07:00 DEBUG 24188 --- [school-manager] [restartedMain] org.hibernate.SQL                        : select count(g1_0.id)>0 from grades g1_0 where g1_0.student_id=?
2026-10-01T09:55:01.873+07:00 DEBUG 24188 --- [school-manager] [restartedMain] org.hibernate.SQL                        : select count(g1_0.id)>0 from grades g1_0 where g1_0.student_id=?
2026-10-01T09:55:01.875+07:00 DEBUG 24188 --- [school-manager] [restartedMain] org.hibernate.SQL                        : select count(g1_0.id)>0 from grades g1_0 where g1_0.student_id=?
2026-10-01T09:55:01.877+07:00 DEBUG 24188 --- [school-manager] [restartedMain] org.hibernate.SQL                        : select count(g1_0.id)>0 from grades g1_0 where g1_0.student_id=?
2026-10-01T09:55:01.880+07:00 DEBUG 24188 --- [school-manager] [restartedMain] org.hibernate.SQL                        : select count(g1_0.id)>0 from grades g1_0 where g1_0.student_id=?
2026-10-01T09:55:01.882+07:00 DEBUG 24188 --- [school-manager] [restartedMain] org.hibernate.SQL                        : select count(g1_0.id)>0 from grades g1_0 where g1_0.student_id=?
2026-10-01T09:55:01.884+07:00 DEBUG 24188 --- [school-manager] [restartedMain] org.hibernate.SQL                        : select count(g1_0.id)>0 from grades g1_0 where g1_0.student_id=?
2026-10-01T09:55:01.886+07:00 DEBUG 24188 --- [school-manager] [restartedMain] org.hibernate.SQL                        : select count(g1_0.id)>0 from grades g1_0 where g1_0.student_id=?
2026-10-01T09:55:01.888+07:00 DEBUG 24188 --- [school-manager] [restartedMain] org.hibernate.SQL                        : select count(g1_0.id)>0 from grades g1_0 where g1_0.student_id=?
2026-10-01T09:55:01.891+07:00 DEBUG 24188 --- [school-manager] [restartedMain] org.hibernate.SQL                        : select count(g1_0.id)>0 from grades g1_0 where g1_0.student_id=?
2026-10-01T09:55:01.893+07:00 DEBUG 24188 --- [school-manager] [restartedMain] org.hibernate.SQL                        : select count(g1_0.id)>0 from grades g1_0 where g1_0.student_id=?
2026-10-01T09:55:01.895+07:00 DEBUG 24188 --- [school-manager] [restartedMain] org.hibernate.SQL                        : select count(g1_0.id)>0 from grades g1_0 where g1_0.student_id=?
2026-10-01T09:55:01.896+07:00 DEBUG 24188 --- [school-manager] [restartedMain] org.hibernate.SQL                        : select count(g1_0.id)>0 from grades g1_0 where g1_0.student_id=?
2026-10-01T09:55:01.899+07:00 DEBUG 24188 --- [school-manager] [restartedMain] org.hibernate.SQL                        : select count(g1_0.id)>0 from grades g1_0 where g1_0.student_id=?
2026-10-01T09:55:01.901+07:00 DEBUG 24188 --- [school-manager] [restartedMain] org.hibernate.SQL                        : select count(g1_0.id)>0 from grades g1_0 where g1_0.student_id=?
2026-10-01T09:55:01.904+07:00 DEBUG 24188 --- [school-manager] [restartedMain] org.hibernate.SQL                        : select count(g1_0.id)>0 from grades g1_0 where g1_0.student_id=?
2026-10-01T09:55:01.908+07:00 DEBUG 24188 --- [school-manager] [restartedMain] org.hibernate.SQL                        : select count(g1_0.id)>0 from grades g1_0 where g1_0.student_id=?
2026-10-01T09:55:01.911+07:00 DEBUG 24188 --- [school-manager] [restartedMain] org.hibernate.SQL                        : select count(g1_0.id)>0 from grades g1_0 where g1_0.student_id=?
2026-10-01T09:55:01.914+07:00 DEBUG 24188 --- [school-manager] [restartedMain] org.hibernate.SQL                        : select count(g1_0.id)>0 from grades g1_0 where g1_0.student_id=?
2026-10-01T09:55:01.916+07:00 DEBUG 24188 --- [school-manager] [restartedMain] org.hibernate.SQL                        : select count(g1_0.id)>0 from grades g1_0 where g1_0.student_id=?
2026-10-01T09:55:01.920+07:00 DEBUG 24188 --- [school-manager] [restartedMain] org.hibernate.SQL                        : select count(g1_0.id)>0 from grades g1_0 where g1_0.student_id=?
2026-10-01T09:55:01.923+07:00 DEBUG 24188 --- [school-manager] [restartedMain] org.hibernate.SQL                        : select count(g1_0.id)>0 from grades g1_0 where g1_0.student_id=?
2026-10-01T09:55:01.926+07:00 DEBUG 24188 --- [school-manager] [restartedMain] org.hibernate.SQL                        : select count(g1_0.id)>0 from grades g1_0 where g1_0.student_id=?
2026-10-01T09:55:01.929+07:00 DEBUG 24188 --- [school-manager] [restartedMain] org.hibernate.SQL                        : select count(g1_0.id)>0 from grades g1_0 where g1_0.student_id=?
2026-10-01T09:55:01.931+07:00 DEBUG 24188 --- [school-manager] [restartedMain] org.hibernate.SQL                        : select count(g1_0.id)>0 from grades g1_0 where g1_0.student_id=?
2026-10-01T09:55:01.934+07:00 DEBUG 24188 --- [school-manager] [restartedMain] org.hibernate.SQL                        : select count(g1_0.id)>0 from grades g1_0 where g1_0.student_id=?
2026-10-01T09:55:01.938+07:00 DEBUG 24188 --- [school-manager] [restartedMain] org.hibernate.SQL                        : select count(g1_0.id)>0 from grades g1_0 where g1_0.student_id=?
2026-10-01T09:55:01.942+07:00 DEBUG 24188 --- [school-manager] [restartedMain] org.hibernate.SQL                        : select count(g1_0.id)>0 from grades g1_0 where g1_0.student_id=?
2026-10-01T09:55:01.945+07:00 DEBUG 24188 --- [school-manager] [restartedMain] org.hibernate.SQL                        : select count(g1_0.id)>0 from grades g1_0 where g1_0.student_id=?
2026-10-01T09:55:01.948+07:00 DEBUG 24188 --- [school-manager] [restartedMain] org.hibernate.SQL                        : select count(g1_0.id)>0 from grades g1_0 where g1_0.student_id=?
2026-10-01T09:55:01.952+07:00 DEBUG 24188 --- [school-manager] [restartedMain] org.hibernate.SQL                        : select count(g1_0.id)>0 from grades g1_0 where g1_0.student_id=?
2026-10-01T09:55:01.956+07:00 DEBUG 24188 --- [school-manager] [restartedMain] org.hibernate.SQL                        : select count(g1_0.id)>0 from grades g1_0 where g1_0.student_id=?
2026-10-01T09:55:01.959+07:00 DEBUG 24188 --- [school-manager] [restartedMain] org.hibernate.SQL                        : select count(g1_0.id)>0 from grades g1_0 where g1_0.student_id=?
2026-10-01T09:55:01.962+07:00 DEBUG 24188 --- [school-manager] [restartedMain] org.hibernate.SQL                        : select count(g1_0.id)>0 from grades g1_0 where g1_0.student_id=?
2026-10-01T09:55:01.964+07:00 DEBUG 24188 --- [school-manager] [restartedMain] org.hibernate.SQL                        : select count(g1_0.id)>0 from grades g1_0 where g1_0.student_id=?
2026-10-01T09:55:01.968+07:00 DEBUG 24188 --- [school-manager] [restartedMain] org.hibernate.SQL                        : select count(g1_0.id)>0 from grades g1_0 where g1_0.student_id=?
2026-10-01T09:55:01.972+07:00 DEBUG 24188 --- [school-manager] [restartedMain] org.hibernate.SQL                        : select count(g1_0.id)>0 from grades g1_0 where g1_0.student_id=?
2026-10-01T09:55:01.977+07:00 DEBUG 24188 --- [school-manager] [restartedMain] org.hibernate.SQL                        : select count(g1_0.id)>0 from grades g1_0 where g1_0.student_id=?
2026-10-01T09:55:01.980+07:00 DEBUG 24188 --- [school-manager] [restartedMain] org.hibernate.SQL                        : select count(g1_0.id)>0 from grades g1_0 where g1_0.student_id=?
2026-10-01T09:55:01.984+07:00 DEBUG 24188 --- [school-manager] [restartedMain] org.hibernate.SQL                        : select count(g1_0.id)>0 from grades g1_0 where g1_0.student_id=?
2026-10-01T09:55:01.990+07:00 DEBUG 24188 --- [school-manager] [restartedMain] org.hibernate.SQL                        : select count(g1_0.id)>0 from grades g1_0 where g1_0.student_id=?
2026-10-01T09:55:01.995+07:00 DEBUG 24188 --- [school-manager] [restartedMain] org.hibernate.SQL                        : select count(g1_0.id)>0 from grades g1_0 where g1_0.student_id=?
2026-10-01T09:55:01.999+07:00 DEBUG 24188 --- [school-manager] [restartedMain] org.hibernate.SQL                        : select count(g1_0.id)>0 from grades g1_0 where g1_0.student_id=?
2026-10-01T09:55:02.005+07:00 DEBUG 24188 --- [school-manager] [restartedMain] org.hibernate.SQL                        : select count(g1_0.id)>0 from grades g1_0 where g1_0.student_id=?
2026-10-01T09:55:02.009+07:00 DEBUG 24188 --- [school-manager] [restartedMain] org.hibernate.SQL                        : select count(g1_0.id)>0 from grades g1_0 where g1_0.student_id=?
2026-10-01T09:55:02.012+07:00 DEBUG 24188 --- [school-manager] [restartedMain] org.hibernate.SQL                        : select count(g1_0.id)>0 from grades g1_0 where g1_0.student_id=?
2026-10-01T09:55:02.014+07:00 DEBUG 24188 --- [school-manager] [restartedMain] org.hibernate.SQL                        : select count(g1_0.id)>0 from grades g1_0 where g1_0.student_id=?
2026-10-01T09:55:02.017+07:00 DEBUG 24188 --- [school-manager] [restartedMain] org.hibernate.SQL                        : select count(g1_0.id)>0 from grades g1_0 where g1_0.student_id=?
2026-10-01T09:55:02.021+07:00 DEBUG 24188 --- [school-manager] [restartedMain] org.hibernate.SQL                        : select count(g1_0.id)>0 from grades g1_0 where g1_0.student_id=?
2026-10-01T09:55:02.024+07:00 DEBUG 24188 --- [school-manager] [restartedMain] org.hibernate.SQL                        : select count(g1_0.id)>0 from grades g1_0 where g1_0.student_id=?
2026-10-01T09:55:02.026+07:00 DEBUG 24188 --- [school-manager] [restartedMain] org.hibernate.SQL                        : select count(g1_0.id)>0 from grades g1_0 where g1_0.student_id=?
2026-10-01T09:55:02.028+07:00 DEBUG 24188 --- [school-manager] [restartedMain] org.hibernate.SQL                        : select count(g1_0.id)>0 from grades g1_0 where g1_0.student_id=?
2026-10-01T09:55:02.030+07:00 DEBUG 24188 --- [school-manager] [restartedMain] org.hibernate.SQL                        : select count(g1_0.id)>0 from grades g1_0 where g1_0.student_id=?
2026-10-01T09:55:02.033+07:00 DEBUG 24188 --- [school-manager] [restartedMain] org.hibernate.SQL                        : select count(g1_0.id)>0 from grades g1_0 where g1_0.student_id=?
2026-10-01T09:55:02.036+07:00 DEBUG 24188 --- [school-manager] [restartedMain] org.hibernate.SQL                        : select count(g1_0.id)>0 from grades g1_0 where g1_0.student_id=?
2026-10-01T09:55:02.039+07:00 DEBUG 24188 --- [school-manager] [restartedMain] org.hibernate.SQL                        : select count(g1_0.id)>0 from grades g1_0 where g1_0.student_id=?
2026-10-01T09:55:02.041+07:00 DEBUG 24188 --- [school-manager] [restartedMain] org.hibernate.SQL                        : select count(g1_0.id)>0 from grades g1_0 where g1_0.student_id=?
2026-10-01T09:55:02.044+07:00 DEBUG 24188 --- [school-manager] [restartedMain] org.hibernate.SQL                        : select count(g1_0.id)>0 from grades g1_0 where g1_0.student_id=?
2026-10-01T09:55:02.047+07:00 DEBUG 24188 --- [school-manager] [restartedMain] org.hibernate.SQL                        : select count(g1_0.id)>0 from grades g1_0 where g1_0.student_id=?
2026-10-01T09:55:02.049+07:00 DEBUG 24188 --- [school-manager] [restartedMain] org.hibernate.SQL                        : select count(g1_0.id)>0 from grades g1_0 where g1_0.student_id=?
2026-10-01T09:55:02.052+07:00 DEBUG 24188 --- [school-manager] [restartedMain] org.hibernate.SQL                        : select count(g1_0.id)>0 from grades g1_0 where g1_0.student_id=?
2026-10-01T09:55:02.054+07:00 DEBUG 24188 --- [school-manager] [restartedMain] org.hibernate.SQL                        : select count(g1_0.id)>0 from grades g1_0 where g1_0.student_id=?
2026-10-01T09:55:02.057+07:00 DEBUG 24188 --- [school-manager] [restartedMain] org.hibernate.SQL                        : select count(g1_0.id)>0 from grades g1_0 where g1_0.student_id=?
2026-10-01T09:55:02.060+07:00 DEBUG 24188 --- [school-manager] [restartedMain] org.hibernate.SQL                        : select count(g1_0.id)>0 from grades g1_0 where g1_0.student_id=?
2026-10-01T09:55:02.063+07:00 DEBUG 24188 --- [school-manager] [restartedMain] org.hibernate.SQL                        : select count(g1_0.id)>0 from grades g1_0 where g1_0.student_id=?
2026-10-01T09:55:02.066+07:00 DEBUG 24188 --- [school-manager] [restartedMain] org.hibernate.SQL                        : select count(g1_0.id)>0 from grades g1_0 where g1_0.student_id=?
2026-10-01T09:55:02.068+07:00 DEBUG 24188 --- [school-manager] [restartedMain] org.hibernate.SQL                        : select count(g1_0.id)>0 from grades g1_0 where g1_0.student_id=?
2026-10-01T09:55:02.070+07:00 DEBUG 24188 --- [school-manager] [restartedMain] org.hibernate.SQL                        : select count(g1_0.id)>0 from grades g1_0 where g1_0.student_id=?
2026-10-01T09:55:02.073+07:00 DEBUG 24188 --- [school-manager] [restartedMain] org.hibernate.SQL                        : select count(g1_0.id)>0 from grades g1_0 where g1_0.student_id=?
2026-10-01T09:55:02.075+07:00 DEBUG 24188 --- [school-manager] [restartedMain] org.hibernate.SQL                        : select count(g1_0.id)>0 from grades g1_0 where g1_0.student_id=?
2026-10-01T09:55:02.078+07:00 DEBUG 24188 --- [school-manager] [restartedMain] org.hibernate.SQL                        : select count(g1_0.id)>0 from grades g1_0 where g1_0.student_id=?
2026-10-01T09:55:02.079+07:00 DEBUG 24188 --- [school-manager] [restartedMain] org.hibernate.SQL                        : select count(g1_0.id)>0 from grades g1_0 where g1_0.student_id=?
2026-10-01T09:55:02.081+07:00 DEBUG 24188 --- [school-manager] [restartedMain] org.hibernate.SQL                        : select count(g1_0.id)>0 from grades g1_0 where g1_0.student_id=?
2026-10-01T09:55:02.083+07:00 DEBUG 24188 --- [school-manager] [restartedMain] org.hibernate.SQL                        : select count(g1_0.id)>0 from grades g1_0 where g1_0.student_id=?
2026-10-01T09:55:02.085+07:00 DEBUG 24188 --- [school-manager] [restartedMain] org.hibernate.SQL                        : select count(g1_0.id)>0 from grades g1_0 where g1_0.student_id=?
2026-10-01T09:55:02.087+07:00 DEBUG 24188 --- [school-manager] [restartedMain] org.hibernate.SQL                        : select count(g1_0.id)>0 from grades g1_0 where g1_0.student_id=?
2026-10-01T09:55:02.088+07:00 DEBUG 24188 --- [school-manager] [restartedMain] org.hibernate.SQL                        : select count(g1_0.id)>0 from grades g1_0 where g1_0.student_id=?
2026-10-01T09:55:02.091+07:00 DEBUG 24188 --- [school-manager] [restartedMain] org.hibernate.SQL                        : select count(g1_0.id)>0 from grades g1_0 where g1_0.student_id=?
2026-10-01T09:55:02.093+07:00 DEBUG 24188 --- [school-manager] [restartedMain] org.hibernate.SQL                        : select count(g1_0.id)>0 from grades g1_0 where g1_0.student_id=?
2026-10-01T09:55:02.095+07:00 DEBUG 24188 --- [school-manager] [restartedMain] org.hibernate.SQL                        : select count(g1_0.id)>0 from grades g1_0 where g1_0.student_id=?
2026-10-01T09:55:02.097+07:00 DEBUG 24188 --- [school-manager] [restartedMain] org.hibernate.SQL                        : select count(g1_0.id)>0 from grades g1_0 where g1_0.student_id=?
2026-10-01T09:55:02.098+07:00 DEBUG 24188 --- [school-manager] [restartedMain] org.hibernate.SQL                        : select count(g1_0.id)>0 from grades g1_0 where g1_0.student_id=?
2026-10-01T09:55:02.100+07:00 DEBUG 24188 --- [school-manager] [restartedMain] org.hibernate.SQL                        : select count(g1_0.id)>0 from grades g1_0 where g1_0.student_id=?
2026-10-01T09:55:02.103+07:00 DEBUG 24188 --- [school-manager] [restartedMain] org.hibernate.SQL                        : select count(g1_0.id)>0 from grades g1_0 where g1_0.student_id=?
2026-10-01T09:55:02.105+07:00 DEBUG 24188 --- [school-manager] [restartedMain] org.hibernate.SQL                        : select count(g1_0.id)>0 from grades g1_0 where g1_0.student_id=?
2026-10-01T09:55:02.107+07:00 DEBUG 24188 --- [school-manager] [restartedMain] org.hibernate.SQL                        : select count(g1_0.id)>0 from grades g1_0 where g1_0.student_id=?
2026-10-01T09:55:02.110+07:00 DEBUG 24188 --- [school-manager] [restartedMain] org.hibernate.SQL                        : select count(g1_0.id)>0 from grades g1_0 where g1_0.student_id=?
2026-10-01T09:55:02.113+07:00 DEBUG 24188 --- [school-manager] [restartedMain] org.hibernate.SQL                        : select count(g1_0.id)>0 from grades g1_0 where g1_0.student_id=?
2026-10-01T09:55:02.116+07:00 DEBUG 24188 --- [school-manager] [restartedMain] org.hibernate.SQL                        : select count(g1_0.id)>0 from grades g1_0 where g1_0.student_id=?
2026-10-01T09:55:02.119+07:00 DEBUG 24188 --- [school-manager] [restartedMain] org.hibernate.SQL                        : select count(g1_0.id)>0 from grades g1_0 where g1_0.student_id=?
2026-10-01T09:55:02.123+07:00 DEBUG 24188 --- [school-manager] [restartedMain] org.hibernate.SQL                        : select count(g1_0.id)>0 from grades g1_0 where g1_0.student_id=?
2026-10-01T09:55:02.127+07:00 DEBUG 24188 --- [school-manager] [restartedMain] org.hibernate.SQL                        : select count(g1_0.id)>0 from grades g1_0 where g1_0.student_id=?
2026-10-01T09:55:02.130+07:00 DEBUG 24188 --- [school-manager] [restartedMain] org.hibernate.SQL                        : select count(g1_0.id)>0 from grades g1_0 where g1_0.student_id=?
2026-10-01T09:55:02.133+07:00 DEBUG 24188 --- [school-manager] [restartedMain] org.hibernate.SQL                        : select count(g1_0.id)>0 from grades g1_0 where g1_0.student_id=?
2026-10-01T09:55:02.139+07:00 DEBUG 24188 --- [school-manager] [restartedMain] org.hibernate.SQL                        : select count(g1_0.id)>0 from grades g1_0 where g1_0.student_id=?
2026-10-01T09:55:02.142+07:00 DEBUG 24188 --- [school-manager] [restartedMain] org.hibernate.SQL                        : select count(g1_0.id)>0 from grades g1_0 where g1_0.student_id=?
2026-10-01T09:55:02.145+07:00 DEBUG 24188 --- [school-manager] [restartedMain] org.hibernate.SQL                        : select count(g1_0.id)>0 from grades g1_0 where g1_0.student_id=?
2026-10-01T09:55:02.147+07:00 DEBUG 24188 --- [school-manager] [restartedMain] org.hibernate.SQL                        : select count(g1_0.id)>0 from grades g1_0 where g1_0.student_id=?
2026-10-01T09:55:02.150+07:00 DEBUG 24188 --- [school-manager] [restartedMain] org.hibernate.SQL                        : select count(g1_0.id)>0 from grades g1_0 where g1_0.student_id=?
2026-10-01T09:55:02.154+07:00 DEBUG 24188 --- [school-manager] [restartedMain] org.hibernate.SQL                        : select count(g1_0.id)>0 from grades g1_0 where g1_0.student_id=?
2026-10-01T09:55:02.159+07:00 DEBUG 24188 --- [school-manager] [restartedMain] org.hibernate.SQL                        : select count(g1_0.id)>0 from grades g1_0 where g1_0.student_id=?
2026-10-01T09:55:02.162+07:00 DEBUG 24188 --- [school-manager] [restartedMain] org.hibernate.SQL                        : select count(g1_0.id)>0 from grades g1_0 where g1_0.student_id=?
2026-10-01T09:55:02.166+07:00 DEBUG 24188 --- [school-manager] [restartedMain] org.hibernate.SQL                        : select count(g1_0.id)>0 from grades g1_0 where g1_0.student_id=?
2026-10-01T09:55:02.172+07:00 DEBUG 24188 --- [school-manager] [restartedMain] org.hibernate.SQL                        : select count(g1_0.id)>0 from grades g1_0 where g1_0.student_id=?
2026-10-01T09:55:02.176+07:00 DEBUG 24188 --- [school-manager] [restartedMain] org.hibernate.SQL                        : select count(g1_0.id)>0 from grades g1_0 where g1_0.student_id=?
2026-10-01T09:55:02.180+07:00 DEBUG 24188 --- [school-manager] [restartedMain] org.hibernate.SQL                        : select count(g1_0.id)>0 from grades g1_0 where g1_0.student_id=?
2026-10-01T09:55:02.183+07:00 DEBUG 24188 --- [school-manager] [restartedMain] org.hibernate.SQL                        : select count(g1_0.id)>0 from grades g1_0 where g1_0.student_id=?
2026-10-01T09:55:02.188+07:00 DEBUG 24188 --- [school-manager] [restartedMain] org.hibernate.SQL                        : select count(g1_0.id)>0 from grades g1_0 where g1_0.student_id=?
2026-10-01T09:55:02.192+07:00 DEBUG 24188 --- [school-manager] [restartedMain] org.hibernate.SQL                        : select count(g1_0.id)>0 from grades g1_0 where g1_0.student_id=?
2026-10-01T09:55:02.199+07:00 DEBUG 24188 --- [school-manager] [restartedMain] org.hibernate.SQL                        : select count(g1_0.id)>0 from grades g1_0 where g1_0.student_id=?
2026-10-01T09:55:02.204+07:00 DEBUG 24188 --- [school-manager] [restartedMain] org.hibernate.SQL                        : select count(g1_0.id)>0 from grades g1_0 where g1_0.student_id=?
2026-10-01T09:55:02.207+07:00 DEBUG 24188 --- [school-manager] [restartedMain] org.hibernate.SQL                        : select count(g1_0.id)>0 from grades g1_0 where g1_0.student_id=?
2026-10-01T09:55:02.210+07:00 DEBUG 24188 --- [school-manager] [restartedMain] org.hibernate.SQL                        : select count(g1_0.id)>0 from grades g1_0 where g1_0.student_id=?
2026-10-01T09:55:02.212+07:00 DEBUG 24188 --- [school-manager] [restartedMain] org.hibernate.SQL                        : select count(g1_0.id)>0 from grades g1_0 where g1_0.student_id=?
2026-10-01T09:55:02.214+07:00 DEBUG 24188 --- [school-manager] [restartedMain] org.hibernate.SQL                        : select count(g1_0.id)>0 from grades g1_0 where g1_0.student_id=?
2026-10-01T09:55:02.215+07:00 DEBUG 24188 --- [school-manager] [restartedMain] org.hibernate.SQL                        : select count(g1_0.id)>0 from grades g1_0 where g1_0.student_id=?
2026-10-01T09:55:02.218+07:00 DEBUG 24188 --- [school-manager] [restartedMain] org.hibernate.SQL                        : select count(g1_0.id)>0 from grades g1_0 where g1_0.student_id=?
2026-10-01T09:55:02.219+07:00 DEBUG 24188 --- [school-manager] [restartedMain] org.hibernate.SQL                        : select count(g1_0.id)>0 from grades g1_0 where g1_0.student_id=?
2026-10-01T09:55:02.222+07:00 DEBUG 24188 --- [school-manager] [restartedMain] org.hibernate.SQL                        : select count(g1_0.id)>0 from grades g1_0 where g1_0.student_id=?
2026-10-01T09:55:02.224+07:00 DEBUG 24188 --- [school-manager] [restartedMain] org.hibernate.SQL                        : select count(g1_0.id)>0 from grades g1_0 where g1_0.student_id=?
2026-10-01T09:55:02.226+07:00 DEBUG 24188 --- [school-manager] [restartedMain] org.hibernate.SQL                        : select count(g1_0.id)>0 from grades g1_0 where g1_0.student_id=?
2026-10-01T09:55:02.228+07:00 DEBUG 24188 --- [school-manager] [restartedMain] org.hibernate.SQL                        : select count(g1_0.id)>0 from grades g1_0 where g1_0.student_id=?
2026-10-01T09:55:02.230+07:00 DEBUG 24188 --- [school-manager] [restartedMain] org.hibernate.SQL                        : select count(g1_0.id)>0 from grades g1_0 where g1_0.student_id=?
2026-10-01T09:55:02.232+07:00 DEBUG 24188 --- [school-manager] [restartedMain] org.hibernate.SQL                        : select count(g1_0.id)>0 from grades g1_0 where g1_0.student_id=?
2026-10-01T09:55:02.233+07:00 DEBUG 24188 --- [school-manager] [restartedMain] org.hibernate.SQL                        : select count(g1_0.id)>0 from grades g1_0 where g1_0.student_id=?
2026-10-01T09:55:02.235+07:00 DEBUG 24188 --- [school-manager] [restartedMain] org.hibernate.SQL                        : select count(g1_0.id)>0 from grades g1_0 where g1_0.student_id=?
2026-10-01T09:55:02.237+07:00 DEBUG 24188 --- [school-manager] [restartedMain] org.hibernate.SQL                        : select count(g1_0.id)>0 from grades g1_0 where g1_0.student_id=?
2026-10-01T09:55:02.239+07:00 DEBUG 24188 --- [school-manager] [restartedMain] org.hibernate.SQL                        : select count(g1_0.id)>0 from grades g1_0 where g1_0.student_id=?
2026-10-01T09:55:02.241+07:00 DEBUG 24188 --- [school-manager] [restartedMain] org.hibernate.SQL                        : select count(g1_0.id)>0 from grades g1_0 where g1_0.student_id=?
2026-10-01T09:55:02.243+07:00 DEBUG 24188 --- [school-manager] [restartedMain] org.hibernate.SQL                        : select count(g1_0.id)>0 from grades g1_0 where g1_0.student_id=?
2026-10-01T09:55:02.245+07:00 DEBUG 24188 --- [school-manager] [restartedMain] org.hibernate.SQL                        : select count(g1_0.id)>0 from grades g1_0 where g1_0.student_id=?
2026-10-01T09:55:02.247+07:00 DEBUG 24188 --- [school-manager] [restartedMain] org.hibernate.SQL                        : select count(g1_0.id)>0 from grades g1_0 where g1_0.student_id=?
2026-10-01T09:55:02.248+07:00 DEBUG 24188 --- [school-manager] [restartedMain] org.hibernate.SQL                        : select count(g1_0.id)>0 from grades g1_0 where g1_0.student_id=?
2026-10-01T09:55:02.251+07:00 DEBUG 24188 --- [school-manager] [restartedMain] org.hibernate.SQL                        : select count(g1_0.id)>0 from grades g1_0 where g1_0.student_id=?
2026-10-01T09:55:02.252+07:00 DEBUG 24188 --- [school-manager] [restartedMain] org.hibernate.SQL                        : select count(g1_0.id)>0 from grades g1_0 where g1_0.student_id=?
2026-10-01T09:55:02.254+07:00 DEBUG 24188 --- [school-manager] [restartedMain] org.hibernate.SQL                        : select count(g1_0.id)>0 from grades g1_0 where g1_0.student_id=?
2026-10-01T09:55:02.256+07:00 DEBUG 24188 --- [school-manager] [restartedMain] org.hibernate.SQL                        : select count(g1_0.id)>0 from grades g1_0 where g1_0.student_id=?
2026-10-01T09:55:02.257+07:00 DEBUG 24188 --- [school-manager] [restartedMain] org.hibernate.SQL                        : select count(g1_0.id)>0 from grades g1_0 where g1_0.student_id=?
2026-10-01T09:55:02.259+07:00 DEBUG 24188 --- [school-manager] [restartedMain] org.hibernate.SQL                        : select count(g1_0.id)>0 from grades g1_0 where g1_0.student_id=?
2026-10-01T09:55:02.261+07:00 DEBUG 24188 --- [school-manager] [restartedMain] org.hibernate.SQL                        : select count(g1_0.id)>0 from grades g1_0 where g1_0.student_id=?
2026-10-01T09:55:02.262+07:00 DEBUG 24188 --- [school-manager] [restartedMain] org.hibernate.SQL                        : select count(g1_0.id)>0 from grades g1_0 where g1_0.student_id=?
2026-10-01T09:55:02.264+07:00 DEBUG 24188 --- [school-manager] [restartedMain] org.hibernate.SQL                        : select count(g1_0.id)>0 from grades g1_0 where g1_0.student_id=?
2026-10-01T09:55:02.266+07:00 DEBUG 24188 --- [school-manager] [restartedMain] org.hibernate.SQL                        : select count(g1_0.id)>0 from grades g1_0 where g1_0.student_id=?
2026-10-01T09:55:02.268+07:00 DEBUG 24188 --- [school-manager] [restartedMain] org.hibernate.SQL                        : select count(g1_0.id)>0 from grades g1_0 where g1_0.student_id=?
2026-10-01T09:55:02.269+07:00 DEBUG 24188 --- [school-manager] [restartedMain] org.hibernate.SQL                        : select count(g1_0.id)>0 from grades g1_0 where g1_0.student_id=?
2026-10-01T09:55:02.271+07:00 DEBUG 24188 --- [school-manager] [restartedMain] org.hibernate.SQL                        : select count(g1_0.id)>0 from grades g1_0 where g1_0.student_id=?
2026-10-01T09:55:02.273+07:00 DEBUG 24188 --- [school-manager] [restartedMain] org.hibernate.SQL                        : select count(g1_0.id)>0 from grades g1_0 where g1_0.student_id=?
2026-10-01T09:55:02.275+07:00 DEBUG 24188 --- [school-manager] [restartedMain] org.hibernate.SQL                        : select count(g1_0.id)>0 from grades g1_0 where g1_0.student_id=?
2026-10-01T09:55:02.277+07:00 DEBUG 24188 --- [school-manager] [restartedMain] org.hibernate.SQL                        : select count(g1_0.id)>0 from grades g1_0 where g1_0.student_id=?
2026-10-01T09:55:02.278+07:00 DEBUG 24188 --- [school-manager] [restartedMain] org.hibernate.SQL                        : select count(g1_0.id)>0 from grades g1_0 where g1_0.student_id=?
2026-10-01T09:55:02.280+07:00 DEBUG 24188 --- [school-manager] [restartedMain] org.hibernate.SQL                        : select count(g1_0.id)>0 from grades g1_0 where g1_0.student_id=?
2026-10-01T09:55:02.281+07:00 DEBUG 24188 --- [school-manager] [restartedMain] org.hibernate.SQL                        : select count(g1_0.id)>0 from grades g1_0 where g1_0.student_id=?
2026-10-01T09:55:02.283+07:00 DEBUG 24188 --- [school-manager] [restartedMain] org.hibernate.SQL                        : select count(g1_0.id)>0 from grades g1_0 where g1_0.student_id=?
2026-10-01T09:55:02.285+07:00 DEBUG 24188 --- [school-manager] [restartedMain] org.hibernate.SQL                        : select count(g1_0.id)>0 from grades g1_0 where g1_0.student_id=?
2026-10-01T09:55:02.287+07:00 DEBUG 24188 --- [school-manager] [restartedMain] org.hibernate.SQL                        : select count(g1_0.id)>0 from grades g1_0 where g1_0.student_id=?
2026-10-01T09:55:02.289+07:00 DEBUG 24188 --- [school-manager] [restartedMain] org.hibernate.SQL                        : select count(g1_0.id)>0 from grades g1_0 where g1_0.student_id=?
2026-10-01T09:55:02.291+07:00 DEBUG 24188 --- [school-manager] [restartedMain] org.hibernate.SQL                        : select count(g1_0.id)>0 from grades g1_0 where g1_0.student_id=?
2026-10-01T09:55:02.293+07:00 DEBUG 24188 --- [school-manager] [restartedMain] org.hibernate.SQL                        : select count(g1_0.id)>0 from grades g1_0 where g1_0.student_id=?
2026-10-01T09:55:02.295+07:00 DEBUG 24188 --- [school-manager] [restartedMain] org.hibernate.SQL                        : select count(g1_0.id)>0 from grades g1_0 where g1_0.student_id=?
2026-10-01T09:55:02.296+07:00 DEBUG 24188 --- [school-manager] [restartedMain] org.hibernate.SQL                        : select count(g1_0.id)>0 from grades g1_0 where g1_0.student_id=?
2026-10-01T09:55:02.298+07:00 DEBUG 24188 --- [school-manager] [restartedMain] org.hibernate.SQL                        : select count(g1_0.id)>0 from grades g1_0 where g1_0.student_id=?
2026-10-01T09:55:02.300+07:00 DEBUG 24188 --- [school-manager] [restartedMain] org.hibernate.SQL                        : select count(g1_0.id)>0 from grades g1_0 where g1_0.student_id=?
2026-10-01T09:55:02.301+07:00 DEBUG 24188 --- [school-manager] [restartedMain] org.hibernate.SQL                        : select count(g1_0.id)>0 from grades g1_0 where g1_0.student_id=?
2026-10-01T09:55:02.304+07:00 DEBUG 24188 --- [school-manager] [restartedMain] org.hibernate.SQL                        : select count(g1_0.id)>0 from grades g1_0 where g1_0.student_id=?
2026-10-01T09:55:02.307+07:00 DEBUG 24188 --- [school-manager] [restartedMain] org.hibernate.SQL                        : select count(g1_0.id)>0 from grades g1_0 where g1_0.student_id=?
2026-10-01T09:55:02.310+07:00 DEBUG 24188 --- [school-manager] [restartedMain] org.hibernate.SQL                        : select count(g1_0.id)>0 from grades g1_0 where g1_0.student_id=?
2026-10-01T09:55:02.342+07:00 DEBUG 24188 --- [school-manager] [restartedMain] org.hibernate.SQL                        : insert into grades (english,english_final,english_m15,english_mid,english_oral,gpa,literature,literature_final,literature_m15,literature_mid,literature_oral,math,math_final,math_m15,math_mid,math_oral,student_code,student_id) values (?,?,?,?,?,?,?,?,?,?,?,?,?,?,?,?,?,?)
2026-10-01T09:55:02.437+07:00  WARN 24188 --- [school-manager] [restartedMain] o.h.engine.jdbc.spi.SqlExceptionHelper   : SQL Error: 1452, SQLState: 23000
2026-10-01T09:55:02.437+07:00 ERROR 24188 --- [school-manager] [restartedMain] o.h.engine.jdbc.spi.SqlExceptionHelper   : Cannot add or update a child row: a foreign key constraint fails (`school_db`.`grades`, CONSTRAINT `fk_grade_student_code` FOREIGN KEY (`student_id`) REFERENCES `members` (`code`) ON DELETE CASCADE)
2026-10-01T09:55:02.449+07:00  INFO 24188 --- [school-manager] [restartedMain] .s.b.a.l.ConditionEvaluationReportLogger : 

Error starting ApplicationContext. To display the condition evaluation report re-run your application with 'debug' enabled.
2026-10-01T09:55:02.465+07:00 ERROR 24188 --- [school-manager] [restartedMain] o.s.boot.SpringApplication               : Application run failed

org.springframework.dao.DataIntegrityViolationException: could not execute statement [Cannot add or update a child row: a foreign key constraint fails (`school_db`.`grades`, CONSTRAINT `fk_grade_student_code` FOREIGN KEY (`student_id`) REFERENCES `members` (`code`) ON DELETE CASCADE)] [insert into grades (english,english_final,english_m15,english_mid,english_oral,gpa,literature,literature_final,literature_m15,literature_mid,literature_oral,math,math_final,math_m15,math_mid,math_oral,student_code,student_id) values (?,?,?,?,?,?,?,?,?,?,?,?,?,?,?,?,?,?)]; SQL [insert into grades (english,english_final,english_m15,english_mid,english_oral,gpa,literature,literature_final,literature_m15,literature_mid,literature_oral,math,math_final,math_m15,math_mid,math_oral,student_code,student_id) values (?,?,?,?,?,?,?,?,?,?,?,?,?,?,?,?,?,?)]; constraint [null]
	at org.springframework.orm.jpa.vendor.HibernateJpaDialect.convertHibernateAccessException(HibernateJpaDialect.java:290) ~[spring-orm-6.2.2.jar:6.2.2]
	at org.springframework.orm.jpa.vendor.HibernateJpaDialect.translateExceptionIfPossible(HibernateJpaDialect.java:241) ~[spring-orm-6.2.2.jar:6.2.2]
	at org.springframework.orm.jpa.AbstractEntityManagerFactoryBean.translateExceptionIfPossible(AbstractEntityManagerFactoryBean.java:560) ~[spring-orm-6.2.2.jar:6.2.2]
	at org.springframework.dao.support.ChainedPersistenceExceptionTranslator.translateExceptionIfPossible(ChainedPersistenceExceptionTranslator.java:61) ~[spring-tx-6.2.2.jar:6.2.2]
	at org.springframework.dao.support.DataAccessUtils.translateIfNecessary(DataAccessUtils.java:343) ~[spring-tx-6.2.2.jar:6.2.2]
	at org.springframework.dao.support.PersistenceExceptionTranslationInterceptor.invoke(PersistenceExceptionTranslationInterceptor.java:160) ~[spring-tx-6.2.2.jar:6.2.2]
	at org.springframework.aop.framework.ReflectiveMethodInvocation.proceed(ReflectiveMethodInvocation.java:184) ~[spring-aop-6.2.2.jar:6.2.2]
	at org.springframework.data.jpa.repository.support.CrudMethodMetadataPostProcessor$CrudMethodMetadataPopulatingMethodInterceptor.invoke(CrudMethodMetadataPostProcessor.java:165) ~[spring-data-jpa-3.4.2.jar:3.4.2]
	at org.springframework.aop.framework.ReflectiveMethodInvocation.proceed(ReflectiveMethodInvocation.java:184) ~[spring-aop-6.2.2.jar:6.2.2]
	at org.springframework.aop.framework.JdkDynamicAopProxy.invoke(JdkDynamicAopProxy.java:223) ~[spring-aop-6.2.2.jar:6.2.2]
	at jdk.proxy4/jdk.proxy4.$Proxy146.saveAll(Unknown Source) ~[na:na]
	at com.school.manager.config.DatabaseSeeder.lambda$initDatabase$6(DatabaseSeeder.java:351) ~[classes/:na]
	at org.springframework.boot.SpringApplication.lambda$callRunner$5(SpringApplication.java:788) ~[spring-boot-3.4.2.jar:3.4.2]
	at org.springframework.util.function.ThrowingConsumer$1.acceptWithException(ThrowingConsumer.java:82) ~[spring-core-6.2.2.jar:6.2.2]
	at org.springframework.util.function.ThrowingConsumer.accept(ThrowingConsumer.java:60) ~[spring-core-6.2.2.jar:6.2.2]
	at org.springframework.util.function.ThrowingConsumer$1.accept(ThrowingConsumer.java:86) ~[spring-core-6.2.2.jar:6.2.2]
	at org.springframework.boot.SpringApplication.callRunner(SpringApplication.java:796) ~[spring-boot-3.4.2.jar:3.4.2]
	at org.springframework.boot.SpringApplication.callRunner(SpringApplication.java:787) ~[spring-boot-3.4.2.jar:3.4.2]
	at org.springframework.boot.SpringApplication.lambda$callRunners$3(SpringApplication.java:772) ~[spring-boot-3.4.2.jar:3.4.2]
	at java.base/java.util.stream.ForEachOps$ForEachOp$OfRef.accept(ForEachOps.java:184) ~[na:na]
	at java.base/java.util.stream.SortedOps$SizedRefSortingSink.end(SortedOps.java:357) ~[na:na]
	at java.base/java.util.stream.AbstractPipeline.copyInto(AbstractPipeline.java:510) ~[na:na]
	at java.base/java.util.stream.AbstractPipeline.wrapAndCopyInto(AbstractPipeline.java:499) ~[na:na]
	at java.base/java.util.stream.ForEachOps$ForEachOp.evaluateSequential(ForEachOps.java:151) ~[na:na]
	at java.base/java.util.stream.ForEachOps$ForEachOp$OfRef.evaluateSequential(ForEachOps.java:174) ~[na:na]
	at java.base/java.util.stream.AbstractPipeline.evaluate(AbstractPipeline.java:234) ~[na:na]
	at java.base/java.util.stream.ReferencePipeline.forEach(ReferencePipeline.java:596) ~[na:na]
	at org.springframework.boot.SpringApplication.callRunners(SpringApplication.java:772) ~[spring-boot-3.4.2.jar:3.4.2]
	at org.springframework.boot.SpringApplication.run(SpringApplication.java:325) ~[spring-boot-3.4.2.jar:3.4.2]
	at org.springframework.boot.SpringApplication.run(SpringApplication.java:1361) ~[spring-boot-3.4.2.jar:3.4.2]
	at org.springframework.boot.SpringApplication.run(SpringApplication.java:1350) ~[spring-boot-3.4.2.jar:3.4.2]
	at com.school.manager.SchoolManagerApplication.main(SchoolManagerApplication.java:11) ~[classes/:na]
	at java.base/jdk.internal.reflect.DirectMethodHandleAccessor.invoke(DirectMethodHandleAccessor.java:103) ~[na:na]
	at java.base/java.lang.reflect.Method.invoke(Method.java:580) ~[na:na]
	at org.springframework.boot.devtools.restart.RestartLauncher.run(RestartLauncher.java:50) ~[spring-boot-devtools-3.4.2.jar:3.4.2]
Caused by: org.hibernate.exception.ConstraintViolationException: could not execute statement [Cannot add or update a child row: a foreign key constraint fails (`school_db`.`grades`, CONSTRAINT `fk_grade_student_code` FOREIGN KEY (`student_id`) REFERENCES `members` (`code`) ON DELETE CASCADE)] [insert into grades (english,english_final,english_m15,english_mid,english_oral,gpa,literature,literature_final,literature_m15,literature_mid,literature_oral,math,math_final,math_m15,math_mid,math_oral,student_code,student_id) values (?,?,?,?,?,?,?,?,?,?,?,?,?,?,?,?,?,?)]
	at org.hibernate.exception.internal.SQLExceptionTypeDelegate.convert(SQLExceptionTypeDelegate.java:62) ~[hibernate-core-6.6.5.Final.jar:6.6.5.Final]
	at org.hibernate.exception.internal.StandardSQLExceptionConverter.convert(StandardSQLExceptionConverter.java:58) ~[hibernate-core-6.6.5.Final.jar:6.6.5.Final]
	at org.hibernate.engine.jdbc.spi.SqlExceptionHelper.convert(SqlExceptionHelper.java:108) ~[hibernate-core-6.6.5.Final.jar:6.6.5.Final]
	at org.hibernate.engine.jdbc.internal.ResultSetReturnImpl.executeUpdate(ResultSetReturnImpl.java:197) ~[hibernate-core-6.6.5.Final.jar:6.6.5.Final]
	at org.hibernate.id.insert.GetGeneratedKeysDelegate.performMutation(GetGeneratedKeysDelegate.java:116) ~[hibernate-core-6.6.5.Final.jar:6.6.5.Final]
	at org.hibernate.engine.jdbc.mutation.internal.MutationExecutorSingleNonBatched.performNonBatchedOperations(MutationExecutorSingleNonBatched.java:47) ~[hibernate-core-6.6.5.Final.jar:6.6.5.Final]
	at org.hibernate.engine.jdbc.mutation.internal.AbstractMutationExecutor.execute(AbstractMutationExecutor.java:55) ~[hibernate-core-6.6.5.Final.jar:6.6.5.Final]
	at org.hibernate.persister.entity.mutation.InsertCoordinatorStandard.doStaticInserts(InsertCoordinatorStandard.java:194) ~[hibernate-core-6.6.5.Final.jar:6.6.5.Final]
	at org.hibernate.persister.entity.mutation.InsertCoordinatorStandard.coordinateInsert(InsertCoordinatorStandard.java:132) ~[hibernate-core-6.6.5.Final.jar:6.6.5.Final]
	at org.hibernate.persister.entity.mutation.InsertCoordinatorStandard.insert(InsertCoordinatorStandard.java:95) ~[hibernate-core-6.6.5.Final.jar:6.6.5.Final]
	at org.hibernate.action.internal.EntityIdentityInsertAction.execute(EntityIdentityInsertAction.java:85) ~[hibernate-core-6.6.5.Final.jar:6.6.5.Final]
	at org.hibernate.engine.spi.ActionQueue.execute(ActionQueue.java:682) ~[hibernate-core-6.6.5.Final.jar:6.6.5.Final]
	at org.hibernate.engine.spi.ActionQueue.addResolvedEntityInsertAction(ActionQueue.java:293) ~[hibernate-core-6.6.5.Final.jar:6.6.5.Final]
	at org.hibernate.engine.spi.ActionQueue.addInsertAction(ActionQueue.java:274) ~[hibernate-core-6.6.5.Final.jar:6.6.5.Final]
	at org.hibernate.engine.spi.ActionQueue.addAction(ActionQueue.java:324) ~[hibernate-core-6.6.5.Final.jar:6.6.5.Final]
	at org.hibernate.event.internal.AbstractSaveEventListener.addInsertAction(AbstractSaveEventListener.java:393) ~[hibernate-core-6.6.5.Final.jar:6.6.5.Final]
	at org.hibernate.event.internal.AbstractSaveEventListener.performSaveOrReplicate(AbstractSaveEventListener.java:307) ~[hibernate-core-6.6.5.Final.jar:6.6.5.Final]
	at org.hibernate.event.internal.AbstractSaveEventListener.performSave(AbstractSaveEventListener.java:223) ~[hibernate-core-6.6.5.Final.jar:6.6.5.Final]
	at org.hibernate.event.internal.AbstractSaveEventListener.saveWithGeneratedId(AbstractSaveEventListener.java:136) ~[hibernate-core-6.6.5.Final.jar:6.6.5.Final]
	at org.hibernate.event.internal.DefaultPersistEventListener.entityIsTransient(DefaultPersistEventListener.java:177) ~[hibernate-core-6.6.5.Final.jar:6.6.5.Final]
	at org.hibernate.event.internal.DefaultPersistEventListener.persist(DefaultPersistEventListener.java:95) ~[hibernate-core-6.6.5.Final.jar:6.6.5.Final]
	at org.hibernate.event.internal.DefaultPersistEventListener.onPersist(DefaultPersistEventListener.java:79) ~[hibernate-core-6.6.5.Final.jar:6.6.5.Final]
	at org.hibernate.event.internal.DefaultPersistEventListener.onPersist(DefaultPersistEventListener.java:55) ~[hibernate-core-6.6.5.Final.jar:6.6.5.Final]
	at org.hibernate.event.service.internal.EventListenerGroupImpl.fireEventOnEachListener(EventListenerGroupImpl.java:127) ~[hibernate-core-6.6.5.Final.jar:6.6.5.Final]
	at org.hibernate.internal.SessionImpl.firePersist(SessionImpl.java:761) ~[hibernate-core-6.6.5.Final.jar:6.6.5.Final]
	at org.hibernate.internal.SessionImpl.persist(SessionImpl.java:745) ~[hibernate-core-6.6.5.Final.jar:6.6.5.Final]
	at java.base/jdk.internal.reflect.DirectMethodHandleAccessor.invoke(DirectMethodHandleAccessor.java:103) ~[na:na]
	at java.base/java.lang.reflect.Method.invoke(Method.java:580) ~[na:na]
	at org.springframework.orm.jpa.SharedEntityManagerCreator$SharedEntityManagerInvocationHandler.invoke(SharedEntityManagerCreator.java:320) ~[spring-orm-6.2.2.jar:6.2.2]
	at jdk.proxy4/jdk.proxy4.$Proxy137.persist(Unknown Source) ~[na:na]
	at org.springframework.data.jpa.repository.support.SimpleJpaRepository.save(SimpleJpaRepository.java:627) ~[spring-data-jpa-3.4.2.jar:3.4.2]
	at org.springframework.data.jpa.repository.support.SimpleJpaRepository.saveAll(SimpleJpaRepository.java:653) ~[spring-data-jpa-3.4.2.jar:3.4.2]
	at java.base/jdk.internal.reflect.DirectMethodHandleAccessor.invoke(DirectMethodHandleAccessor.java:103) ~[na:na]
	at java.base/java.lang.reflect.Method.invoke(Method.java:580) ~[na:na]
	at org.springframework.aop.support.AopUtils.invokeJoinpointUsingReflection(AopUtils.java:359) ~[spring-aop-6.2.2.jar:6.2.2]
	at org.springframework.data.repository.core.support.RepositoryMethodInvoker$RepositoryFragmentMethodInvoker.lambda$new$0(RepositoryMethodInvoker.java:277) ~[spring-data-commons-3.4.2.jar:3.4.2]
	at org.springframework.data.repository.core.support.RepositoryMethodInvoker.doInvoke(RepositoryMethodInvoker.java:170) ~[spring-data-commons-3.4.2.jar:3.4.2]
	at org.springframework.data.repository.core.support.RepositoryMethodInvoker.invoke(RepositoryMethodInvoker.java:158) ~[spring-data-commons-3.4.2.jar:3.4.2]
	at org.springframework.data.repository.core.support.RepositoryComposition$RepositoryFragments.invoke(RepositoryComposition.java:515) ~[spring-data-commons-3.4.2.jar:3.4.2]
	at org.springframework.data.repository.core.support.RepositoryComposition.invoke(RepositoryComposition.java:284) ~[spring-data-commons-3.4.2.jar:3.4.2]
	at org.springframework.data.repository.core.support.RepositoryFactorySupport$ImplementationMethodExecutionInterceptor.invoke(RepositoryFactorySupport.java:752) ~[spring-data-commons-3.4.2.jar:3.4.2]
	at org.springframework.aop.framework.ReflectiveMethodInvocation.proceed(ReflectiveMethodInvocation.java:184) ~[spring-aop-6.2.2.jar:6.2.2]
	at org.springframework.data.repository.core.support.QueryExecutorMethodInterceptor.doInvoke(QueryExecutorMethodInterceptor.java:174) ~[spring-data-commons-3.4.2.jar:3.4.2]
	at org.springframework.data.repository.core.support.QueryExecutorMethodInterceptor.invoke(QueryExecutorMethodInterceptor.java:149) ~[spring-data-commons-3.4.2.jar:3.4.2]
	at org.springframework.aop.framework.ReflectiveMethodInvocation.proceed(ReflectiveMethodInvocation.java:184) ~[spring-aop-6.2.2.jar:6.2.2]
	at org.springframework.data.projection.DefaultMethodInvokingMethodInterceptor.invoke(DefaultMethodInvokingMethodInterceptor.java:69) ~[spring-data-commons-3.4.2.jar:3.4.2]
	at org.springframework.aop.framework.ReflectiveMethodInvocation.proceed(ReflectiveMethodInvocation.java:184) ~[spring-aop-6.2.2.jar:6.2.2]
	at org.springframework.transaction.interceptor.TransactionAspectSupport.invokeWithinTransaction(TransactionAspectSupport.java:380) ~[spring-tx-6.2.2.jar:6.2.2]
	at org.springframework.transaction.interceptor.TransactionInterceptor.invoke(TransactionInterceptor.java:119) ~[spring-tx-6.2.2.jar:6.2.2]
	at org.springframework.aop.framework.ReflectiveMethodInvocation.proceed(ReflectiveMethodInvocation.java:184) ~[spring-aop-6.2.2.jar:6.2.2]
	at org.springframework.dao.support.PersistenceExceptionTranslationInterceptor.invoke(PersistenceExceptionTranslationInterceptor.java:138) ~[spring-tx-6.2.2.jar:6.2.2]
	... 29 common frames omitted
Caused by: java.sql.SQLIntegrityConstraintViolationException: Cannot add or update a child row: a foreign key constraint fails (`school_db`.`grades`, CONSTRAINT `fk_grade_student_code` FOREIGN KEY (`student_id`) REFERENCES `members` (`code`) ON DELETE CASCADE)
	at com.mysql.cj.jdbc.exceptions.SQLError.createSQLException(SQLError.java:109) ~[mysql-connector-j-9.1.0.jar:9.1.0]
	at com.mysql.cj.jdbc.exceptions.SQLExceptionsMapping.translateException(SQLExceptionsMapping.java:114) ~[mysql-connector-j-9.1.0.jar:9.1.0]
	at com.mysql.cj.jdbc.ClientPreparedStatement.executeInternal(ClientPreparedStatement.java:988) ~[mysql-connector-j-9.1.0.jar:9.1.0]
	at com.mysql.cj.jdbc.ClientPreparedStatement.executeUpdateInternal(ClientPreparedStatement.java:1166) ~[mysql-connector-j-9.1.0.jar:9.1.0]
	at com.mysql.cj.jdbc.ClientPreparedStatement.executeUpdateInternal(ClientPreparedStatement.java:1101) ~[mysql-connector-j-9.1.0.jar:9.1.0]
	at com.mysql.cj.jdbc.ClientPreparedStatement.executeLargeUpdate(ClientPreparedStatement.java:1467) ~[mysql-connector-j-9.1.0.jar:9.1.0]
	at com.mysql.cj.jdbc.ClientPreparedStatement.executeUpdate(ClientPreparedStatement.java:1084) ~[mysql-connector-j-9.1.0.jar:9.1.0]
	at com.zaxxer.hikari.pool.ProxyPreparedStatement.executeUpdate(ProxyPreparedStatement.java:61) ~[HikariCP-5.1.0.jar:na]
	at com.zaxxer.hikari.pool.HikariProxyPreparedStatement.executeUpdate(HikariProxyPreparedStatement.java) ~[HikariCP-5.1.0.jar:na]
	at org.hibernate.engine.jdbc.internal.ResultSetReturnImpl.executeUpdate(ResultSetReturnImpl.java:194) ~[hibernate-core-6.6.5.Final.jar:6.6.5.Final]
	... 76 common frames omitted

2026-10-01T09:55:02.473+07:00  INFO 24188 --- [school-manager] [restartedMain] o.s.b.w.e.tomcat.GracefulShutdown        : Commencing graceful shutdown. Waiting for active requests to complete
2026-10-01T09:55:02.478+07:00  INFO 24188 --- [school-manager] [tomcat-shutdown] o.s.b.w.e.tomcat.GracefulShutdown        : Graceful shutdown complete
2026-10-01T09:55:02.480+07:00  INFO 24188 --- [school-manager] [restartedMain] j.LocalContainerEntityManagerFactoryBean : Closing JPA EntityManagerFactory for persistence unit 'default'
2026-10-01T09:55:02.483+07:00  INFO 24188 --- [school-manager] [restartedMain] com.zaxxer.hikari.HikariDataSource       : HikariPool-1 - Shutdown initiated...
2026-10-01T09:55:02.490+07:00  INFO 24188 --- [school-manager] [restartedMain] com.zaxxer.hikari.HikariDataSource       : HikariPool-1 - Shutdown completed.
2026-10-01T10:04:10.391+07:00  INFO 25292 --- [school-manager] [restartedMain] c.s.manager.SchoolManagerApplication     : Starting SchoolManagerApplication using Java 21.0.11 with PID 25292 (C:\Users\phuongpa\Documents\New folder (2)\school-manager\target\classes started by phuongpa in C:\Users\phuongpa\Documents\New folder (2)\school-manager)
2026-10-01T10:04:10.393+07:00 DEBUG 25292 --- [school-manager] [restartedMain] c.s.manager.SchoolManagerApplication     : Running with Spring Boot v3.4.2, Spring v6.2.2
2026-10-01T10:04:10.393+07:00  INFO 25292 --- [school-manager] [restartedMain] c.s.manager.SchoolManagerApplication     : No active profile set, falling back to 1 default profile: "default"
2026-10-01T10:04:10.435+07:00  INFO 25292 --- [school-manager] [restartedMain] .e.DevToolsPropertyDefaultsPostProcessor : Devtools property defaults active! Set 'spring.devtools.add-properties' to 'false' to disable
2026-10-01T10:04:10.435+07:00  INFO 25292 --- [school-manager] [restartedMain] .e.DevToolsPropertyDefaultsPostProcessor : For additional web related logging consider setting the 'logging.level.web' property to 'DEBUG'
2026-10-01T10:04:11.165+07:00  INFO 25292 --- [school-manager] [restartedMain] .s.d.r.c.RepositoryConfigurationDelegate : Bootstrapping Spring Data JPA repositories in DEFAULT mode.
2026-10-01T10:04:11.230+07:00  INFO 25292 --- [school-manager] [restartedMain] .s.d.r.c.RepositoryConfigurationDelegate : Finished Spring Data repository scanning in 56 ms. Found 3 JPA repository interfaces.
2026-10-01T10:04:11.747+07:00  INFO 25292 --- [school-manager] [restartedMain] o.s.b.w.embedded.tomcat.TomcatWebServer  : Tomcat initialized with port 8080 (http)
2026-10-01T10:04:11.759+07:00  INFO 25292 --- [school-manager] [restartedMain] o.apache.catalina.core.StandardService   : Starting service [Tomcat]
2026-10-01T10:04:11.759+07:00  INFO 25292 --- [school-manager] [restartedMain] o.apache.catalina.core.StandardEngine    : Starting Servlet engine: [Apache Tomcat/10.1.34]
2026-10-01T10:04:11.801+07:00  INFO 25292 --- [school-manager] [restartedMain] o.a.c.c.C.[Tomcat].[localhost].[/]       : Initializing Spring embedded WebApplicationContext
2026-10-01T10:04:11.801+07:00  INFO 25292 --- [school-manager] [restartedMain] w.s.c.ServletWebServerApplicationContext : Root WebApplicationContext: initialization completed in 1365 ms
2026-10-01T10:04:11.929+07:00  INFO 25292 --- [school-manager] [restartedMain] o.hibernate.jpa.internal.util.LogHelper  : HHH000204: Processing PersistenceUnitInfo [name: default]
2026-10-01T10:04:11.994+07:00  INFO 25292 --- [school-manager] [restartedMain] org.hibernate.Version                    : HHH000412: Hibernate ORM core version 6.6.5.Final
2026-10-01T10:04:12.028+07:00  INFO 25292 --- [school-manager] [restartedMain] o.h.c.internal.RegionFactoryInitiator    : HHH000026: Second-level cache disabled
2026-10-01T10:04:12.285+07:00  INFO 25292 --- [school-manager] [restartedMain] o.s.o.j.p.SpringPersistenceUnitInfo      : No LoadTimeWeaver setup: ignoring JPA class transformer
2026-10-01T10:04:12.311+07:00  INFO 25292 --- [school-manager] [restartedMain] com.zaxxer.hikari.HikariDataSource       : HikariPool-1 - Starting...
2026-10-01T10:04:12.448+07:00  INFO 25292 --- [school-manager] [restartedMain] com.zaxxer.hikari.pool.HikariPool        : HikariPool-1 - Added connection com.mysql.cj.jdbc.ConnectionImpl@44ff7e80
2026-10-01T10:04:12.450+07:00  INFO 25292 --- [school-manager] [restartedMain] com.zaxxer.hikari.HikariDataSource       : HikariPool-1 - Start completed.
2026-10-01T10:04:12.551+07:00  INFO 25292 --- [school-manager] [restartedMain] org.hibernate.orm.connections.pooling    : HHH10001005: Database info:
	Database JDBC URL [Connecting through datasource 'HikariDataSource (HikariPool-1)']
	Database driver: undefined/unknown
	Database version: 8.0.46
	Autocommit mode: undefined/unknown
	Isolation level: undefined/unknown
	Minimum pool size: undefined/unknown
	Maximum pool size: undefined/unknown
2026-10-01T10:04:13.417+07:00  INFO 25292 --- [school-manager] [restartedMain] o.h.e.t.j.p.i.JtaPlatformInitiator       : HHH000489: No JTA platform available (set 'hibernate.transaction.jta.platform' to enable JTA platform integration)
2026-10-01T10:04:13.509+07:00  INFO 25292 --- [school-manager] [restartedMain] j.LocalContainerEntityManagerFactoryBean : Initialized JPA EntityManagerFactory for persistence unit 'default'
2026-10-01T10:04:13.742+07:00  INFO 25292 --- [school-manager] [restartedMain] o.s.d.j.r.query.QueryEnhancerFactory     : Hibernate is in classpath; If applicable, HQL parser will be used.
2026-10-01T10:04:14.618+07:00  WARN 25292 --- [school-manager] [restartedMain] JpaBaseConfiguration$JpaWebConfiguration : spring.jpa.open-in-view is enabled by default. Therefore, database queries may be performed during view rendering. Explicitly configure spring.jpa.open-in-view to disable this warning
2026-10-01T10:04:14.633+07:00  WARN 25292 --- [school-manager] [restartedMain] .s.s.UserDetailsServiceAutoConfiguration : 

Using generated security password: 3755b74a-da4f-4dc0-a25c-86483af7d3e2

This generated password is for development use only. Your security configuration must be updated before running your application in production.

2026-10-01T10:04:14.651+07:00  INFO 25292 --- [school-manager] [restartedMain] r$InitializeUserDetailsManagerConfigurer : Global AuthenticationManager configured with UserDetailsService bean with name inMemoryUserDetailsManager
2026-10-01T10:04:15.084+07:00  INFO 25292 --- [school-manager] [restartedMain] o.s.b.a.h2.H2ConsoleAutoConfiguration    : H2 console available at '/h2-console'. Database available at 'jdbc:mysql://localhost:3306/school_db?useSSL=false&serverTimezone=UTC&allowPublicKeyRetrieval=true'
2026-10-01T10:04:15.145+07:00  INFO 25292 --- [school-manager] [restartedMain] o.s.b.d.a.OptionalLiveReloadServer       : LiveReload server is running on port 35729
2026-10-01T10:04:15.171+07:00  INFO 25292 --- [school-manager] [restartedMain] o.s.b.w.embedded.tomcat.TomcatWebServer  : Tomcat started on port 8080 (http) with context path '/'
2026-10-01T10:04:15.177+07:00  INFO 25292 --- [school-manager] [restartedMain] c.s.manager.SchoolManagerApplication     : Started SchoolManagerApplication in 5.277 seconds (process running for 5.869)
2026-10-01T10:04:15.179+07:00  INFO 25292 --- [school-manager] [restartedMain] c.school.manager.config.DatabaseSeeder   : [DB Seeder] Các môn học được hỗ trợ: [math, literature, english]
2026-10-01T10:04:15.180+07:00  INFO 25292 --- [school-manager] [restartedMain] c.school.manager.config.DatabaseSeeder   : [DB Seeder] Phát hiện động file db.json trong thư mục cùng cấp: C:\Users\phuongpa\Documents\New folder (2)\phần-mềm-quản-lý-điểm\db.json
2026-10-01T10:04:15.181+07:00  INFO 25292 --- [school-manager] [restartedMain] c.school.manager.config.DatabaseSeeder   : [DB Seeder] Đang tải dữ liệu từ file: C:\Users\phuongpa\Documents\New folder (2)\phần-mềm-quản-lý-điểm\db.json
2026-10-01T10:04:15.310+07:00 DEBUG 25292 --- [school-manager] [restartedMain] org.hibernate.SQL                        : select count(*) from members m1_0
2026-10-01T10:04:15.342+07:00 DEBUG 25292 --- [school-manager] [restartedMain] org.hibernate.SQL                        : select count(*) from members m1_0
2026-10-01T10:04:15.353+07:00 DEBUG 25292 --- [school-manager] [restartedMain] org.hibernate.SQL                        : select count(*) from school_classes sc1_0
2026-10-01T10:04:15.361+07:00  INFO 25292 --- [school-manager] [restartedMain] c.school.manager.config.DatabaseSeeder   : [DB Seeder] Cơ sở dữ liệu đã có sẵn dữ liệu (198 thành viên, 9 lớp học). Giữ nguyên dữ liệu hiện tại.
2026-10-01T10:04:15.374+07:00 DEBUG 25292 --- [school-manager] [restartedMain] org.hibernate.SQL                        : select m1_0.id,m1_0.class_name,m1_0.code,m1_0.email,m1_0.must_change_password,m1_0.name,m1_0.password,m1_0.role,m1_0.subject from members m1_0
2026-10-01T10:04:15.420+07:00 DEBUG 25292 --- [school-manager] [restartedMain] org.hibernate.SQL                        : select count(*) from grades g1_0
2026-10-01T10:04:15.428+07:00 DEBUG 25292 --- [school-manager] [restartedMain] org.hibernate.SQL                        : select g1_0.id,g1_0.english,g1_0.english_final,g1_0.english_m15,g1_0.english_mid,g1_0.english_oral,g1_0.gpa,g1_0.literature,g1_0.literature_final,g1_0.literature_m15,g1_0.literature_mid,g1_0.literature_oral,g1_0.math,g1_0.math_final,g1_0.math_m15,g1_0.math_mid,g1_0.math_oral,g1_0.student_code,g1_0.student_id from grades g1_0
2026-10-01T10:04:15.443+07:00  INFO 25292 --- [school-manager] [restartedMain] c.school.manager.config.DatabaseSeeder   : [DB Seeder] Đang tự động bổ sung studentCode và dữ liệu điểm thành phần từ db.json...
2026-10-01T10:04:15.447+07:00 DEBUG 25292 --- [school-manager] [restartedMain] org.hibernate.SQL                        : select m1_0.id,m1_0.class_name,m1_0.code,m1_0.email,m1_0.must_change_password,m1_0.name,m1_0.password,m1_0.role,m1_0.subject from members m1_0
2026-10-01T10:04:15.464+07:00 DEBUG 25292 --- [school-manager] [restartedMain] org.hibernate.SQL                        : select g1_0.id,g1_0.english,g1_0.english_final,g1_0.english_m15,g1_0.english_mid,g1_0.english_oral,g1_0.gpa,g1_0.literature,g1_0.literature_final,g1_0.literature_m15,g1_0.literature_mid,g1_0.literature_oral,g1_0.math,g1_0.math_final,g1_0.math_m15,g1_0.math_mid,g1_0.math_oral,g1_0.student_code,g1_0.student_id from grades g1_0
2026-10-01T10:04:15.476+07:00 DEBUG 25292 --- [school-manager] [restartedMain] org.hibernate.SQL                        : select sc1_0.id,sc1_0.code,sc1_0.name from school_classes sc1_0
2026-10-01T10:04:15.484+07:00 DEBUG 25292 --- [school-manager] [restartedMain] org.hibernate.SQL                        : select m1_0.id,m1_0.class_name,m1_0.code,m1_0.email,m1_0.must_change_password,m1_0.name,m1_0.password,m1_0.role,m1_0.subject from members m1_0
2026-10-01T10:04:15.495+07:00 DEBUG 25292 --- [school-manager] [restartedMain] org.hibernate.SQL                        : select m1_0.id,m1_0.class_name,m1_0.code,m1_0.email,m1_0.must_change_password,m1_0.name,m1_0.password,m1_0.role,m1_0.subject from members m1_0
2026-10-01T10:04:15.548+07:00 DEBUG 25292 --- [school-manager] [restartedMain] org.hibernate.SQL                        : select m1_0.id,m1_0.class_name,m1_0.code,m1_0.email,m1_0.must_change_password,m1_0.name,m1_0.password,m1_0.role,m1_0.subject from members m1_0 where m1_0.role=?
2026-10-01T10:04:15.565+07:00 DEBUG 25292 --- [school-manager] [restartedMain] org.hibernate.SQL                        : select count(g1_0.id)>0 from grades g1_0 where g1_0.student_id=?
2026-10-01T10:04:15.571+07:00 DEBUG 25292 --- [school-manager] [restartedMain] org.hibernate.SQL                        : select count(g1_0.id)>0 from grades g1_0 where g1_0.student_id=?
2026-10-01T10:04:15.576+07:00 DEBUG 25292 --- [school-manager] [restartedMain] org.hibernate.SQL                        : select count(g1_0.id)>0 from grades g1_0 where g1_0.student_id=?
2026-10-01T10:04:15.580+07:00 DEBUG 25292 --- [school-manager] [restartedMain] org.hibernate.SQL                        : select count(g1_0.id)>0 from grades g1_0 where g1_0.student_id=?
2026-10-01T10:04:15.584+07:00 DEBUG 25292 --- [school-manager] [restartedMain] org.hibernate.SQL                        : select count(g1_0.id)>0 from grades g1_0 where g1_0.student_id=?
2026-10-01T10:04:15.588+07:00 DEBUG 25292 --- [school-manager] [restartedMain] org.hibernate.SQL                        : select count(g1_0.id)>0 from grades g1_0 where g1_0.student_id=?
2026-10-01T10:04:15.592+07:00 DEBUG 25292 --- [school-manager] [restartedMain] org.hibernate.SQL                        : select count(g1_0.id)>0 from grades g1_0 where g1_0.student_id=?
2026-10-01T10:04:15.595+07:00 DEBUG 25292 --- [school-manager] [restartedMain] org.hibernate.SQL                        : select count(g1_0.id)>0 from grades g1_0 where g1_0.student_id=?
2026-10-01T10:04:15.599+07:00 DEBUG 25292 --- [school-manager] [restartedMain] org.hibernate.SQL                        : select count(g1_0.id)>0 from grades g1_0 where g1_0.student_id=?
2026-10-01T10:04:15.603+07:00 DEBUG 25292 --- [school-manager] [restartedMain] org.hibernate.SQL                        : select count(g1_0.id)>0 from grades g1_0 where g1_0.student_id=?
2026-10-01T10:04:15.609+07:00 DEBUG 25292 --- [school-manager] [restartedMain] org.hibernate.SQL                        : select count(g1_0.id)>0 from grades g1_0 where g1_0.student_id=?
2026-10-01T10:04:15.612+07:00 DEBUG 25292 --- [school-manager] [restartedMain] org.hibernate.SQL                        : select count(g1_0.id)>0 from grades g1_0 where g1_0.student_id=?
2026-10-01T10:04:15.616+07:00 DEBUG 25292 --- [school-manager] [restartedMain] org.hibernate.SQL                        : select count(g1_0.id)>0 from grades g1_0 where g1_0.student_id=?
2026-10-01T10:04:15.619+07:00 DEBUG 25292 --- [school-manager] [restartedMain] org.hibernate.SQL                        : select count(g1_0.id)>0 from grades g1_0 where g1_0.student_id=?
2026-10-01T10:04:15.623+07:00 DEBUG 25292 --- [school-manager] [restartedMain] org.hibernate.SQL                        : select count(g1_0.id)>0 from grades g1_0 where g1_0.student_id=?
2026-10-01T10:04:15.626+07:00 DEBUG 25292 --- [school-manager] [restartedMain] org.hibernate.SQL                        : select count(g1_0.id)>0 from grades g1_0 where g1_0.student_id=?
2026-10-01T10:04:15.628+07:00 DEBUG 25292 --- [school-manager] [restartedMain] org.hibernate.SQL                        : select count(g1_0.id)>0 from grades g1_0 where g1_0.student_id=?
2026-10-01T10:04:15.630+07:00 DEBUG 25292 --- [school-manager] [restartedMain] org.hibernate.SQL                        : select count(g1_0.id)>0 from grades g1_0 where g1_0.student_id=?
2026-10-01T10:04:15.633+07:00 DEBUG 25292 --- [school-manager] [restartedMain] org.hibernate.SQL                        : select count(g1_0.id)>0 from grades g1_0 where g1_0.student_id=?
2026-10-01T10:04:15.635+07:00 DEBUG 25292 --- [school-manager] [restartedMain] org.hibernate.SQL                        : select count(g1_0.id)>0 from grades g1_0 where g1_0.student_id=?
2026-10-01T10:04:15.639+07:00 DEBUG 25292 --- [school-manager] [restartedMain] org.hibernate.SQL                        : select count(g1_0.id)>0 from grades g1_0 where g1_0.student_id=?
2026-10-01T10:04:15.641+07:00 DEBUG 25292 --- [school-manager] [restartedMain] org.hibernate.SQL                        : select count(g1_0.id)>0 from grades g1_0 where g1_0.student_id=?
2026-10-01T10:04:15.644+07:00 DEBUG 25292 --- [school-manager] [restartedMain] org.hibernate.SQL                        : select count(g1_0.id)>0 from grades g1_0 where g1_0.student_id=?
2026-10-01T10:04:15.646+07:00 DEBUG 25292 --- [school-manager] [restartedMain] org.hibernate.SQL                        : select count(g1_0.id)>0 from grades g1_0 where g1_0.student_id=?
2026-10-01T10:04:15.648+07:00 DEBUG 25292 --- [school-manager] [restartedMain] org.hibernate.SQL                        : select count(g1_0.id)>0 from grades g1_0 where g1_0.student_id=?
2026-10-01T10:04:15.651+07:00 DEBUG 25292 --- [school-manager] [restartedMain] org.hibernate.SQL                        : select count(g1_0.id)>0 from grades g1_0 where g1_0.student_id=?
2026-10-01T10:04:15.654+07:00 DEBUG 25292 --- [school-manager] [restartedMain] org.hibernate.SQL                        : select count(g1_0.id)>0 from grades g1_0 where g1_0.student_id=?
2026-10-01T10:04:15.657+07:00 DEBUG 25292 --- [school-manager] [restartedMain] org.hibernate.SQL                        : select count(g1_0.id)>0 from grades g1_0 where g1_0.student_id=?
2026-10-01T10:04:15.659+07:00 DEBUG 25292 --- [school-manager] [restartedMain] org.hibernate.SQL                        : select count(g1_0.id)>0 from grades g1_0 where g1_0.student_id=?
2026-10-01T10:04:15.661+07:00 DEBUG 25292 --- [school-manager] [restartedMain] org.hibernate.SQL                        : select count(g1_0.id)>0 from grades g1_0 where g1_0.student_id=?
2026-10-01T10:04:15.663+07:00 DEBUG 25292 --- [school-manager] [restartedMain] org.hibernate.SQL                        : select count(g1_0.id)>0 from grades g1_0 where g1_0.student_id=?
2026-10-01T10:04:15.667+07:00 DEBUG 25292 --- [school-manager] [restartedMain] org.hibernate.SQL                        : select count(g1_0.id)>0 from grades g1_0 where g1_0.student_id=?
2026-10-01T10:04:15.670+07:00 DEBUG 25292 --- [school-manager] [restartedMain] org.hibernate.SQL                        : select count(g1_0.id)>0 from grades g1_0 where g1_0.student_id=?
2026-10-01T10:04:15.672+07:00 DEBUG 25292 --- [school-manager] [restartedMain] org.hibernate.SQL                        : select count(g1_0.id)>0 from grades g1_0 where g1_0.student_id=?
2026-10-01T10:04:15.675+07:00 DEBUG 25292 --- [school-manager] [restartedMain] org.hibernate.SQL                        : select count(g1_0.id)>0 from grades g1_0 where g1_0.student_id=?
2026-10-01T10:04:15.677+07:00 DEBUG 25292 --- [school-manager] [restartedMain] org.hibernate.SQL                        : select count(g1_0.id)>0 from grades g1_0 where g1_0.student_id=?
2026-10-01T10:04:15.679+07:00 DEBUG 25292 --- [school-manager] [restartedMain] org.hibernate.SQL                        : select count(g1_0.id)>0 from grades g1_0 where g1_0.student_id=?
2026-10-01T10:04:15.681+07:00 DEBUG 25292 --- [school-manager] [restartedMain] org.hibernate.SQL                        : select count(g1_0.id)>0 from grades g1_0 where g1_0.student_id=?
2026-10-01T10:04:15.682+07:00 DEBUG 25292 --- [school-manager] [restartedMain] org.hibernate.SQL                        : select count(g1_0.id)>0 from grades g1_0 where g1_0.student_id=?
2026-10-01T10:04:15.686+07:00 DEBUG 25292 --- [school-manager] [restartedMain] org.hibernate.SQL                        : select count(g1_0.id)>0 from grades g1_0 where g1_0.student_id=?
2026-10-01T10:04:15.688+07:00 DEBUG 25292 --- [school-manager] [restartedMain] org.hibernate.SQL                        : select count(g1_0.id)>0 from grades g1_0 where g1_0.student_id=?
2026-10-01T10:04:15.690+07:00 DEBUG 25292 --- [school-manager] [restartedMain] org.hibernate.SQL                        : select count(g1_0.id)>0 from grades g1_0 where g1_0.student_id=?
2026-10-01T10:04:15.693+07:00 DEBUG 25292 --- [school-manager] [restartedMain] org.hibernate.SQL                        : select count(g1_0.id)>0 from grades g1_0 where g1_0.student_id=?
2026-10-01T10:04:15.694+07:00 DEBUG 25292 --- [school-manager] [restartedMain] org.hibernate.SQL                        : select count(g1_0.id)>0 from grades g1_0 where g1_0.student_id=?
2026-10-01T10:04:15.697+07:00 DEBUG 25292 --- [school-manager] [restartedMain] org.hibernate.SQL                        : select count(g1_0.id)>0 from grades g1_0 where g1_0.student_id=?
2026-10-01T10:04:15.700+07:00 DEBUG 25292 --- [school-manager] [restartedMain] org.hibernate.SQL                        : select count(g1_0.id)>0 from grades g1_0 where g1_0.student_id=?
2026-10-01T10:04:15.703+07:00 DEBUG 25292 --- [school-manager] [restartedMain] org.hibernate.SQL                        : select count(g1_0.id)>0 from grades g1_0 where g1_0.student_id=?
2026-10-01T10:04:15.705+07:00 DEBUG 25292 --- [school-manager] [restartedMain] org.hibernate.SQL                        : select count(g1_0.id)>0 from grades g1_0 where g1_0.student_id=?
2026-10-01T10:04:15.707+07:00 DEBUG 25292 --- [school-manager] [restartedMain] org.hibernate.SQL                        : select count(g1_0.id)>0 from grades g1_0 where g1_0.student_id=?
2026-10-01T10:04:15.709+07:00 DEBUG 25292 --- [school-manager] [restartedMain] org.hibernate.SQL                        : select count(g1_0.id)>0 from grades g1_0 where g1_0.student_id=?
2026-10-01T10:04:15.710+07:00 DEBUG 25292 --- [school-manager] [restartedMain] org.hibernate.SQL                        : select count(g1_0.id)>0 from grades g1_0 where g1_0.student_id=?
2026-10-01T10:04:15.713+07:00 DEBUG 25292 --- [school-manager] [restartedMain] org.hibernate.SQL                        : select count(g1_0.id)>0 from grades g1_0 where g1_0.student_id=?
2026-10-01T10:04:15.715+07:00 DEBUG 25292 --- [school-manager] [restartedMain] org.hibernate.SQL                        : select count(g1_0.id)>0 from grades g1_0 where g1_0.student_id=?
2026-10-01T10:04:15.717+07:00 DEBUG 25292 --- [school-manager] [restartedMain] org.hibernate.SQL                        : select count(g1_0.id)>0 from grades g1_0 where g1_0.student_id=?
2026-10-01T10:04:15.719+07:00 DEBUG 25292 --- [school-manager] [restartedMain] org.hibernate.SQL                        : select count(g1_0.id)>0 from grades g1_0 where g1_0.student_id=?
2026-10-01T10:04:15.722+07:00 DEBUG 25292 --- [school-manager] [restartedMain] org.hibernate.SQL                        : select count(g1_0.id)>0 from grades g1_0 where g1_0.student_id=?
2026-10-01T10:04:15.724+07:00 DEBUG 25292 --- [school-manager] [restartedMain] org.hibernate.SQL                        : select count(g1_0.id)>0 from grades g1_0 where g1_0.student_id=?
2026-10-01T10:04:15.727+07:00 DEBUG 25292 --- [school-manager] [restartedMain] org.hibernate.SQL                        : select count(g1_0.id)>0 from grades g1_0 where g1_0.student_id=?
2026-10-01T10:04:15.729+07:00 DEBUG 25292 --- [school-manager] [restartedMain] org.hibernate.SQL                        : select count(g1_0.id)>0 from grades g1_0 where g1_0.student_id=?
2026-10-01T10:04:15.731+07:00 DEBUG 25292 --- [school-manager] [restartedMain] org.hibernate.SQL                        : select count(g1_0.id)>0 from grades g1_0 where g1_0.student_id=?
2026-10-01T10:04:15.733+07:00 DEBUG 25292 --- [school-manager] [restartedMain] org.hibernate.SQL                        : select count(g1_0.id)>0 from grades g1_0 where g1_0.student_id=?
2026-10-01T10:04:15.735+07:00 DEBUG 25292 --- [school-manager] [restartedMain] org.hibernate.SQL                        : select count(g1_0.id)>0 from grades g1_0 where g1_0.student_id=?
2026-10-01T10:04:15.738+07:00 DEBUG 25292 --- [school-manager] [restartedMain] org.hibernate.SQL                        : select count(g1_0.id)>0 from grades g1_0 where g1_0.student_id=?
2026-10-01T10:04:15.740+07:00 DEBUG 25292 --- [school-manager] [restartedMain] org.hibernate.SQL                        : select count(g1_0.id)>0 from grades g1_0 where g1_0.student_id=?
2026-10-01T10:04:15.743+07:00 DEBUG 25292 --- [school-manager] [restartedMain] org.hibernate.SQL                        : select count(g1_0.id)>0 from grades g1_0 where g1_0.student_id=?
2026-10-01T10:04:15.745+07:00 DEBUG 25292 --- [school-manager] [restartedMain] org.hibernate.SQL                        : select count(g1_0.id)>0 from grades g1_0 where g1_0.student_id=?
2026-10-01T10:04:15.747+07:00 DEBUG 25292 --- [school-manager] [restartedMain] org.hibernate.SQL                        : select count(g1_0.id)>0 from grades g1_0 where g1_0.student_id=?
2026-10-01T10:04:15.749+07:00 DEBUG 25292 --- [school-manager] [restartedMain] org.hibernate.SQL                        : select count(g1_0.id)>0 from grades g1_0 where g1_0.student_id=?
2026-10-01T10:04:15.752+07:00 DEBUG 25292 --- [school-manager] [restartedMain] org.hibernate.SQL                        : select count(g1_0.id)>0 from grades g1_0 where g1_0.student_id=?
2026-10-01T10:04:15.754+07:00 DEBUG 25292 --- [school-manager] [restartedMain] org.hibernate.SQL                        : select count(g1_0.id)>0 from grades g1_0 where g1_0.student_id=?
2026-10-01T10:04:15.757+07:00 DEBUG 25292 --- [school-manager] [restartedMain] org.hibernate.SQL                        : select count(g1_0.id)>0 from grades g1_0 where g1_0.student_id=?
2026-10-01T10:04:15.761+07:00 DEBUG 25292 --- [school-manager] [restartedMain] org.hibernate.SQL                        : select count(g1_0.id)>0 from grades g1_0 where g1_0.student_id=?
2026-10-01T10:04:15.765+07:00 DEBUG 25292 --- [school-manager] [restartedMain] org.hibernate.SQL                        : select count(g1_0.id)>0 from grades g1_0 where g1_0.student_id=?
2026-10-01T10:04:15.769+07:00 DEBUG 25292 --- [school-manager] [restartedMain] org.hibernate.SQL                        : select count(g1_0.id)>0 from grades g1_0 where g1_0.student_id=?
2026-10-01T10:04:15.775+07:00 DEBUG 25292 --- [school-manager] [restartedMain] org.hibernate.SQL                        : select count(g1_0.id)>0 from grades g1_0 where g1_0.student_id=?
2026-10-01T10:04:15.778+07:00 DEBUG 25292 --- [school-manager] [restartedMain] org.hibernate.SQL                        : select count(g1_0.id)>0 from grades g1_0 where g1_0.student_id=?
2026-10-01T10:04:15.781+07:00 DEBUG 25292 --- [school-manager] [restartedMain] org.hibernate.SQL                        : select count(g1_0.id)>0 from grades g1_0 where g1_0.student_id=?
2026-10-01T10:04:15.785+07:00 DEBUG 25292 --- [school-manager] [restartedMain] org.hibernate.SQL                        : select count(g1_0.id)>0 from grades g1_0 where g1_0.student_id=?
2026-10-01T10:04:15.790+07:00 DEBUG 25292 --- [school-manager] [restartedMain] org.hibernate.SQL                        : select count(g1_0.id)>0 from grades g1_0 where g1_0.student_id=?
2026-10-01T10:04:15.794+07:00 DEBUG 25292 --- [school-manager] [restartedMain] org.hibernate.SQL                        : select count(g1_0.id)>0 from grades g1_0 where g1_0.student_id=?
2026-10-01T10:04:15.797+07:00 DEBUG 25292 --- [school-manager] [restartedMain] org.hibernate.SQL                        : select count(g1_0.id)>0 from grades g1_0 where g1_0.student_id=?
2026-10-01T10:04:15.801+07:00 DEBUG 25292 --- [school-manager] [restartedMain] org.hibernate.SQL                        : select count(g1_0.id)>0 from grades g1_0 where g1_0.student_id=?
2026-10-01T10:04:15.805+07:00 DEBUG 25292 --- [school-manager] [restartedMain] org.hibernate.SQL                        : select count(g1_0.id)>0 from grades g1_0 where g1_0.student_id=?
2026-10-01T10:04:15.810+07:00 DEBUG 25292 --- [school-manager] [restartedMain] org.hibernate.SQL                        : select count(g1_0.id)>0 from grades g1_0 where g1_0.student_id=?
2026-10-01T10:04:15.814+07:00 DEBUG 25292 --- [school-manager] [restartedMain] org.hibernate.SQL                        : select count(g1_0.id)>0 from grades g1_0 where g1_0.student_id=?
2026-10-01T10:04:15.819+07:00 DEBUG 25292 --- [school-manager] [restartedMain] org.hibernate.SQL                        : select count(g1_0.id)>0 from grades g1_0 where g1_0.student_id=?
2026-10-01T10:04:15.824+07:00 DEBUG 25292 --- [school-manager] [restartedMain] org.hibernate.SQL                        : select count(g1_0.id)>0 from grades g1_0 where g1_0.student_id=?
2026-10-01T10:04:15.826+07:00 DEBUG 25292 --- [school-manager] [restartedMain] org.hibernate.SQL                        : select count(g1_0.id)>0 from grades g1_0 where g1_0.student_id=?
2026-10-01T10:04:15.829+07:00 DEBUG 25292 --- [school-manager] [restartedMain] org.hibernate.SQL                        : select count(g1_0.id)>0 from grades g1_0 where g1_0.student_id=?
2026-10-01T10:04:15.832+07:00 DEBUG 25292 --- [school-manager] [restartedMain] org.hibernate.SQL                        : select count(g1_0.id)>0 from grades g1_0 where g1_0.student_id=?
2026-10-01T10:04:15.836+07:00 DEBUG 25292 --- [school-manager] [restartedMain] org.hibernate.SQL                        : select count(g1_0.id)>0 from grades g1_0 where g1_0.student_id=?
2026-10-01T10:04:15.840+07:00 DEBUG 25292 --- [school-manager] [restartedMain] org.hibernate.SQL                        : select count(g1_0.id)>0 from grades g1_0 where g1_0.student_id=?
2026-10-01T10:04:15.843+07:00 DEBUG 25292 --- [school-manager] [restartedMain] org.hibernate.SQL                        : select count(g1_0.id)>0 from grades g1_0 where g1_0.student_id=?
2026-10-01T10:04:15.846+07:00 DEBUG 25292 --- [school-manager] [restartedMain] org.hibernate.SQL                        : select count(g1_0.id)>0 from grades g1_0 where g1_0.student_id=?
2026-10-01T10:04:15.851+07:00 DEBUG 25292 --- [school-manager] [restartedMain] org.hibernate.SQL                        : select count(g1_0.id)>0 from grades g1_0 where g1_0.student_id=?
2026-10-01T10:04:15.854+07:00 DEBUG 25292 --- [school-manager] [restartedMain] org.hibernate.SQL                        : select count(g1_0.id)>0 from grades g1_0 where g1_0.student_id=?
2026-10-01T10:04:15.859+07:00 DEBUG 25292 --- [school-manager] [restartedMain] org.hibernate.SQL                        : select count(g1_0.id)>0 from grades g1_0 where g1_0.student_id=?
2026-10-01T10:04:15.863+07:00 DEBUG 25292 --- [school-manager] [restartedMain] org.hibernate.SQL                        : select count(g1_0.id)>0 from grades g1_0 where g1_0.student_id=?
2026-10-01T10:04:15.866+07:00 DEBUG 25292 --- [school-manager] [restartedMain] org.hibernate.SQL                        : select count(g1_0.id)>0 from grades g1_0 where g1_0.student_id=?
2026-10-01T10:04:15.869+07:00 DEBUG 25292 --- [school-manager] [restartedMain] org.hibernate.SQL                        : select count(g1_0.id)>0 from grades g1_0 where g1_0.student_id=?
2026-10-01T10:04:15.873+07:00 DEBUG 25292 --- [school-manager] [restartedMain] org.hibernate.SQL                        : select count(g1_0.id)>0 from grades g1_0 where g1_0.student_id=?
2026-10-01T10:04:15.875+07:00 DEBUG 25292 --- [school-manager] [restartedMain] org.hibernate.SQL                        : select count(g1_0.id)>0 from grades g1_0 where g1_0.student_id=?
2026-10-01T10:04:15.878+07:00 DEBUG 25292 --- [school-manager] [restartedMain] org.hibernate.SQL                        : select count(g1_0.id)>0 from grades g1_0 where g1_0.student_id=?
2026-10-01T10:04:15.879+07:00 DEBUG 25292 --- [school-manager] [restartedMain] org.hibernate.SQL                        : select count(g1_0.id)>0 from grades g1_0 where g1_0.student_id=?
2026-10-01T10:04:15.882+07:00 DEBUG 25292 --- [school-manager] [restartedMain] org.hibernate.SQL                        : select count(g1_0.id)>0 from grades g1_0 where g1_0.student_id=?
2026-10-01T10:04:15.884+07:00 DEBUG 25292 --- [school-manager] [restartedMain] org.hibernate.SQL                        : select count(g1_0.id)>0 from grades g1_0 where g1_0.student_id=?
2026-10-01T10:04:15.887+07:00 DEBUG 25292 --- [school-manager] [restartedMain] org.hibernate.SQL                        : select count(g1_0.id)>0 from grades g1_0 where g1_0.student_id=?
2026-10-01T10:04:15.889+07:00 DEBUG 25292 --- [school-manager] [restartedMain] org.hibernate.SQL                        : select count(g1_0.id)>0 from grades g1_0 where g1_0.student_id=?
2026-10-01T10:04:15.891+07:00 DEBUG 25292 --- [school-manager] [restartedMain] org.hibernate.SQL                        : select count(g1_0.id)>0 from grades g1_0 where g1_0.student_id=?
2026-10-01T10:04:15.893+07:00 DEBUG 25292 --- [school-manager] [restartedMain] org.hibernate.SQL                        : select count(g1_0.id)>0 from grades g1_0 where g1_0.student_id=?
2026-10-01T10:04:15.895+07:00 DEBUG 25292 --- [school-manager] [restartedMain] org.hibernate.SQL                        : select count(g1_0.id)>0 from grades g1_0 where g1_0.student_id=?
2026-10-01T10:04:15.897+07:00 DEBUG 25292 --- [school-manager] [restartedMain] org.hibernate.SQL                        : select count(g1_0.id)>0 from grades g1_0 where g1_0.student_id=?
2026-10-01T10:04:15.899+07:00 DEBUG 25292 --- [school-manager] [restartedMain] org.hibernate.SQL                        : select count(g1_0.id)>0 from grades g1_0 where g1_0.student_id=?
2026-10-01T10:04:15.901+07:00 DEBUG 25292 --- [school-manager] [restartedMain] org.hibernate.SQL                        : select count(g1_0.id)>0 from grades g1_0 where g1_0.student_id=?
2026-10-01T10:04:15.903+07:00 DEBUG 25292 --- [school-manager] [restartedMain] org.hibernate.SQL                        : select count(g1_0.id)>0 from grades g1_0 where g1_0.student_id=?
2026-10-01T10:04:15.905+07:00 DEBUG 25292 --- [school-manager] [restartedMain] org.hibernate.SQL                        : select count(g1_0.id)>0 from grades g1_0 where g1_0.student_id=?
2026-10-01T10:04:15.907+07:00 DEBUG 25292 --- [school-manager] [restartedMain] org.hibernate.SQL                        : select count(g1_0.id)>0 from grades g1_0 where g1_0.student_id=?
2026-10-01T10:04:15.909+07:00 DEBUG 25292 --- [school-manager] [restartedMain] org.hibernate.SQL                        : select count(g1_0.id)>0 from grades g1_0 where g1_0.student_id=?
2026-10-01T10:04:15.910+07:00 DEBUG 25292 --- [school-manager] [restartedMain] org.hibernate.SQL                        : select count(g1_0.id)>0 from grades g1_0 where g1_0.student_id=?
2026-10-01T10:04:15.912+07:00 DEBUG 25292 --- [school-manager] [restartedMain] org.hibernate.SQL                        : select count(g1_0.id)>0 from grades g1_0 where g1_0.student_id=?
2026-10-01T10:04:15.914+07:00 DEBUG 25292 --- [school-manager] [restartedMain] org.hibernate.SQL                        : select count(g1_0.id)>0 from grades g1_0 where g1_0.student_id=?
2026-10-01T10:04:15.916+07:00 DEBUG 25292 --- [school-manager] [restartedMain] org.hibernate.SQL                        : select count(g1_0.id)>0 from grades g1_0 where g1_0.student_id=?
2026-10-01T10:04:15.917+07:00 DEBUG 25292 --- [school-manager] [restartedMain] org.hibernate.SQL                        : select count(g1_0.id)>0 from grades g1_0 where g1_0.student_id=?
2026-10-01T10:04:15.919+07:00 DEBUG 25292 --- [school-manager] [restartedMain] org.hibernate.SQL                        : select count(g1_0.id)>0 from grades g1_0 where g1_0.student_id=?
2026-10-01T10:04:15.921+07:00 DEBUG 25292 --- [school-manager] [restartedMain] org.hibernate.SQL                        : select count(g1_0.id)>0 from grades g1_0 where g1_0.student_id=?
2026-10-01T10:04:15.923+07:00 DEBUG 25292 --- [school-manager] [restartedMain] org.hibernate.SQL                        : select count(g1_0.id)>0 from grades g1_0 where g1_0.student_id=?
2026-10-01T10:04:15.925+07:00 DEBUG 25292 --- [school-manager] [restartedMain] org.hibernate.SQL                        : select count(g1_0.id)>0 from grades g1_0 where g1_0.student_id=?
2026-10-01T10:04:15.928+07:00 DEBUG 25292 --- [school-manager] [restartedMain] org.hibernate.SQL                        : select count(g1_0.id)>0 from grades g1_0 where g1_0.student_id=?
2026-10-01T10:04:15.930+07:00 DEBUG 25292 --- [school-manager] [restartedMain] org.hibernate.SQL                        : select count(g1_0.id)>0 from grades g1_0 where g1_0.student_id=?
2026-10-01T10:04:15.932+07:00 DEBUG 25292 --- [school-manager] [restartedMain] org.hibernate.SQL                        : select count(g1_0.id)>0 from grades g1_0 where g1_0.student_id=?
2026-10-01T10:04:15.933+07:00 DEBUG 25292 --- [school-manager] [restartedMain] org.hibernate.SQL                        : select count(g1_0.id)>0 from grades g1_0 where g1_0.student_id=?
2026-10-01T10:04:15.935+07:00 DEBUG 25292 --- [school-manager] [restartedMain] org.hibernate.SQL                        : select count(g1_0.id)>0 from grades g1_0 where g1_0.student_id=?
2026-10-01T10:04:15.937+07:00 DEBUG 25292 --- [school-manager] [restartedMain] org.hibernate.SQL                        : select count(g1_0.id)>0 from grades g1_0 where g1_0.student_id=?
2026-10-01T10:04:15.939+07:00 DEBUG 25292 --- [school-manager] [restartedMain] org.hibernate.SQL                        : select count(g1_0.id)>0 from grades g1_0 where g1_0.student_id=?
2026-10-01T10:04:15.940+07:00 DEBUG 25292 --- [school-manager] [restartedMain] org.hibernate.SQL                        : select count(g1_0.id)>0 from grades g1_0 where g1_0.student_id=?
2026-10-01T10:04:15.942+07:00 DEBUG 25292 --- [school-manager] [restartedMain] org.hibernate.SQL                        : select count(g1_0.id)>0 from grades g1_0 where g1_0.student_id=?
2026-10-01T10:04:15.944+07:00 DEBUG 25292 --- [school-manager] [restartedMain] org.hibernate.SQL                        : select count(g1_0.id)>0 from grades g1_0 where g1_0.student_id=?
2026-10-01T10:04:15.946+07:00 DEBUG 25292 --- [school-manager] [restartedMain] org.hibernate.SQL                        : select count(g1_0.id)>0 from grades g1_0 where g1_0.student_id=?
2026-10-01T10:04:15.947+07:00 DEBUG 25292 --- [school-manager] [restartedMain] org.hibernate.SQL                        : select count(g1_0.id)>0 from grades g1_0 where g1_0.student_id=?
2026-10-01T10:04:15.949+07:00 DEBUG 25292 --- [school-manager] [restartedMain] org.hibernate.SQL                        : select count(g1_0.id)>0 from grades g1_0 where g1_0.student_id=?
2026-10-01T10:04:15.951+07:00 DEBUG 25292 --- [school-manager] [restartedMain] org.hibernate.SQL                        : select count(g1_0.id)>0 from grades g1_0 where g1_0.student_id=?
2026-10-01T10:04:15.953+07:00 DEBUG 25292 --- [school-manager] [restartedMain] org.hibernate.SQL                        : select count(g1_0.id)>0 from grades g1_0 where g1_0.student_id=?
2026-10-01T10:04:15.955+07:00 DEBUG 25292 --- [school-manager] [restartedMain] org.hibernate.SQL                        : select count(g1_0.id)>0 from grades g1_0 where g1_0.student_id=?
2026-10-01T10:04:15.958+07:00 DEBUG 25292 --- [school-manager] [restartedMain] org.hibernate.SQL                        : select count(g1_0.id)>0 from grades g1_0 where g1_0.student_id=?
2026-10-01T10:04:15.961+07:00 DEBUG 25292 --- [school-manager] [restartedMain] org.hibernate.SQL                        : select count(g1_0.id)>0 from grades g1_0 where g1_0.student_id=?
2026-10-01T10:04:15.964+07:00 DEBUG 25292 --- [school-manager] [restartedMain] org.hibernate.SQL                        : select count(g1_0.id)>0 from grades g1_0 where g1_0.student_id=?
2026-10-01T10:04:15.967+07:00 DEBUG 25292 --- [school-manager] [restartedMain] org.hibernate.SQL                        : select count(g1_0.id)>0 from grades g1_0 where g1_0.student_id=?
2026-10-01T10:04:15.970+07:00 DEBUG 25292 --- [school-manager] [restartedMain] org.hibernate.SQL                        : select count(g1_0.id)>0 from grades g1_0 where g1_0.student_id=?
2026-10-01T10:04:15.974+07:00 DEBUG 25292 --- [school-manager] [restartedMain] org.hibernate.SQL                        : select count(g1_0.id)>0 from grades g1_0 where g1_0.student_id=?
2026-10-01T10:04:15.978+07:00 DEBUG 25292 --- [school-manager] [restartedMain] org.hibernate.SQL                        : select count(g1_0.id)>0 from grades g1_0 where g1_0.student_id=?
2026-10-01T10:04:15.981+07:00 DEBUG 25292 --- [school-manager] [restartedMain] org.hibernate.SQL                        : select count(g1_0.id)>0 from grades g1_0 where g1_0.student_id=?
2026-10-01T10:04:15.983+07:00 DEBUG 25292 --- [school-manager] [restartedMain] org.hibernate.SQL                        : select count(g1_0.id)>0 from grades g1_0 where g1_0.student_id=?
2026-10-01T10:04:15.986+07:00 DEBUG 25292 --- [school-manager] [restartedMain] org.hibernate.SQL                        : select count(g1_0.id)>0 from grades g1_0 where g1_0.student_id=?
2026-10-01T10:04:15.991+07:00 DEBUG 25292 --- [school-manager] [restartedMain] org.hibernate.SQL                        : select count(g1_0.id)>0 from grades g1_0 where g1_0.student_id=?
2026-10-01T10:04:15.993+07:00 DEBUG 25292 --- [school-manager] [restartedMain] org.hibernate.SQL                        : select count(g1_0.id)>0 from grades g1_0 where g1_0.student_id=?
2026-10-01T10:04:15.997+07:00 DEBUG 25292 --- [school-manager] [restartedMain] org.hibernate.SQL                        : select count(g1_0.id)>0 from grades g1_0 where g1_0.student_id=?
2026-10-01T10:04:15.999+07:00 DEBUG 25292 --- [school-manager] [restartedMain] org.hibernate.SQL                        : select count(g1_0.id)>0 from grades g1_0 where g1_0.student_id=?
2026-10-01T10:04:16.003+07:00 DEBUG 25292 --- [school-manager] [restartedMain] org.hibernate.SQL                        : select count(g1_0.id)>0 from grades g1_0 where g1_0.student_id=?
2026-10-01T10:04:16.007+07:00 DEBUG 25292 --- [school-manager] [restartedMain] org.hibernate.SQL                        : select count(g1_0.id)>0 from grades g1_0 where g1_0.student_id=?
2026-10-01T10:04:16.010+07:00 DEBUG 25292 --- [school-manager] [restartedMain] org.hibernate.SQL                        : select count(g1_0.id)>0 from grades g1_0 where g1_0.student_id=?
2026-10-01T10:04:16.014+07:00 DEBUG 25292 --- [school-manager] [restartedMain] org.hibernate.SQL                        : select count(g1_0.id)>0 from grades g1_0 where g1_0.student_id=?
2026-10-01T10:04:16.017+07:00 DEBUG 25292 --- [school-manager] [restartedMain] org.hibernate.SQL                        : select count(g1_0.id)>0 from grades g1_0 where g1_0.student_id=?
2026-10-01T10:04:16.022+07:00 DEBUG 25292 --- [school-manager] [restartedMain] org.hibernate.SQL                        : select count(g1_0.id)>0 from grades g1_0 where g1_0.student_id=?
2026-10-01T10:04:16.027+07:00 DEBUG 25292 --- [school-manager] [restartedMain] org.hibernate.SQL                        : select count(g1_0.id)>0 from grades g1_0 where g1_0.student_id=?
2026-10-01T10:04:16.030+07:00 DEBUG 25292 --- [school-manager] [restartedMain] org.hibernate.SQL                        : select count(g1_0.id)>0 from grades g1_0 where g1_0.student_id=?
2026-10-01T10:04:16.033+07:00 DEBUG 25292 --- [school-manager] [restartedMain] org.hibernate.SQL                        : select count(g1_0.id)>0 from grades g1_0 where g1_0.student_id=?
2026-10-01T10:04:16.036+07:00 DEBUG 25292 --- [school-manager] [restartedMain] org.hibernate.SQL                        : select count(g1_0.id)>0 from grades g1_0 where g1_0.student_id=?
2026-10-01T10:04:16.040+07:00 DEBUG 25292 --- [school-manager] [restartedMain] org.hibernate.SQL                        : select count(g1_0.id)>0 from grades g1_0 where g1_0.student_id=?
2026-10-01T10:04:16.043+07:00 DEBUG 25292 --- [school-manager] [restartedMain] org.hibernate.SQL                        : select count(g1_0.id)>0 from grades g1_0 where g1_0.student_id=?
2026-10-01T10:04:16.048+07:00 DEBUG 25292 --- [school-manager] [restartedMain] org.hibernate.SQL                        : select count(g1_0.id)>0 from grades g1_0 where g1_0.student_id=?
2026-10-01T10:04:16.051+07:00 DEBUG 25292 --- [school-manager] [restartedMain] org.hibernate.SQL                        : select count(g1_0.id)>0 from grades g1_0 where g1_0.student_id=?
2026-10-01T10:04:16.054+07:00 DEBUG 25292 --- [school-manager] [restartedMain] org.hibernate.SQL                        : select count(g1_0.id)>0 from grades g1_0 where g1_0.student_id=?
2026-10-01T10:04:16.059+07:00 DEBUG 25292 --- [school-manager] [restartedMain] org.hibernate.SQL                        : select count(g1_0.id)>0 from grades g1_0 where g1_0.student_id=?
2026-10-01T10:04:16.063+07:00 DEBUG 25292 --- [school-manager] [restartedMain] org.hibernate.SQL                        : select count(g1_0.id)>0 from grades g1_0 where g1_0.student_id=?
2026-10-01T10:04:16.066+07:00 DEBUG 25292 --- [school-manager] [restartedMain] org.hibernate.SQL                        : select count(g1_0.id)>0 from grades g1_0 where g1_0.student_id=?
2026-10-01T10:04:16.068+07:00 DEBUG 25292 --- [school-manager] [restartedMain] org.hibernate.SQL                        : select count(g1_0.id)>0 from grades g1_0 where g1_0.student_id=?
2026-10-01T10:04:16.070+07:00 DEBUG 25292 --- [school-manager] [restartedMain] org.hibernate.SQL                        : select count(g1_0.id)>0 from grades g1_0 where g1_0.student_id=?
2026-10-01T10:04:16.073+07:00 DEBUG 25292 --- [school-manager] [restartedMain] org.hibernate.SQL                        : select count(g1_0.id)>0 from grades g1_0 where g1_0.student_id=?
2026-10-01T10:04:16.075+07:00 DEBUG 25292 --- [school-manager] [restartedMain] org.hibernate.SQL                        : select count(g1_0.id)>0 from grades g1_0 where g1_0.student_id=?
2026-10-01T10:04:16.077+07:00 DEBUG 25292 --- [school-manager] [restartedMain] org.hibernate.SQL                        : select count(g1_0.id)>0 from grades g1_0 where g1_0.student_id=?
2026-10-01T10:04:16.080+07:00 DEBUG 25292 --- [school-manager] [restartedMain] org.hibernate.SQL                        : select count(g1_0.id)>0 from grades g1_0 where g1_0.student_id=?
2026-10-01T10:04:16.082+07:00 DEBUG 25292 --- [school-manager] [restartedMain] org.hibernate.SQL                        : select count(g1_0.id)>0 from grades g1_0 where g1_0.student_id=?
2026-10-01T10:04:16.107+07:00 DEBUG 25292 --- [school-manager] [restartedMain] org.hibernate.SQL                        : insert into grades (english,english_final,english_m15,english_mid,english_oral,gpa,literature,literature_final,literature_m15,literature_mid,literature_oral,math,math_final,math_m15,math_mid,math_oral,student_code,student_id) values (?,?,?,?,?,?,?,?,?,?,?,?,?,?,?,?,?,?)
2026-10-01T10:04:16.200+07:00  WARN 25292 --- [school-manager] [restartedMain] o.h.engine.jdbc.spi.SqlExceptionHelper   : SQL Error: 1452, SQLState: 23000
2026-10-01T10:04:16.200+07:00 ERROR 25292 --- [school-manager] [restartedMain] o.h.engine.jdbc.spi.SqlExceptionHelper   : Cannot add or update a child row: a foreign key constraint fails (`school_db`.`grades`, CONSTRAINT `fk_grade_student_code` FOREIGN KEY (`student_id`) REFERENCES `members` (`code`) ON DELETE CASCADE)
2026-10-01T10:04:16.223+07:00  INFO 25292 --- [school-manager] [restartedMain] .s.b.a.l.ConditionEvaluationReportLogger : 

Error starting ApplicationContext. To display the condition evaluation report re-run your application with 'debug' enabled.
2026-10-01T10:04:16.252+07:00 ERROR 25292 --- [school-manager] [restartedMain] o.s.boot.SpringApplication               : Application run failed

org.springframework.dao.DataIntegrityViolationException: could not execute statement [Cannot add or update a child row: a foreign key constraint fails (`school_db`.`grades`, CONSTRAINT `fk_grade_student_code` FOREIGN KEY (`student_id`) REFERENCES `members` (`code`) ON DELETE CASCADE)] [insert into grades (english,english_final,english_m15,english_mid,english_oral,gpa,literature,literature_final,literature_m15,literature_mid,literature_oral,math,math_final,math_m15,math_mid,math_oral,student_code,student_id) values (?,?,?,?,?,?,?,?,?,?,?,?,?,?,?,?,?,?)]; SQL [insert into grades (english,english_final,english_m15,english_mid,english_oral,gpa,literature,literature_final,literature_m15,literature_mid,literature_oral,math,math_final,math_m15,math_mid,math_oral,student_code,student_id) values (?,?,?,?,?,?,?,?,?,?,?,?,?,?,?,?,?,?)]; constraint [null]
	at org.springframework.orm.jpa.vendor.HibernateJpaDialect.convertHibernateAccessException(HibernateJpaDialect.java:290) ~[spring-orm-6.2.2.jar:6.2.2]
	at org.springframework.orm.jpa.vendor.HibernateJpaDialect.translateExceptionIfPossible(HibernateJpaDialect.java:241) ~[spring-orm-6.2.2.jar:6.2.2]
	at org.springframework.orm.jpa.AbstractEntityManagerFactoryBean.translateExceptionIfPossible(AbstractEntityManagerFactoryBean.java:560) ~[spring-orm-6.2.2.jar:6.2.2]
	at org.springframework.dao.support.ChainedPersistenceExceptionTranslator.translateExceptionIfPossible(ChainedPersistenceExceptionTranslator.java:61) ~[spring-tx-6.2.2.jar:6.2.2]
	at org.springframework.dao.support.DataAccessUtils.translateIfNecessary(DataAccessUtils.java:343) ~[spring-tx-6.2.2.jar:6.2.2]
	at org.springframework.dao.support.PersistenceExceptionTranslationInterceptor.invoke(PersistenceExceptionTranslationInterceptor.java:160) ~[spring-tx-6.2.2.jar:6.2.2]
	at org.springframework.aop.framework.ReflectiveMethodInvocation.proceed(ReflectiveMethodInvocation.java:184) ~[spring-aop-6.2.2.jar:6.2.2]
	at org.springframework.data.jpa.repository.support.CrudMethodMetadataPostProcessor$CrudMethodMetadataPopulatingMethodInterceptor.invoke(CrudMethodMetadataPostProcessor.java:165) ~[spring-data-jpa-3.4.2.jar:3.4.2]
	at org.springframework.aop.framework.ReflectiveMethodInvocation.proceed(ReflectiveMethodInvocation.java:184) ~[spring-aop-6.2.2.jar:6.2.2]
	at org.springframework.aop.framework.JdkDynamicAopProxy.invoke(JdkDynamicAopProxy.java:223) ~[spring-aop-6.2.2.jar:6.2.2]
	at jdk.proxy4/jdk.proxy4.$Proxy150.saveAll(Unknown Source) ~[na:na]
	at com.school.manager.config.DatabaseSeeder.lambda$initDatabase$6(DatabaseSeeder.java:351) ~[classes/:na]
	at org.springframework.boot.SpringApplication.lambda$callRunner$5(SpringApplication.java:788) ~[spring-boot-3.4.2.jar:3.4.2]
	at org.springframework.util.function.ThrowingConsumer$1.acceptWithException(ThrowingConsumer.java:82) ~[spring-core-6.2.2.jar:6.2.2]
	at org.springframework.util.function.ThrowingConsumer.accept(ThrowingConsumer.java:60) ~[spring-core-6.2.2.jar:6.2.2]
	at org.springframework.util.function.ThrowingConsumer$1.accept(ThrowingConsumer.java:86) ~[spring-core-6.2.2.jar:6.2.2]
	at org.springframework.boot.SpringApplication.callRunner(SpringApplication.java:796) ~[spring-boot-3.4.2.jar:3.4.2]
	at org.springframework.boot.SpringApplication.callRunner(SpringApplication.java:787) ~[spring-boot-3.4.2.jar:3.4.2]
	at org.springframework.boot.SpringApplication.lambda$callRunners$3(SpringApplication.java:772) ~[spring-boot-3.4.2.jar:3.4.2]
	at java.base/java.util.stream.ForEachOps$ForEachOp$OfRef.accept(ForEachOps.java:184) ~[na:na]
	at java.base/java.util.stream.SortedOps$SizedRefSortingSink.end(SortedOps.java:357) ~[na:na]
	at java.base/java.util.stream.AbstractPipeline.copyInto(AbstractPipeline.java:510) ~[na:na]
	at java.base/java.util.stream.AbstractPipeline.wrapAndCopyInto(AbstractPipeline.java:499) ~[na:na]
	at java.base/java.util.stream.ForEachOps$ForEachOp.evaluateSequential(ForEachOps.java:151) ~[na:na]
	at java.base/java.util.stream.ForEachOps$ForEachOp$OfRef.evaluateSequential(ForEachOps.java:174) ~[na:na]
	at java.base/java.util.stream.AbstractPipeline.evaluate(AbstractPipeline.java:234) ~[na:na]
	at java.base/java.util.stream.ReferencePipeline.forEach(ReferencePipeline.java:596) ~[na:na]
	at org.springframework.boot.SpringApplication.callRunners(SpringApplication.java:772) ~[spring-boot-3.4.2.jar:3.4.2]
	at org.springframework.boot.SpringApplication.run(SpringApplication.java:325) ~[spring-boot-3.4.2.jar:3.4.2]
	at org.springframework.boot.SpringApplication.run(SpringApplication.java:1361) ~[spring-boot-3.4.2.jar:3.4.2]
	at org.springframework.boot.SpringApplication.run(SpringApplication.java:1350) ~[spring-boot-3.4.2.jar:3.4.2]
	at com.school.manager.SchoolManagerApplication.main(SchoolManagerApplication.java:11) ~[classes/:na]
	at java.base/jdk.internal.reflect.DirectMethodHandleAccessor.invoke(DirectMethodHandleAccessor.java:103) ~[na:na]
	at java.base/java.lang.reflect.Method.invoke(Method.java:580) ~[na:na]
	at org.springframework.boot.devtools.restart.RestartLauncher.run(RestartLauncher.java:50) ~[spring-boot-devtools-3.4.2.jar:3.4.2]
Caused by: org.hibernate.exception.ConstraintViolationException: could not execute statement [Cannot add or update a child row: a foreign key constraint fails (`school_db`.`grades`, CONSTRAINT `fk_grade_student_code` FOREIGN KEY (`student_id`) REFERENCES `members` (`code`) ON DELETE CASCADE)] [insert into grades (english,english_final,english_m15,english_mid,english_oral,gpa,literature,literature_final,literature_m15,literature_mid,literature_oral,math,math_final,math_m15,math_mid,math_oral,student_code,student_id) values (?,?,?,?,?,?,?,?,?,?,?,?,?,?,?,?,?,?)]
	at org.hibernate.exception.internal.SQLExceptionTypeDelegate.convert(SQLExceptionTypeDelegate.java:62) ~[hibernate-core-6.6.5.Final.jar:6.6.5.Final]
	at org.hibernate.exception.internal.StandardSQLExceptionConverter.convert(StandardSQLExceptionConverter.java:58) ~[hibernate-core-6.6.5.Final.jar:6.6.5.Final]
	at org.hibernate.engine.jdbc.spi.SqlExceptionHelper.convert(SqlExceptionHelper.java:108) ~[hibernate-core-6.6.5.Final.jar:6.6.5.Final]
	at org.hibernate.engine.jdbc.internal.ResultSetReturnImpl.executeUpdate(ResultSetReturnImpl.java:197) ~[hibernate-core-6.6.5.Final.jar:6.6.5.Final]
	at org.hibernate.id.insert.GetGeneratedKeysDelegate.performMutation(GetGeneratedKeysDelegate.java:116) ~[hibernate-core-6.6.5.Final.jar:6.6.5.Final]
	at org.hibernate.engine.jdbc.mutation.internal.MutationExecutorSingleNonBatched.performNonBatchedOperations(MutationExecutorSingleNonBatched.java:47) ~[hibernate-core-6.6.5.Final.jar:6.6.5.Final]
	at org.hibernate.engine.jdbc.mutation.internal.AbstractMutationExecutor.execute(AbstractMutationExecutor.java:55) ~[hibernate-core-6.6.5.Final.jar:6.6.5.Final]
	at org.hibernate.persister.entity.mutation.InsertCoordinatorStandard.doStaticInserts(InsertCoordinatorStandard.java:194) ~[hibernate-core-6.6.5.Final.jar:6.6.5.Final]
	at org.hibernate.persister.entity.mutation.InsertCoordinatorStandard.coordinateInsert(InsertCoordinatorStandard.java:132) ~[hibernate-core-6.6.5.Final.jar:6.6.5.Final]
	at org.hibernate.persister.entity.mutation.InsertCoordinatorStandard.insert(InsertCoordinatorStandard.java:95) ~[hibernate-core-6.6.5.Final.jar:6.6.5.Final]
	at org.hibernate.action.internal.EntityIdentityInsertAction.execute(EntityIdentityInsertAction.java:85) ~[hibernate-core-6.6.5.Final.jar:6.6.5.Final]
	at org.hibernate.engine.spi.ActionQueue.execute(ActionQueue.java:682) ~[hibernate-core-6.6.5.Final.jar:6.6.5.Final]
	at org.hibernate.engine.spi.ActionQueue.addResolvedEntityInsertAction(ActionQueue.java:293) ~[hibernate-core-6.6.5.Final.jar:6.6.5.Final]
	at org.hibernate.engine.spi.ActionQueue.addInsertAction(ActionQueue.java:274) ~[hibernate-core-6.6.5.Final.jar:6.6.5.Final]
	at org.hibernate.engine.spi.ActionQueue.addAction(ActionQueue.java:324) ~[hibernate-core-6.6.5.Final.jar:6.6.5.Final]
	at org.hibernate.event.internal.AbstractSaveEventListener.addInsertAction(AbstractSaveEventListener.java:393) ~[hibernate-core-6.6.5.Final.jar:6.6.5.Final]
	at org.hibernate.event.internal.AbstractSaveEventListener.performSaveOrReplicate(AbstractSaveEventListener.java:307) ~[hibernate-core-6.6.5.Final.jar:6.6.5.Final]
	at org.hibernate.event.internal.AbstractSaveEventListener.performSave(AbstractSaveEventListener.java:223) ~[hibernate-core-6.6.5.Final.jar:6.6.5.Final]
	at org.hibernate.event.internal.AbstractSaveEventListener.saveWithGeneratedId(AbstractSaveEventListener.java:136) ~[hibernate-core-6.6.5.Final.jar:6.6.5.Final]
	at org.hibernate.event.internal.DefaultPersistEventListener.entityIsTransient(DefaultPersistEventListener.java:177) ~[hibernate-core-6.6.5.Final.jar:6.6.5.Final]
	at org.hibernate.event.internal.DefaultPersistEventListener.persist(DefaultPersistEventListener.java:95) ~[hibernate-core-6.6.5.Final.jar:6.6.5.Final]
	at org.hibernate.event.internal.DefaultPersistEventListener.onPersist(DefaultPersistEventListener.java:79) ~[hibernate-core-6.6.5.Final.jar:6.6.5.Final]
	at org.hibernate.event.internal.DefaultPersistEventListener.onPersist(DefaultPersistEventListener.java:55) ~[hibernate-core-6.6.5.Final.jar:6.6.5.Final]
	at org.hibernate.event.service.internal.EventListenerGroupImpl.fireEventOnEachListener(EventListenerGroupImpl.java:127) ~[hibernate-core-6.6.5.Final.jar:6.6.5.Final]
	at org.hibernate.internal.SessionImpl.firePersist(SessionImpl.java:761) ~[hibernate-core-6.6.5.Final.jar:6.6.5.Final]
	at org.hibernate.internal.SessionImpl.persist(SessionImpl.java:745) ~[hibernate-core-6.6.5.Final.jar:6.6.5.Final]
	at java.base/jdk.internal.reflect.DirectMethodHandleAccessor.invoke(DirectMethodHandleAccessor.java:103) ~[na:na]
	at java.base/java.lang.reflect.Method.invoke(Method.java:580) ~[na:na]
	at org.springframework.orm.jpa.SharedEntityManagerCreator$SharedEntityManagerInvocationHandler.invoke(SharedEntityManagerCreator.java:320) ~[spring-orm-6.2.2.jar:6.2.2]
	at jdk.proxy4/jdk.proxy4.$Proxy141.persist(Unknown Source) ~[na:na]
	at org.springframework.data.jpa.repository.support.SimpleJpaRepository.save(SimpleJpaRepository.java:627) ~[spring-data-jpa-3.4.2.jar:3.4.2]
	at org.springframework.data.jpa.repository.support.SimpleJpaRepository.saveAll(SimpleJpaRepository.java:653) ~[spring-data-jpa-3.4.2.jar:3.4.2]
	at java.base/jdk.internal.reflect.DirectMethodHandleAccessor.invoke(DirectMethodHandleAccessor.java:103) ~[na:na]
	at java.base/java.lang.reflect.Method.invoke(Method.java:580) ~[na:na]
	at org.springframework.aop.support.AopUtils.invokeJoinpointUsingReflection(AopUtils.java:359) ~[spring-aop-6.2.2.jar:6.2.2]
	at org.springframework.data.repository.core.support.RepositoryMethodInvoker$RepositoryFragmentMethodInvoker.lambda$new$0(RepositoryMethodInvoker.java:277) ~[spring-data-commons-3.4.2.jar:3.4.2]
	at org.springframework.data.repository.core.support.RepositoryMethodInvoker.doInvoke(RepositoryMethodInvoker.java:170) ~[spring-data-commons-3.4.2.jar:3.4.2]
	at org.springframework.data.repository.core.support.RepositoryMethodInvoker.invoke(RepositoryMethodInvoker.java:158) ~[spring-data-commons-3.4.2.jar:3.4.2]
	at org.springframework.data.repository.core.support.RepositoryComposition$RepositoryFragments.invoke(RepositoryComposition.java:515) ~[spring-data-commons-3.4.2.jar:3.4.2]
	at org.springframework.data.repository.core.support.RepositoryComposition.invoke(RepositoryComposition.java:284) ~[spring-data-commons-3.4.2.jar:3.4.2]
	at org.springframework.data.repository.core.support.RepositoryFactorySupport$ImplementationMethodExecutionInterceptor.invoke(RepositoryFactorySupport.java:752) ~[spring-data-commons-3.4.2.jar:3.4.2]
	at org.springframework.aop.framework.ReflectiveMethodInvocation.proceed(ReflectiveMethodInvocation.java:184) ~[spring-aop-6.2.2.jar:6.2.2]
	at org.springframework.data.repository.core.support.QueryExecutorMethodInterceptor.doInvoke(QueryExecutorMethodInterceptor.java:174) ~[spring-data-commons-3.4.2.jar:3.4.2]
	at org.springframework.data.repository.core.support.QueryExecutorMethodInterceptor.invoke(QueryExecutorMethodInterceptor.java:149) ~[spring-data-commons-3.4.2.jar:3.4.2]
	at org.springframework.aop.framework.ReflectiveMethodInvocation.proceed(ReflectiveMethodInvocation.java:184) ~[spring-aop-6.2.2.jar:6.2.2]
	at org.springframework.data.projection.DefaultMethodInvokingMethodInterceptor.invoke(DefaultMethodInvokingMethodInterceptor.java:69) ~[spring-data-commons-3.4.2.jar:3.4.2]
	at org.springframework.aop.framework.ReflectiveMethodInvocation.proceed(ReflectiveMethodInvocation.java:184) ~[spring-aop-6.2.2.jar:6.2.2]
	at org.springframework.transaction.interceptor.TransactionAspectSupport.invokeWithinTransaction(TransactionAspectSupport.java:380) ~[spring-tx-6.2.2.jar:6.2.2]
	at org.springframework.transaction.interceptor.TransactionInterceptor.invoke(TransactionInterceptor.java:119) ~[spring-tx-6.2.2.jar:6.2.2]
	at org.springframework.aop.framework.ReflectiveMethodInvocation.proceed(ReflectiveMethodInvocation.java:184) ~[spring-aop-6.2.2.jar:6.2.2]
	at org.springframework.dao.support.PersistenceExceptionTranslationInterceptor.invoke(PersistenceExceptionTranslationInterceptor.java:138) ~[spring-tx-6.2.2.jar:6.2.2]
	... 29 common frames omitted
Caused by: java.sql.SQLIntegrityConstraintViolationException: Cannot add or update a child row: a foreign key constraint fails (`school_db`.`grades`, CONSTRAINT `fk_grade_student_code` FOREIGN KEY (`student_id`) REFERENCES `members` (`code`) ON DELETE CASCADE)
	at com.mysql.cj.jdbc.exceptions.SQLError.createSQLException(SQLError.java:109) ~[mysql-connector-j-9.1.0.jar:9.1.0]
	at com.mysql.cj.jdbc.exceptions.SQLExceptionsMapping.translateException(SQLExceptionsMapping.java:114) ~[mysql-connector-j-9.1.0.jar:9.1.0]
	at com.mysql.cj.jdbc.ClientPreparedStatement.executeInternal(ClientPreparedStatement.java:988) ~[mysql-connector-j-9.1.0.jar:9.1.0]
	at com.mysql.cj.jdbc.ClientPreparedStatement.executeUpdateInternal(ClientPreparedStatement.java:1166) ~[mysql-connector-j-9.1.0.jar:9.1.0]
	at com.mysql.cj.jdbc.ClientPreparedStatement.executeUpdateInternal(ClientPreparedStatement.java:1101) ~[mysql-connector-j-9.1.0.jar:9.1.0]
	at com.mysql.cj.jdbc.ClientPreparedStatement.executeLargeUpdate(ClientPreparedStatement.java:1467) ~[mysql-connector-j-9.1.0.jar:9.1.0]
	at com.mysql.cj.jdbc.ClientPreparedStatement.executeUpdate(ClientPreparedStatement.java:1084) ~[mysql-connector-j-9.1.0.jar:9.1.0]
	at com.zaxxer.hikari.pool.ProxyPreparedStatement.executeUpdate(ProxyPreparedStatement.java:61) ~[HikariCP-5.1.0.jar:na]
	at com.zaxxer.hikari.pool.HikariProxyPreparedStatement.executeUpdate(HikariProxyPreparedStatement.java) ~[HikariCP-5.1.0.jar:na]
	at org.hibernate.engine.jdbc.internal.ResultSetReturnImpl.executeUpdate(ResultSetReturnImpl.java:194) ~[hibernate-core-6.6.5.Final.jar:6.6.5.Final]
	... 76 common frames omitted

2026-10-01T10:04:16.263+07:00  INFO 25292 --- [school-manager] [restartedMain] o.s.b.w.e.tomcat.GracefulShutdown        : Commencing graceful shutdown. Waiting for active requests to complete
2026-10-01T10:04:16.268+07:00  INFO 25292 --- [school-manager] [tomcat-shutdown] o.s.b.w.e.tomcat.GracefulShutdown        : Graceful shutdown complete
2026-10-01T10:04:16.271+07:00  INFO 25292 --- [school-manager] [restartedMain] j.LocalContainerEntityManagerFactoryBean : Closing JPA EntityManagerFactory for persistence unit 'default'
2026-10-01T10:04:16.274+07:00  INFO 25292 --- [school-manager] [restartedMain] com.zaxxer.hikari.HikariDataSource       : HikariPool-1 - Shutdown initiated...
2026-10-01T10:04:16.281+07:00  INFO 25292 --- [school-manager] [restartedMain] com.zaxxer.hikari.HikariDataSource       : HikariPool-1 - Shutdown completed.
2026-10-01T10:23:00.296+07:00  INFO 21268 --- [school-manager] [restartedMain] c.s.manager.SchoolManagerApplication     : Starting SchoolManagerApplication using Java 21.0.11 with PID 21268 (C:\Users\phuongpa\Documents\New folder (2)\school-manager\target\classes started by phuongpa in C:\Users\phuongpa\Documents\New folder (2)\school-manager)
2026-10-01T10:23:00.297+07:00 DEBUG 21268 --- [school-manager] [restartedMain] c.s.manager.SchoolManagerApplication     : Running with Spring Boot v3.4.2, Spring v6.2.2
2026-10-01T10:23:00.299+07:00  INFO 21268 --- [school-manager] [restartedMain] c.s.manager.SchoolManagerApplication     : No active profile set, falling back to 1 default profile: "default"
2026-10-01T10:23:00.347+07:00  INFO 21268 --- [school-manager] [restartedMain] .e.DevToolsPropertyDefaultsPostProcessor : Devtools property defaults active! Set 'spring.devtools.add-properties' to 'false' to disable
2026-10-01T10:23:00.347+07:00  INFO 21268 --- [school-manager] [restartedMain] .e.DevToolsPropertyDefaultsPostProcessor : For additional web related logging consider setting the 'logging.level.web' property to 'DEBUG'
2026-10-01T10:23:01.168+07:00  INFO 21268 --- [school-manager] [restartedMain] .s.d.r.c.RepositoryConfigurationDelegate : Bootstrapping Spring Data JPA repositories in DEFAULT mode.
2026-10-01T10:23:01.246+07:00  INFO 21268 --- [school-manager] [restartedMain] .s.d.r.c.RepositoryConfigurationDelegate : Finished Spring Data repository scanning in 70 ms. Found 3 JPA repository interfaces.
2026-10-01T10:23:01.881+07:00  INFO 21268 --- [school-manager] [restartedMain] o.s.b.w.embedded.tomcat.TomcatWebServer  : Tomcat initialized with port 8080 (http)
2026-10-01T10:23:01.894+07:00  INFO 21268 --- [school-manager] [restartedMain] o.apache.catalina.core.StandardService   : Starting service [Tomcat]
2026-10-01T10:23:01.894+07:00  INFO 21268 --- [school-manager] [restartedMain] o.apache.catalina.core.StandardEngine    : Starting Servlet engine: [Apache Tomcat/10.1.34]
2026-10-01T10:23:01.940+07:00  INFO 21268 --- [school-manager] [restartedMain] o.a.c.c.C.[Tomcat].[localhost].[/]       : Initializing Spring embedded WebApplicationContext
2026-10-01T10:23:01.940+07:00  INFO 21268 --- [school-manager] [restartedMain] w.s.c.ServletWebServerApplicationContext : Root WebApplicationContext: initialization completed in 1592 ms
2026-10-01T10:23:02.104+07:00  INFO 21268 --- [school-manager] [restartedMain] o.hibernate.jpa.internal.util.LogHelper  : HHH000204: Processing PersistenceUnitInfo [name: default]
2026-10-01T10:23:02.169+07:00  INFO 21268 --- [school-manager] [restartedMain] org.hibernate.Version                    : HHH000412: Hibernate ORM core version 6.6.5.Final
2026-10-01T10:23:02.201+07:00  INFO 21268 --- [school-manager] [restartedMain] o.h.c.internal.RegionFactoryInitiator    : HHH000026: Second-level cache disabled
2026-10-01T10:23:02.496+07:00  INFO 21268 --- [school-manager] [restartedMain] o.s.o.j.p.SpringPersistenceUnitInfo      : No LoadTimeWeaver setup: ignoring JPA class transformer
2026-10-01T10:23:02.526+07:00  INFO 21268 --- [school-manager] [restartedMain] com.zaxxer.hikari.HikariDataSource       : HikariPool-1 - Starting...
2026-10-01T10:23:02.694+07:00  INFO 21268 --- [school-manager] [restartedMain] com.zaxxer.hikari.pool.HikariPool        : HikariPool-1 - Added connection com.mysql.cj.jdbc.ConnectionImpl@58e18c27
2026-10-01T10:23:02.696+07:00  INFO 21268 --- [school-manager] [restartedMain] com.zaxxer.hikari.HikariDataSource       : HikariPool-1 - Start completed.
2026-10-01T10:23:02.815+07:00  INFO 21268 --- [school-manager] [restartedMain] org.hibernate.orm.connections.pooling    : HHH10001005: Database info:
	Database JDBC URL [Connecting through datasource 'HikariDataSource (HikariPool-1)']
	Database driver: undefined/unknown
	Database version: 8.0.46
	Autocommit mode: undefined/unknown
	Isolation level: undefined/unknown
	Minimum pool size: undefined/unknown
	Maximum pool size: undefined/unknown
2026-10-01T10:23:03.924+07:00  INFO 21268 --- [school-manager] [restartedMain] o.h.e.t.j.p.i.JtaPlatformInitiator       : HHH000489: No JTA platform available (set 'hibernate.transaction.jta.platform' to enable JTA platform integration)
2026-10-01T10:23:04.145+07:00  INFO 21268 --- [school-manager] [restartedMain] j.LocalContainerEntityManagerFactoryBean : Initialized JPA EntityManagerFactory for persistence unit 'default'
2026-10-01T10:23:04.448+07:00  INFO 21268 --- [school-manager] [restartedMain] o.s.d.j.r.query.QueryEnhancerFactory     : Hibernate is in classpath; If applicable, HQL parser will be used.
2026-10-01T10:23:05.450+07:00  WARN 21268 --- [school-manager] [restartedMain] JpaBaseConfiguration$JpaWebConfiguration : spring.jpa.open-in-view is enabled by default. Therefore, database queries may be performed during view rendering. Explicitly configure spring.jpa.open-in-view to disable this warning
2026-10-01T10:23:05.467+07:00  WARN 21268 --- [school-manager] [restartedMain] .s.s.UserDetailsServiceAutoConfiguration : 

Using generated security password: 1b9c0841-dc9b-41d1-8d33-06d494af7a72

This generated password is for development use only. Your security configuration must be updated before running your application in production.

2026-10-01T10:23:05.488+07:00  INFO 21268 --- [school-manager] [restartedMain] r$InitializeUserDetailsManagerConfigurer : Global AuthenticationManager configured with UserDetailsService bean with name inMemoryUserDetailsManager
2026-10-01T10:23:06.055+07:00  INFO 21268 --- [school-manager] [restartedMain] o.s.b.a.h2.H2ConsoleAutoConfiguration    : H2 console available at '/h2-console'. Database available at 'jdbc:mysql://localhost:3306/school_db?useSSL=false&serverTimezone=UTC&allowPublicKeyRetrieval=true'
2026-10-01T10:23:06.131+07:00  INFO 21268 --- [school-manager] [restartedMain] o.s.b.d.a.OptionalLiveReloadServer       : LiveReload server is running on port 35729
2026-10-01T10:23:06.162+07:00  INFO 21268 --- [school-manager] [restartedMain] o.s.b.w.embedded.tomcat.TomcatWebServer  : Tomcat started on port 8080 (http) with context path '/'
2026-10-01T10:23:06.170+07:00  INFO 21268 --- [school-manager] [restartedMain] c.s.manager.SchoolManagerApplication     : Started SchoolManagerApplication in 6.448 seconds (process running for 7.902)
2026-10-01T10:23:06.173+07:00  INFO 21268 --- [school-manager] [restartedMain] c.school.manager.config.DatabaseSeeder   : [DB Seeder] Các môn học được hỗ trợ: [math, literature, english]
2026-10-01T10:23:06.175+07:00  INFO 21268 --- [school-manager] [restartedMain] c.school.manager.config.DatabaseSeeder   : [DB Seeder] Phát hiện động file db.json trong thư mục cùng cấp: C:\Users\phuongpa\Documents\New folder (2)\phần-mềm-quản-lý-điểm\db.json
2026-10-01T10:23:06.175+07:00  INFO 21268 --- [school-manager] [restartedMain] c.school.manager.config.DatabaseSeeder   : [DB Seeder] Đang tải dữ liệu từ file: C:\Users\phuongpa\Documents\New folder (2)\phần-mềm-quản-lý-điểm\db.json
2026-10-01T10:23:06.344+07:00 DEBUG 21268 --- [school-manager] [restartedMain] org.hibernate.SQL                        : select count(*) from members m1_0
2026-10-01T10:23:06.364+07:00 DEBUG 21268 --- [school-manager] [restartedMain] org.hibernate.SQL                        : select count(*) from members m1_0
2026-10-01T10:23:06.372+07:00 DEBUG 21268 --- [school-manager] [restartedMain] org.hibernate.SQL                        : select count(*) from school_classes sc1_0
2026-10-01T10:23:06.379+07:00  INFO 21268 --- [school-manager] [restartedMain] c.school.manager.config.DatabaseSeeder   : [DB Seeder] Cơ sở dữ liệu đã có sẵn dữ liệu (198 thành viên, 9 lớp học). Giữ nguyên dữ liệu hiện tại.
2026-10-01T10:23:06.392+07:00 DEBUG 21268 --- [school-manager] [restartedMain] org.hibernate.SQL                        : select m1_0.id,m1_0.class_name,m1_0.code,m1_0.email,m1_0.must_change_password,m1_0.name,m1_0.password,m1_0.role,m1_0.subject from members m1_0
2026-10-01T10:23:06.444+07:00 DEBUG 21268 --- [school-manager] [restartedMain] org.hibernate.SQL                        : select count(*) from grades g1_0
2026-10-01T10:23:06.452+07:00 DEBUG 21268 --- [school-manager] [restartedMain] org.hibernate.SQL                        : select g1_0.id,g1_0.english,g1_0.english_final,g1_0.english_m15,g1_0.english_mid,g1_0.english_oral,g1_0.gpa,g1_0.literature,g1_0.literature_final,g1_0.literature_m15,g1_0.literature_mid,g1_0.literature_oral,g1_0.math,g1_0.math_final,g1_0.math_m15,g1_0.math_mid,g1_0.math_oral,g1_0.student_code,g1_0.student_id from grades g1_0
2026-10-01T10:23:06.468+07:00  INFO 21268 --- [school-manager] [restartedMain] c.school.manager.config.DatabaseSeeder   : [DB Seeder] Đang tự động bổ sung studentCode và dữ liệu điểm thành phần từ db.json...
2026-10-01T10:23:06.471+07:00 DEBUG 21268 --- [school-manager] [restartedMain] org.hibernate.SQL                        : select m1_0.id,m1_0.class_name,m1_0.code,m1_0.email,m1_0.must_change_password,m1_0.name,m1_0.password,m1_0.role,m1_0.subject from members m1_0
2026-10-01T10:23:06.488+07:00 DEBUG 21268 --- [school-manager] [restartedMain] org.hibernate.SQL                        : select g1_0.id,g1_0.english,g1_0.english_final,g1_0.english_m15,g1_0.english_mid,g1_0.english_oral,g1_0.gpa,g1_0.literature,g1_0.literature_final,g1_0.literature_m15,g1_0.literature_mid,g1_0.literature_oral,g1_0.math,g1_0.math_final,g1_0.math_m15,g1_0.math_mid,g1_0.math_oral,g1_0.student_code,g1_0.student_id from grades g1_0
2026-10-01T10:23:06.501+07:00 DEBUG 21268 --- [school-manager] [restartedMain] org.hibernate.SQL                        : select sc1_0.id,sc1_0.code,sc1_0.name from school_classes sc1_0
2026-10-01T10:23:06.509+07:00 DEBUG 21268 --- [school-manager] [restartedMain] org.hibernate.SQL                        : select m1_0.id,m1_0.class_name,m1_0.code,m1_0.email,m1_0.must_change_password,m1_0.name,m1_0.password,m1_0.role,m1_0.subject from members m1_0
2026-10-01T10:23:06.520+07:00 DEBUG 21268 --- [school-manager] [restartedMain] org.hibernate.SQL                        : select m1_0.id,m1_0.class_name,m1_0.code,m1_0.email,m1_0.must_change_password,m1_0.name,m1_0.password,m1_0.role,m1_0.subject from members m1_0
2026-10-01T10:23:06.575+07:00 DEBUG 21268 --- [school-manager] [restartedMain] org.hibernate.SQL                        : select m1_0.id,m1_0.class_name,m1_0.code,m1_0.email,m1_0.must_change_password,m1_0.name,m1_0.password,m1_0.role,m1_0.subject from members m1_0 where m1_0.role=?
2026-10-01T10:23:06.594+07:00 DEBUG 21268 --- [school-manager] [restartedMain] org.hibernate.SQL                        : select count(g1_0.id)>0 from grades g1_0 where lower(g1_0.student_code)=lower(?) or lower(g1_0.student_id)=lower(?)
2026-10-01T10:23:06.599+07:00 DEBUG 21268 --- [school-manager] [restartedMain] org.hibernate.SQL                        : select count(g1_0.id)>0 from grades g1_0 where lower(g1_0.student_code)=lower(?) or lower(g1_0.student_id)=lower(?)
2026-10-01T10:23:06.604+07:00 DEBUG 21268 --- [school-manager] [restartedMain] org.hibernate.SQL                        : select count(g1_0.id)>0 from grades g1_0 where lower(g1_0.student_code)=lower(?) or lower(g1_0.student_id)=lower(?)
2026-10-01T10:23:06.608+07:00 DEBUG 21268 --- [school-manager] [restartedMain] org.hibernate.SQL                        : select count(g1_0.id)>0 from grades g1_0 where lower(g1_0.student_code)=lower(?) or lower(g1_0.student_id)=lower(?)
2026-10-01T10:23:06.612+07:00 DEBUG 21268 --- [school-manager] [restartedMain] org.hibernate.SQL                        : select count(g1_0.id)>0 from grades g1_0 where lower(g1_0.student_code)=lower(?) or lower(g1_0.student_id)=lower(?)
2026-10-01T10:23:06.616+07:00 DEBUG 21268 --- [school-manager] [restartedMain] org.hibernate.SQL                        : select count(g1_0.id)>0 from grades g1_0 where lower(g1_0.student_code)=lower(?) or lower(g1_0.student_id)=lower(?)
2026-10-01T10:23:06.621+07:00 DEBUG 21268 --- [school-manager] [restartedMain] org.hibernate.SQL                        : select count(g1_0.id)>0 from grades g1_0 where lower(g1_0.student_code)=lower(?) or lower(g1_0.student_id)=lower(?)
2026-10-01T10:23:06.624+07:00 DEBUG 21268 --- [school-manager] [restartedMain] org.hibernate.SQL                        : select count(g1_0.id)>0 from grades g1_0 where lower(g1_0.student_code)=lower(?) or lower(g1_0.student_id)=lower(?)
2026-10-01T10:23:06.628+07:00 DEBUG 21268 --- [school-manager] [restartedMain] org.hibernate.SQL                        : select count(g1_0.id)>0 from grades g1_0 where lower(g1_0.student_code)=lower(?) or lower(g1_0.student_id)=lower(?)
2026-10-01T10:23:06.632+07:00 DEBUG 21268 --- [school-manager] [restartedMain] org.hibernate.SQL                        : select count(g1_0.id)>0 from grades g1_0 where lower(g1_0.student_code)=lower(?) or lower(g1_0.student_id)=lower(?)
2026-10-01T10:23:06.637+07:00 DEBUG 21268 --- [school-manager] [restartedMain] org.hibernate.SQL                        : select count(g1_0.id)>0 from grades g1_0 where lower(g1_0.student_code)=lower(?) or lower(g1_0.student_id)=lower(?)
2026-10-01T10:23:06.641+07:00 DEBUG 21268 --- [school-manager] [restartedMain] org.hibernate.SQL                        : select count(g1_0.id)>0 from grades g1_0 where lower(g1_0.student_code)=lower(?) or lower(g1_0.student_id)=lower(?)
2026-10-01T10:23:06.645+07:00 DEBUG 21268 --- [school-manager] [restartedMain] org.hibernate.SQL                        : select count(g1_0.id)>0 from grades g1_0 where lower(g1_0.student_code)=lower(?) or lower(g1_0.student_id)=lower(?)
2026-10-01T10:23:06.648+07:00 DEBUG 21268 --- [school-manager] [restartedMain] org.hibernate.SQL                        : select count(g1_0.id)>0 from grades g1_0 where lower(g1_0.student_code)=lower(?) or lower(g1_0.student_id)=lower(?)
2026-10-01T10:23:06.652+07:00 DEBUG 21268 --- [school-manager] [restartedMain] org.hibernate.SQL                        : select count(g1_0.id)>0 from grades g1_0 where lower(g1_0.student_code)=lower(?) or lower(g1_0.student_id)=lower(?)
2026-10-01T10:23:06.655+07:00 DEBUG 21268 --- [school-manager] [restartedMain] org.hibernate.SQL                        : select count(g1_0.id)>0 from grades g1_0 where lower(g1_0.student_code)=lower(?) or lower(g1_0.student_id)=lower(?)
2026-10-01T10:23:06.658+07:00 DEBUG 21268 --- [school-manager] [restartedMain] org.hibernate.SQL                        : select count(g1_0.id)>0 from grades g1_0 where lower(g1_0.student_code)=lower(?) or lower(g1_0.student_id)=lower(?)
2026-10-01T10:23:06.661+07:00 DEBUG 21268 --- [school-manager] [restartedMain] org.hibernate.SQL                        : select count(g1_0.id)>0 from grades g1_0 where lower(g1_0.student_code)=lower(?) or lower(g1_0.student_id)=lower(?)
2026-10-01T10:23:06.663+07:00 DEBUG 21268 --- [school-manager] [restartedMain] org.hibernate.SQL                        : select count(g1_0.id)>0 from grades g1_0 where lower(g1_0.student_code)=lower(?) or lower(g1_0.student_id)=lower(?)
2026-10-01T10:23:06.666+07:00 DEBUG 21268 --- [school-manager] [restartedMain] org.hibernate.SQL                        : select count(g1_0.id)>0 from grades g1_0 where lower(g1_0.student_code)=lower(?) or lower(g1_0.student_id)=lower(?)
2026-10-01T10:23:06.670+07:00 DEBUG 21268 --- [school-manager] [restartedMain] org.hibernate.SQL                        : select count(g1_0.id)>0 from grades g1_0 where lower(g1_0.student_code)=lower(?) or lower(g1_0.student_id)=lower(?)
2026-10-01T10:23:06.673+07:00 DEBUG 21268 --- [school-manager] [restartedMain] org.hibernate.SQL                        : select count(g1_0.id)>0 from grades g1_0 where lower(g1_0.student_code)=lower(?) or lower(g1_0.student_id)=lower(?)
2026-10-01T10:23:06.675+07:00 DEBUG 21268 --- [school-manager] [restartedMain] org.hibernate.SQL                        : select count(g1_0.id)>0 from grades g1_0 where lower(g1_0.student_code)=lower(?) or lower(g1_0.student_id)=lower(?)
2026-10-01T10:23:06.678+07:00 DEBUG 21268 --- [school-manager] [restartedMain] org.hibernate.SQL                        : select count(g1_0.id)>0 from grades g1_0 where lower(g1_0.student_code)=lower(?) or lower(g1_0.student_id)=lower(?)
2026-10-01T10:23:06.682+07:00 DEBUG 21268 --- [school-manager] [restartedMain] org.hibernate.SQL                        : select count(g1_0.id)>0 from grades g1_0 where lower(g1_0.student_code)=lower(?) or lower(g1_0.student_id)=lower(?)
2026-10-01T10:23:06.685+07:00 DEBUG 21268 --- [school-manager] [restartedMain] org.hibernate.SQL                        : select count(g1_0.id)>0 from grades g1_0 where lower(g1_0.student_code)=lower(?) or lower(g1_0.student_id)=lower(?)
2026-10-01T10:23:06.689+07:00 DEBUG 21268 --- [school-manager] [restartedMain] org.hibernate.SQL                        : select count(g1_0.id)>0 from grades g1_0 where lower(g1_0.student_code)=lower(?) or lower(g1_0.student_id)=lower(?)
2026-10-01T10:23:06.691+07:00 DEBUG 21268 --- [school-manager] [restartedMain] org.hibernate.SQL                        : select count(g1_0.id)>0 from grades g1_0 where lower(g1_0.student_code)=lower(?) or lower(g1_0.student_id)=lower(?)
2026-10-01T10:23:06.694+07:00 DEBUG 21268 --- [school-manager] [restartedMain] org.hibernate.SQL                        : select count(g1_0.id)>0 from grades g1_0 where lower(g1_0.student_code)=lower(?) or lower(g1_0.student_id)=lower(?)
2026-10-01T10:23:06.697+07:00 DEBUG 21268 --- [school-manager] [restartedMain] org.hibernate.SQL                        : select count(g1_0.id)>0 from grades g1_0 where lower(g1_0.student_code)=lower(?) or lower(g1_0.student_id)=lower(?)
2026-10-01T10:23:06.699+07:00 DEBUG 21268 --- [school-manager] [restartedMain] org.hibernate.SQL                        : select count(g1_0.id)>0 from grades g1_0 where lower(g1_0.student_code)=lower(?) or lower(g1_0.student_id)=lower(?)
2026-10-01T10:23:06.703+07:00 DEBUG 21268 --- [school-manager] [restartedMain] org.hibernate.SQL                        : select count(g1_0.id)>0 from grades g1_0 where lower(g1_0.student_code)=lower(?) or lower(g1_0.student_id)=lower(?)
2026-10-01T10:23:06.705+07:00 DEBUG 21268 --- [school-manager] [restartedMain] org.hibernate.SQL                        : select count(g1_0.id)>0 from grades g1_0 where lower(g1_0.student_code)=lower(?) or lower(g1_0.student_id)=lower(?)
2026-10-01T10:23:06.708+07:00 DEBUG 21268 --- [school-manager] [restartedMain] org.hibernate.SQL                        : select count(g1_0.id)>0 from grades g1_0 where lower(g1_0.student_code)=lower(?) or lower(g1_0.student_id)=lower(?)
2026-10-01T10:23:06.711+07:00 DEBUG 21268 --- [school-manager] [restartedMain] org.hibernate.SQL                        : select count(g1_0.id)>0 from grades g1_0 where lower(g1_0.student_code)=lower(?) or lower(g1_0.student_id)=lower(?)
2026-10-01T10:23:06.713+07:00 DEBUG 21268 --- [school-manager] [restartedMain] org.hibernate.SQL                        : select count(g1_0.id)>0 from grades g1_0 where lower(g1_0.student_code)=lower(?) or lower(g1_0.student_id)=lower(?)
2026-10-01T10:23:06.716+07:00 DEBUG 21268 --- [school-manager] [restartedMain] org.hibernate.SQL                        : select count(g1_0.id)>0 from grades g1_0 where lower(g1_0.student_code)=lower(?) or lower(g1_0.student_id)=lower(?)
2026-10-01T10:23:06.719+07:00 DEBUG 21268 --- [school-manager] [restartedMain] org.hibernate.SQL                        : select count(g1_0.id)>0 from grades g1_0 where lower(g1_0.student_code)=lower(?) or lower(g1_0.student_id)=lower(?)
2026-10-01T10:23:06.721+07:00 DEBUG 21268 --- [school-manager] [restartedMain] org.hibernate.SQL                        : select count(g1_0.id)>0 from grades g1_0 where lower(g1_0.student_code)=lower(?) or lower(g1_0.student_id)=lower(?)
2026-10-01T10:23:06.724+07:00 DEBUG 21268 --- [school-manager] [restartedMain] org.hibernate.SQL                        : select count(g1_0.id)>0 from grades g1_0 where lower(g1_0.student_code)=lower(?) or lower(g1_0.student_id)=lower(?)
2026-10-01T10:23:06.729+07:00 DEBUG 21268 --- [school-manager] [restartedMain] org.hibernate.SQL                        : select count(g1_0.id)>0 from grades g1_0 where lower(g1_0.student_code)=lower(?) or lower(g1_0.student_id)=lower(?)
2026-10-01T10:23:06.732+07:00 DEBUG 21268 --- [school-manager] [restartedMain] org.hibernate.SQL                        : select count(g1_0.id)>0 from grades g1_0 where lower(g1_0.student_code)=lower(?) or lower(g1_0.student_id)=lower(?)
2026-10-01T10:23:06.735+07:00 DEBUG 21268 --- [school-manager] [restartedMain] org.hibernate.SQL                        : select count(g1_0.id)>0 from grades g1_0 where lower(g1_0.student_code)=lower(?) or lower(g1_0.student_id)=lower(?)
2026-10-01T10:23:06.738+07:00 DEBUG 21268 --- [school-manager] [restartedMain] org.hibernate.SQL                        : select count(g1_0.id)>0 from grades g1_0 where lower(g1_0.student_code)=lower(?) or lower(g1_0.student_id)=lower(?)
2026-10-01T10:23:06.741+07:00 DEBUG 21268 --- [school-manager] [restartedMain] org.hibernate.SQL                        : select count(g1_0.id)>0 from grades g1_0 where lower(g1_0.student_code)=lower(?) or lower(g1_0.student_id)=lower(?)
2026-10-01T10:23:06.744+07:00 DEBUG 21268 --- [school-manager] [restartedMain] org.hibernate.SQL                        : select count(g1_0.id)>0 from grades g1_0 where lower(g1_0.student_code)=lower(?) or lower(g1_0.student_id)=lower(?)
2026-10-01T10:23:06.747+07:00 DEBUG 21268 --- [school-manager] [restartedMain] org.hibernate.SQL                        : select count(g1_0.id)>0 from grades g1_0 where lower(g1_0.student_code)=lower(?) or lower(g1_0.student_id)=lower(?)
2026-10-01T10:23:06.750+07:00 DEBUG 21268 --- [school-manager] [restartedMain] org.hibernate.SQL                        : select count(g1_0.id)>0 from grades g1_0 where lower(g1_0.student_code)=lower(?) or lower(g1_0.student_id)=lower(?)
2026-10-01T10:23:06.752+07:00 DEBUG 21268 --- [school-manager] [restartedMain] org.hibernate.SQL                        : select count(g1_0.id)>0 from grades g1_0 where lower(g1_0.student_code)=lower(?) or lower(g1_0.student_id)=lower(?)
2026-10-01T10:23:06.755+07:00 DEBUG 21268 --- [school-manager] [restartedMain] org.hibernate.SQL                        : select count(g1_0.id)>0 from grades g1_0 where lower(g1_0.student_code)=lower(?) or lower(g1_0.student_id)=lower(?)
2026-10-01T10:23:06.757+07:00 DEBUG 21268 --- [school-manager] [restartedMain] org.hibernate.SQL                        : select count(g1_0.id)>0 from grades g1_0 where lower(g1_0.student_code)=lower(?) or lower(g1_0.student_id)=lower(?)
2026-10-01T10:23:06.760+07:00 DEBUG 21268 --- [school-manager] [restartedMain] org.hibernate.SQL                        : select count(g1_0.id)>0 from grades g1_0 where lower(g1_0.student_code)=lower(?) or lower(g1_0.student_id)=lower(?)
2026-10-01T10:23:06.763+07:00 DEBUG 21268 --- [school-manager] [restartedMain] org.hibernate.SQL                        : select count(g1_0.id)>0 from grades g1_0 where lower(g1_0.student_code)=lower(?) or lower(g1_0.student_id)=lower(?)
2026-10-01T10:23:06.766+07:00 DEBUG 21268 --- [school-manager] [restartedMain] org.hibernate.SQL                        : select count(g1_0.id)>0 from grades g1_0 where lower(g1_0.student_code)=lower(?) or lower(g1_0.student_id)=lower(?)
2026-10-01T10:23:06.769+07:00 DEBUG 21268 --- [school-manager] [restartedMain] org.hibernate.SQL                        : select count(g1_0.id)>0 from grades g1_0 where lower(g1_0.student_code)=lower(?) or lower(g1_0.student_id)=lower(?)
2026-10-01T10:23:06.772+07:00 DEBUG 21268 --- [school-manager] [restartedMain] org.hibernate.SQL                        : select count(g1_0.id)>0 from grades g1_0 where lower(g1_0.student_code)=lower(?) or lower(g1_0.student_id)=lower(?)
2026-10-01T10:23:06.774+07:00 DEBUG 21268 --- [school-manager] [restartedMain] org.hibernate.SQL                        : select count(g1_0.id)>0 from grades g1_0 where lower(g1_0.student_code)=lower(?) or lower(g1_0.student_id)=lower(?)
2026-10-01T10:23:06.777+07:00 DEBUG 21268 --- [school-manager] [restartedMain] org.hibernate.SQL                        : select count(g1_0.id)>0 from grades g1_0 where lower(g1_0.student_code)=lower(?) or lower(g1_0.student_id)=lower(?)
2026-10-01T10:23:06.781+07:00 DEBUG 21268 --- [school-manager] [restartedMain] org.hibernate.SQL                        : select count(g1_0.id)>0 from grades g1_0 where lower(g1_0.student_code)=lower(?) or lower(g1_0.student_id)=lower(?)
2026-10-01T10:23:06.785+07:00 DEBUG 21268 --- [school-manager] [restartedMain] org.hibernate.SQL                        : select count(g1_0.id)>0 from grades g1_0 where lower(g1_0.student_code)=lower(?) or lower(g1_0.student_id)=lower(?)
2026-10-01T10:23:06.789+07:00 DEBUG 21268 --- [school-manager] [restartedMain] org.hibernate.SQL                        : select count(g1_0.id)>0 from grades g1_0 where lower(g1_0.student_code)=lower(?) or lower(g1_0.student_id)=lower(?)
2026-10-01T10:23:06.794+07:00 DEBUG 21268 --- [school-manager] [restartedMain] org.hibernate.SQL                        : select count(g1_0.id)>0 from grades g1_0 where lower(g1_0.student_code)=lower(?) or lower(g1_0.student_id)=lower(?)
2026-10-01T10:23:06.798+07:00 DEBUG 21268 --- [school-manager] [restartedMain] org.hibernate.SQL                        : select count(g1_0.id)>0 from grades g1_0 where lower(g1_0.student_code)=lower(?) or lower(g1_0.student_id)=lower(?)
2026-10-01T10:23:06.805+07:00 DEBUG 21268 --- [school-manager] [restartedMain] org.hibernate.SQL                        : select count(g1_0.id)>0 from grades g1_0 where lower(g1_0.student_code)=lower(?) or lower(g1_0.student_id)=lower(?)
2026-10-01T10:23:06.809+07:00 DEBUG 21268 --- [school-manager] [restartedMain] org.hibernate.SQL                        : select count(g1_0.id)>0 from grades g1_0 where lower(g1_0.student_code)=lower(?) or lower(g1_0.student_id)=lower(?)
2026-10-01T10:23:06.813+07:00 DEBUG 21268 --- [school-manager] [restartedMain] org.hibernate.SQL                        : select count(g1_0.id)>0 from grades g1_0 where lower(g1_0.student_code)=lower(?) or lower(g1_0.student_id)=lower(?)
2026-10-01T10:23:06.820+07:00 DEBUG 21268 --- [school-manager] [restartedMain] org.hibernate.SQL                        : select count(g1_0.id)>0 from grades g1_0 where lower(g1_0.student_code)=lower(?) or lower(g1_0.student_id)=lower(?)
2026-10-01T10:23:06.823+07:00 DEBUG 21268 --- [school-manager] [restartedMain] org.hibernate.SQL                        : select count(g1_0.id)>0 from grades g1_0 where lower(g1_0.student_code)=lower(?) or lower(g1_0.student_id)=lower(?)
2026-10-01T10:23:06.827+07:00 DEBUG 21268 --- [school-manager] [restartedMain] org.hibernate.SQL                        : select count(g1_0.id)>0 from grades g1_0 where lower(g1_0.student_code)=lower(?) or lower(g1_0.student_id)=lower(?)
2026-10-01T10:23:06.833+07:00 DEBUG 21268 --- [school-manager] [restartedMain] org.hibernate.SQL                        : select count(g1_0.id)>0 from grades g1_0 where lower(g1_0.student_code)=lower(?) or lower(g1_0.student_id)=lower(?)
2026-10-01T10:23:06.838+07:00 DEBUG 21268 --- [school-manager] [restartedMain] org.hibernate.SQL                        : select count(g1_0.id)>0 from grades g1_0 where lower(g1_0.student_code)=lower(?) or lower(g1_0.student_id)=lower(?)
2026-10-01T10:23:06.842+07:00 DEBUG 21268 --- [school-manager] [restartedMain] org.hibernate.SQL                        : select count(g1_0.id)>0 from grades g1_0 where lower(g1_0.student_code)=lower(?) or lower(g1_0.student_id)=lower(?)
2026-10-01T10:23:06.846+07:00 DEBUG 21268 --- [school-manager] [restartedMain] org.hibernate.SQL                        : select count(g1_0.id)>0 from grades g1_0 where lower(g1_0.student_code)=lower(?) or lower(g1_0.student_id)=lower(?)
2026-10-01T10:23:06.852+07:00 DEBUG 21268 --- [school-manager] [restartedMain] org.hibernate.SQL                        : select count(g1_0.id)>0 from grades g1_0 where lower(g1_0.student_code)=lower(?) or lower(g1_0.student_id)=lower(?)
2026-10-01T10:23:06.857+07:00 DEBUG 21268 --- [school-manager] [restartedMain] org.hibernate.SQL                        : select count(g1_0.id)>0 from grades g1_0 where lower(g1_0.student_code)=lower(?) or lower(g1_0.student_id)=lower(?)
2026-10-01T10:23:06.861+07:00 DEBUG 21268 --- [school-manager] [restartedMain] org.hibernate.SQL                        : select count(g1_0.id)>0 from grades g1_0 where lower(g1_0.student_code)=lower(?) or lower(g1_0.student_id)=lower(?)
2026-10-01T10:23:06.866+07:00 DEBUG 21268 --- [school-manager] [restartedMain] org.hibernate.SQL                        : select count(g1_0.id)>0 from grades g1_0 where lower(g1_0.student_code)=lower(?) or lower(g1_0.student_id)=lower(?)
2026-10-01T10:23:06.871+07:00 DEBUG 21268 --- [school-manager] [restartedMain] org.hibernate.SQL                        : select count(g1_0.id)>0 from grades g1_0 where lower(g1_0.student_code)=lower(?) or lower(g1_0.student_id)=lower(?)
2026-10-01T10:23:06.875+07:00 DEBUG 21268 --- [school-manager] [restartedMain] org.hibernate.SQL                        : select count(g1_0.id)>0 from grades g1_0 where lower(g1_0.student_code)=lower(?) or lower(g1_0.student_id)=lower(?)
2026-10-01T10:23:06.879+07:00 DEBUG 21268 --- [school-manager] [restartedMain] org.hibernate.SQL                        : select count(g1_0.id)>0 from grades g1_0 where lower(g1_0.student_code)=lower(?) or lower(g1_0.student_id)=lower(?)
2026-10-01T10:23:06.884+07:00 DEBUG 21268 --- [school-manager] [restartedMain] org.hibernate.SQL                        : select count(g1_0.id)>0 from grades g1_0 where lower(g1_0.student_code)=lower(?) or lower(g1_0.student_id)=lower(?)
2026-10-01T10:23:06.889+07:00 DEBUG 21268 --- [school-manager] [restartedMain] org.hibernate.SQL                        : select count(g1_0.id)>0 from grades g1_0 where lower(g1_0.student_code)=lower(?) or lower(g1_0.student_id)=lower(?)
2026-10-01T10:23:06.892+07:00 DEBUG 21268 --- [school-manager] [restartedMain] org.hibernate.SQL                        : select count(g1_0.id)>0 from grades g1_0 where lower(g1_0.student_code)=lower(?) or lower(g1_0.student_id)=lower(?)
2026-10-01T10:23:06.896+07:00 DEBUG 21268 --- [school-manager] [restartedMain] org.hibernate.SQL                        : select count(g1_0.id)>0 from grades g1_0 where lower(g1_0.student_code)=lower(?) or lower(g1_0.student_id)=lower(?)
2026-10-01T10:23:06.900+07:00 DEBUG 21268 --- [school-manager] [restartedMain] org.hibernate.SQL                        : select count(g1_0.id)>0 from grades g1_0 where lower(g1_0.student_code)=lower(?) or lower(g1_0.student_id)=lower(?)
2026-10-01T10:23:06.905+07:00 DEBUG 21268 --- [school-manager] [restartedMain] org.hibernate.SQL                        : select count(g1_0.id)>0 from grades g1_0 where lower(g1_0.student_code)=lower(?) or lower(g1_0.student_id)=lower(?)
2026-10-01T10:23:06.907+07:00 DEBUG 21268 --- [school-manager] [restartedMain] org.hibernate.SQL                        : select count(g1_0.id)>0 from grades g1_0 where lower(g1_0.student_code)=lower(?) or lower(g1_0.student_id)=lower(?)
2026-10-01T10:23:06.910+07:00 DEBUG 21268 --- [school-manager] [restartedMain] org.hibernate.SQL                        : select count(g1_0.id)>0 from grades g1_0 where lower(g1_0.student_code)=lower(?) or lower(g1_0.student_id)=lower(?)
2026-10-01T10:23:06.913+07:00 DEBUG 21268 --- [school-manager] [restartedMain] org.hibernate.SQL                        : select count(g1_0.id)>0 from grades g1_0 where lower(g1_0.student_code)=lower(?) or lower(g1_0.student_id)=lower(?)
2026-10-01T10:23:06.915+07:00 DEBUG 21268 --- [school-manager] [restartedMain] org.hibernate.SQL                        : select count(g1_0.id)>0 from grades g1_0 where lower(g1_0.student_code)=lower(?) or lower(g1_0.student_id)=lower(?)
2026-10-01T10:23:06.918+07:00 DEBUG 21268 --- [school-manager] [restartedMain] org.hibernate.SQL                        : select count(g1_0.id)>0 from grades g1_0 where lower(g1_0.student_code)=lower(?) or lower(g1_0.student_id)=lower(?)
2026-10-01T10:23:06.921+07:00 DEBUG 21268 --- [school-manager] [restartedMain] org.hibernate.SQL                        : select count(g1_0.id)>0 from grades g1_0 where lower(g1_0.student_code)=lower(?) or lower(g1_0.student_id)=lower(?)
2026-10-01T10:23:06.924+07:00 DEBUG 21268 --- [school-manager] [restartedMain] org.hibernate.SQL                        : select count(g1_0.id)>0 from grades g1_0 where lower(g1_0.student_code)=lower(?) or lower(g1_0.student_id)=lower(?)
2026-10-01T10:23:06.927+07:00 DEBUG 21268 --- [school-manager] [restartedMain] org.hibernate.SQL                        : select count(g1_0.id)>0 from grades g1_0 where lower(g1_0.student_code)=lower(?) or lower(g1_0.student_id)=lower(?)
2026-10-01T10:23:06.930+07:00 DEBUG 21268 --- [school-manager] [restartedMain] org.hibernate.SQL                        : select count(g1_0.id)>0 from grades g1_0 where lower(g1_0.student_code)=lower(?) or lower(g1_0.student_id)=lower(?)
2026-10-01T10:23:06.933+07:00 DEBUG 21268 --- [school-manager] [restartedMain] org.hibernate.SQL                        : select count(g1_0.id)>0 from grades g1_0 where lower(g1_0.student_code)=lower(?) or lower(g1_0.student_id)=lower(?)
2026-10-01T10:23:06.936+07:00 DEBUG 21268 --- [school-manager] [restartedMain] org.hibernate.SQL                        : select count(g1_0.id)>0 from grades g1_0 where lower(g1_0.student_code)=lower(?) or lower(g1_0.student_id)=lower(?)
2026-10-01T10:23:06.939+07:00 DEBUG 21268 --- [school-manager] [restartedMain] org.hibernate.SQL                        : select count(g1_0.id)>0 from grades g1_0 where lower(g1_0.student_code)=lower(?) or lower(g1_0.student_id)=lower(?)
2026-10-01T10:23:06.942+07:00 DEBUG 21268 --- [school-manager] [restartedMain] org.hibernate.SQL                        : select count(g1_0.id)>0 from grades g1_0 where lower(g1_0.student_code)=lower(?) or lower(g1_0.student_id)=lower(?)
2026-10-01T10:23:06.945+07:00 DEBUG 21268 --- [school-manager] [restartedMain] org.hibernate.SQL                        : select count(g1_0.id)>0 from grades g1_0 where lower(g1_0.student_code)=lower(?) or lower(g1_0.student_id)=lower(?)
2026-10-01T10:23:06.948+07:00 DEBUG 21268 --- [school-manager] [restartedMain] org.hibernate.SQL                        : select count(g1_0.id)>0 from grades g1_0 where lower(g1_0.student_code)=lower(?) or lower(g1_0.student_id)=lower(?)
2026-10-01T10:23:06.951+07:00 DEBUG 21268 --- [school-manager] [restartedMain] org.hibernate.SQL                        : select count(g1_0.id)>0 from grades g1_0 where lower(g1_0.student_code)=lower(?) or lower(g1_0.student_id)=lower(?)
2026-10-01T10:23:06.954+07:00 DEBUG 21268 --- [school-manager] [restartedMain] org.hibernate.SQL                        : select count(g1_0.id)>0 from grades g1_0 where lower(g1_0.student_code)=lower(?) or lower(g1_0.student_id)=lower(?)
2026-10-01T10:23:06.957+07:00 DEBUG 21268 --- [school-manager] [restartedMain] org.hibernate.SQL                        : select count(g1_0.id)>0 from grades g1_0 where lower(g1_0.student_code)=lower(?) or lower(g1_0.student_id)=lower(?)
2026-10-01T10:23:06.960+07:00 DEBUG 21268 --- [school-manager] [restartedMain] org.hibernate.SQL                        : select count(g1_0.id)>0 from grades g1_0 where lower(g1_0.student_code)=lower(?) or lower(g1_0.student_id)=lower(?)
2026-10-01T10:23:06.963+07:00 DEBUG 21268 --- [school-manager] [restartedMain] org.hibernate.SQL                        : select count(g1_0.id)>0 from grades g1_0 where lower(g1_0.student_code)=lower(?) or lower(g1_0.student_id)=lower(?)
2026-10-01T10:23:06.965+07:00 DEBUG 21268 --- [school-manager] [restartedMain] org.hibernate.SQL                        : select count(g1_0.id)>0 from grades g1_0 where lower(g1_0.student_code)=lower(?) or lower(g1_0.student_id)=lower(?)
2026-10-01T10:23:06.969+07:00 DEBUG 21268 --- [school-manager] [restartedMain] org.hibernate.SQL                        : select count(g1_0.id)>0 from grades g1_0 where lower(g1_0.student_code)=lower(?) or lower(g1_0.student_id)=lower(?)
2026-10-01T10:23:06.972+07:00 DEBUG 21268 --- [school-manager] [restartedMain] org.hibernate.SQL                        : select count(g1_0.id)>0 from grades g1_0 where lower(g1_0.student_code)=lower(?) or lower(g1_0.student_id)=lower(?)
2026-10-01T10:23:06.975+07:00 DEBUG 21268 --- [school-manager] [restartedMain] org.hibernate.SQL                        : select count(g1_0.id)>0 from grades g1_0 where lower(g1_0.student_code)=lower(?) or lower(g1_0.student_id)=lower(?)
2026-10-01T10:23:06.979+07:00 DEBUG 21268 --- [school-manager] [restartedMain] org.hibernate.SQL                        : select count(g1_0.id)>0 from grades g1_0 where lower(g1_0.student_code)=lower(?) or lower(g1_0.student_id)=lower(?)
2026-10-01T10:23:06.982+07:00 DEBUG 21268 --- [school-manager] [restartedMain] org.hibernate.SQL                        : select count(g1_0.id)>0 from grades g1_0 where lower(g1_0.student_code)=lower(?) or lower(g1_0.student_id)=lower(?)
2026-10-01T10:23:06.985+07:00 DEBUG 21268 --- [school-manager] [restartedMain] org.hibernate.SQL                        : select count(g1_0.id)>0 from grades g1_0 where lower(g1_0.student_code)=lower(?) or lower(g1_0.student_id)=lower(?)
2026-10-01T10:23:06.989+07:00 DEBUG 21268 --- [school-manager] [restartedMain] org.hibernate.SQL                        : select count(g1_0.id)>0 from grades g1_0 where lower(g1_0.student_code)=lower(?) or lower(g1_0.student_id)=lower(?)
2026-10-01T10:23:06.994+07:00 DEBUG 21268 --- [school-manager] [restartedMain] org.hibernate.SQL                        : select count(g1_0.id)>0 from grades g1_0 where lower(g1_0.student_code)=lower(?) or lower(g1_0.student_id)=lower(?)
2026-10-01T10:23:06.999+07:00 DEBUG 21268 --- [school-manager] [restartedMain] org.hibernate.SQL                        : select count(g1_0.id)>0 from grades g1_0 where lower(g1_0.student_code)=lower(?) or lower(g1_0.student_id)=lower(?)
2026-10-01T10:23:07.006+07:00 DEBUG 21268 --- [school-manager] [restartedMain] org.hibernate.SQL                        : select count(g1_0.id)>0 from grades g1_0 where lower(g1_0.student_code)=lower(?) or lower(g1_0.student_id)=lower(?)
2026-10-01T10:23:07.010+07:00 DEBUG 21268 --- [school-manager] [restartedMain] org.hibernate.SQL                        : select count(g1_0.id)>0 from grades g1_0 where lower(g1_0.student_code)=lower(?) or lower(g1_0.student_id)=lower(?)
2026-10-01T10:23:07.013+07:00 DEBUG 21268 --- [school-manager] [restartedMain] org.hibernate.SQL                        : select count(g1_0.id)>0 from grades g1_0 where lower(g1_0.student_code)=lower(?) or lower(g1_0.student_id)=lower(?)
2026-10-01T10:23:07.020+07:00 DEBUG 21268 --- [school-manager] [restartedMain] org.hibernate.SQL                        : select count(g1_0.id)>0 from grades g1_0 where lower(g1_0.student_code)=lower(?) or lower(g1_0.student_id)=lower(?)
2026-10-01T10:23:07.024+07:00 DEBUG 21268 --- [school-manager] [restartedMain] org.hibernate.SQL                        : select count(g1_0.id)>0 from grades g1_0 where lower(g1_0.student_code)=lower(?) or lower(g1_0.student_id)=lower(?)
2026-10-01T10:23:07.027+07:00 DEBUG 21268 --- [school-manager] [restartedMain] org.hibernate.SQL                        : select count(g1_0.id)>0 from grades g1_0 where lower(g1_0.student_code)=lower(?) or lower(g1_0.student_id)=lower(?)
2026-10-01T10:23:07.031+07:00 DEBUG 21268 --- [school-manager] [restartedMain] org.hibernate.SQL                        : select count(g1_0.id)>0 from grades g1_0 where lower(g1_0.student_code)=lower(?) or lower(g1_0.student_id)=lower(?)
2026-10-01T10:23:07.037+07:00 DEBUG 21268 --- [school-manager] [restartedMain] org.hibernate.SQL                        : select count(g1_0.id)>0 from grades g1_0 where lower(g1_0.student_code)=lower(?) or lower(g1_0.student_id)=lower(?)
2026-10-01T10:23:07.042+07:00 DEBUG 21268 --- [school-manager] [restartedMain] org.hibernate.SQL                        : select count(g1_0.id)>0 from grades g1_0 where lower(g1_0.student_code)=lower(?) or lower(g1_0.student_id)=lower(?)
2026-10-01T10:23:07.046+07:00 DEBUG 21268 --- [school-manager] [restartedMain] org.hibernate.SQL                        : select count(g1_0.id)>0 from grades g1_0 where lower(g1_0.student_code)=lower(?) or lower(g1_0.student_id)=lower(?)
2026-10-01T10:23:07.054+07:00 DEBUG 21268 --- [school-manager] [restartedMain] org.hibernate.SQL                        : select count(g1_0.id)>0 from grades g1_0 where lower(g1_0.student_code)=lower(?) or lower(g1_0.student_id)=lower(?)
2026-10-01T10:23:07.060+07:00 DEBUG 21268 --- [school-manager] [restartedMain] org.hibernate.SQL                        : select count(g1_0.id)>0 from grades g1_0 where lower(g1_0.student_code)=lower(?) or lower(g1_0.student_id)=lower(?)
2026-10-01T10:23:07.065+07:00 DEBUG 21268 --- [school-manager] [restartedMain] org.hibernate.SQL                        : select count(g1_0.id)>0 from grades g1_0 where lower(g1_0.student_code)=lower(?) or lower(g1_0.student_id)=lower(?)
2026-10-01T10:23:07.071+07:00 DEBUG 21268 --- [school-manager] [restartedMain] org.hibernate.SQL                        : select count(g1_0.id)>0 from grades g1_0 where lower(g1_0.student_code)=lower(?) or lower(g1_0.student_id)=lower(?)
2026-10-01T10:23:07.076+07:00 DEBUG 21268 --- [school-manager] [restartedMain] org.hibernate.SQL                        : select count(g1_0.id)>0 from grades g1_0 where lower(g1_0.student_code)=lower(?) or lower(g1_0.student_id)=lower(?)
2026-10-01T10:23:07.080+07:00 DEBUG 21268 --- [school-manager] [restartedMain] org.hibernate.SQL                        : select count(g1_0.id)>0 from grades g1_0 where lower(g1_0.student_code)=lower(?) or lower(g1_0.student_id)=lower(?)
2026-10-01T10:23:07.085+07:00 DEBUG 21268 --- [school-manager] [restartedMain] org.hibernate.SQL                        : select count(g1_0.id)>0 from grades g1_0 where lower(g1_0.student_code)=lower(?) or lower(g1_0.student_id)=lower(?)
2026-10-01T10:23:07.091+07:00 DEBUG 21268 --- [school-manager] [restartedMain] org.hibernate.SQL                        : select count(g1_0.id)>0 from grades g1_0 where lower(g1_0.student_code)=lower(?) or lower(g1_0.student_id)=lower(?)
2026-10-01T10:23:07.095+07:00 DEBUG 21268 --- [school-manager] [restartedMain] org.hibernate.SQL                        : select count(g1_0.id)>0 from grades g1_0 where lower(g1_0.student_code)=lower(?) or lower(g1_0.student_id)=lower(?)
2026-10-01T10:23:07.098+07:00 DEBUG 21268 --- [school-manager] [restartedMain] org.hibernate.SQL                        : select count(g1_0.id)>0 from grades g1_0 where lower(g1_0.student_code)=lower(?) or lower(g1_0.student_id)=lower(?)
2026-10-01T10:23:07.101+07:00 DEBUG 21268 --- [school-manager] [restartedMain] org.hibernate.SQL                        : select count(g1_0.id)>0 from grades g1_0 where lower(g1_0.student_code)=lower(?) or lower(g1_0.student_id)=lower(?)
2026-10-01T10:23:07.105+07:00 DEBUG 21268 --- [school-manager] [restartedMain] org.hibernate.SQL                        : select count(g1_0.id)>0 from grades g1_0 where lower(g1_0.student_code)=lower(?) or lower(g1_0.student_id)=lower(?)
2026-10-01T10:23:07.106+07:00 DEBUG 21268 --- [school-manager] [restartedMain] org.hibernate.SQL                        : select count(g1_0.id)>0 from grades g1_0 where lower(g1_0.student_code)=lower(?) or lower(g1_0.student_id)=lower(?)
2026-10-01T10:23:07.110+07:00 DEBUG 21268 --- [school-manager] [restartedMain] org.hibernate.SQL                        : select count(g1_0.id)>0 from grades g1_0 where lower(g1_0.student_code)=lower(?) or lower(g1_0.student_id)=lower(?)
2026-10-01T10:23:07.112+07:00 DEBUG 21268 --- [school-manager] [restartedMain] org.hibernate.SQL                        : select count(g1_0.id)>0 from grades g1_0 where lower(g1_0.student_code)=lower(?) or lower(g1_0.student_id)=lower(?)
2026-10-01T10:23:07.114+07:00 DEBUG 21268 --- [school-manager] [restartedMain] org.hibernate.SQL                        : select count(g1_0.id)>0 from grades g1_0 where lower(g1_0.student_code)=lower(?) or lower(g1_0.student_id)=lower(?)
2026-10-01T10:23:07.116+07:00 DEBUG 21268 --- [school-manager] [restartedMain] org.hibernate.SQL                        : select count(g1_0.id)>0 from grades g1_0 where lower(g1_0.student_code)=lower(?) or lower(g1_0.student_id)=lower(?)
2026-10-01T10:23:07.120+07:00 DEBUG 21268 --- [school-manager] [restartedMain] org.hibernate.SQL                        : select count(g1_0.id)>0 from grades g1_0 where lower(g1_0.student_code)=lower(?) or lower(g1_0.student_id)=lower(?)
2026-10-01T10:23:07.122+07:00 DEBUG 21268 --- [school-manager] [restartedMain] org.hibernate.SQL                        : select count(g1_0.id)>0 from grades g1_0 where lower(g1_0.student_code)=lower(?) or lower(g1_0.student_id)=lower(?)
2026-10-01T10:23:07.126+07:00 DEBUG 21268 --- [school-manager] [restartedMain] org.hibernate.SQL                        : select count(g1_0.id)>0 from grades g1_0 where lower(g1_0.student_code)=lower(?) or lower(g1_0.student_id)=lower(?)
2026-10-01T10:23:07.128+07:00 DEBUG 21268 --- [school-manager] [restartedMain] org.hibernate.SQL                        : select count(g1_0.id)>0 from grades g1_0 where lower(g1_0.student_code)=lower(?) or lower(g1_0.student_id)=lower(?)
2026-10-01T10:23:07.130+07:00 DEBUG 21268 --- [school-manager] [restartedMain] org.hibernate.SQL                        : select count(g1_0.id)>0 from grades g1_0 where lower(g1_0.student_code)=lower(?) or lower(g1_0.student_id)=lower(?)
2026-10-01T10:23:07.133+07:00 DEBUG 21268 --- [school-manager] [restartedMain] org.hibernate.SQL                        : select count(g1_0.id)>0 from grades g1_0 where lower(g1_0.student_code)=lower(?) or lower(g1_0.student_id)=lower(?)
2026-10-01T10:23:07.136+07:00 DEBUG 21268 --- [school-manager] [restartedMain] org.hibernate.SQL                        : select count(g1_0.id)>0 from grades g1_0 where lower(g1_0.student_code)=lower(?) or lower(g1_0.student_id)=lower(?)
2026-10-01T10:23:07.138+07:00 DEBUG 21268 --- [school-manager] [restartedMain] org.hibernate.SQL                        : select count(g1_0.id)>0 from grades g1_0 where lower(g1_0.student_code)=lower(?) or lower(g1_0.student_id)=lower(?)
2026-10-01T10:23:07.141+07:00 DEBUG 21268 --- [school-manager] [restartedMain] org.hibernate.SQL                        : select count(g1_0.id)>0 from grades g1_0 where lower(g1_0.student_code)=lower(?) or lower(g1_0.student_id)=lower(?)
2026-10-01T10:23:07.143+07:00 DEBUG 21268 --- [school-manager] [restartedMain] org.hibernate.SQL                        : select count(g1_0.id)>0 from grades g1_0 where lower(g1_0.student_code)=lower(?) or lower(g1_0.student_id)=lower(?)
2026-10-01T10:23:07.146+07:00 DEBUG 21268 --- [school-manager] [restartedMain] org.hibernate.SQL                        : select count(g1_0.id)>0 from grades g1_0 where lower(g1_0.student_code)=lower(?) or lower(g1_0.student_id)=lower(?)
2026-10-01T10:23:07.148+07:00 DEBUG 21268 --- [school-manager] [restartedMain] org.hibernate.SQL                        : select count(g1_0.id)>0 from grades g1_0 where lower(g1_0.student_code)=lower(?) or lower(g1_0.student_id)=lower(?)
2026-10-01T10:23:07.150+07:00 DEBUG 21268 --- [school-manager] [restartedMain] org.hibernate.SQL                        : select count(g1_0.id)>0 from grades g1_0 where lower(g1_0.student_code)=lower(?) or lower(g1_0.student_id)=lower(?)
2026-10-01T10:23:07.153+07:00 DEBUG 21268 --- [school-manager] [restartedMain] org.hibernate.SQL                        : select count(g1_0.id)>0 from grades g1_0 where lower(g1_0.student_code)=lower(?) or lower(g1_0.student_id)=lower(?)
2026-10-01T10:23:07.156+07:00 DEBUG 21268 --- [school-manager] [restartedMain] org.hibernate.SQL                        : select count(g1_0.id)>0 from grades g1_0 where lower(g1_0.student_code)=lower(?) or lower(g1_0.student_id)=lower(?)
2026-10-01T10:23:07.159+07:00 DEBUG 21268 --- [school-manager] [restartedMain] org.hibernate.SQL                        : select count(g1_0.id)>0 from grades g1_0 where lower(g1_0.student_code)=lower(?) or lower(g1_0.student_id)=lower(?)
2026-10-01T10:23:07.161+07:00 DEBUG 21268 --- [school-manager] [restartedMain] org.hibernate.SQL                        : select count(g1_0.id)>0 from grades g1_0 where lower(g1_0.student_code)=lower(?) or lower(g1_0.student_id)=lower(?)
2026-10-01T10:23:07.164+07:00 DEBUG 21268 --- [school-manager] [restartedMain] org.hibernate.SQL                        : select count(g1_0.id)>0 from grades g1_0 where lower(g1_0.student_code)=lower(?) or lower(g1_0.student_id)=lower(?)
2026-10-01T10:23:07.167+07:00 DEBUG 21268 --- [school-manager] [restartedMain] org.hibernate.SQL                        : select count(g1_0.id)>0 from grades g1_0 where lower(g1_0.student_code)=lower(?) or lower(g1_0.student_id)=lower(?)
2026-10-01T10:23:07.169+07:00 DEBUG 21268 --- [school-manager] [restartedMain] org.hibernate.SQL                        : select count(g1_0.id)>0 from grades g1_0 where lower(g1_0.student_code)=lower(?) or lower(g1_0.student_id)=lower(?)
2026-10-01T10:23:07.172+07:00 DEBUG 21268 --- [school-manager] [restartedMain] org.hibernate.SQL                        : select count(g1_0.id)>0 from grades g1_0 where lower(g1_0.student_code)=lower(?) or lower(g1_0.student_id)=lower(?)
2026-10-01T10:23:07.175+07:00 DEBUG 21268 --- [school-manager] [restartedMain] org.hibernate.SQL                        : select count(g1_0.id)>0 from grades g1_0 where lower(g1_0.student_code)=lower(?) or lower(g1_0.student_id)=lower(?)
2026-10-01T10:23:07.177+07:00 DEBUG 21268 --- [school-manager] [restartedMain] org.hibernate.SQL                        : select count(g1_0.id)>0 from grades g1_0 where lower(g1_0.student_code)=lower(?) or lower(g1_0.student_id)=lower(?)
2026-10-01T10:23:07.179+07:00 DEBUG 21268 --- [school-manager] [restartedMain] org.hibernate.SQL                        : select count(g1_0.id)>0 from grades g1_0 where lower(g1_0.student_code)=lower(?) or lower(g1_0.student_id)=lower(?)
2026-10-01T10:23:07.183+07:00 DEBUG 21268 --- [school-manager] [restartedMain] org.hibernate.SQL                        : select count(g1_0.id)>0 from grades g1_0 where lower(g1_0.student_code)=lower(?) or lower(g1_0.student_id)=lower(?)
2026-10-01T10:23:07.185+07:00 DEBUG 21268 --- [school-manager] [restartedMain] org.hibernate.SQL                        : select count(g1_0.id)>0 from grades g1_0 where lower(g1_0.student_code)=lower(?) or lower(g1_0.student_id)=lower(?)
2026-10-01T10:23:07.188+07:00 DEBUG 21268 --- [school-manager] [restartedMain] org.hibernate.SQL                        : select count(g1_0.id)>0 from grades g1_0 where lower(g1_0.student_code)=lower(?) or lower(g1_0.student_id)=lower(?)
2026-10-01T10:23:07.193+07:00 DEBUG 21268 --- [school-manager] [restartedMain] org.hibernate.SQL                        : select count(g1_0.id)>0 from grades g1_0 where lower(g1_0.student_code)=lower(?) or lower(g1_0.student_id)=lower(?)
2026-10-01T10:23:07.196+07:00 DEBUG 21268 --- [school-manager] [restartedMain] org.hibernate.SQL                        : select count(g1_0.id)>0 from grades g1_0 where lower(g1_0.student_code)=lower(?) or lower(g1_0.student_id)=lower(?)
2026-10-01T10:23:07.201+07:00 DEBUG 21268 --- [school-manager] [restartedMain] org.hibernate.SQL                        : select count(g1_0.id)>0 from grades g1_0 where lower(g1_0.student_code)=lower(?) or lower(g1_0.student_id)=lower(?)
2026-10-01T10:23:07.206+07:00 DEBUG 21268 --- [school-manager] [restartedMain] org.hibernate.SQL                        : select count(g1_0.id)>0 from grades g1_0 where lower(g1_0.student_code)=lower(?) or lower(g1_0.student_id)=lower(?)
2026-10-01T10:23:07.209+07:00 DEBUG 21268 --- [school-manager] [restartedMain] org.hibernate.SQL                        : select count(g1_0.id)>0 from grades g1_0 where lower(g1_0.student_code)=lower(?) or lower(g1_0.student_id)=lower(?)
2026-10-01T10:23:07.212+07:00 DEBUG 21268 --- [school-manager] [restartedMain] org.hibernate.SQL                        : select count(g1_0.id)>0 from grades g1_0 where lower(g1_0.student_code)=lower(?) or lower(g1_0.student_id)=lower(?)
2026-10-01T10:23:07.216+07:00 DEBUG 21268 --- [school-manager] [restartedMain] org.hibernate.SQL                        : select count(g1_0.id)>0 from grades g1_0 where lower(g1_0.student_code)=lower(?) or lower(g1_0.student_id)=lower(?)
2026-10-01T10:23:07.221+07:00 DEBUG 21268 --- [school-manager] [restartedMain] org.hibernate.SQL                        : select count(g1_0.id)>0 from grades g1_0 where lower(g1_0.student_code)=lower(?) or lower(g1_0.student_id)=lower(?)
2026-10-01T10:23:07.225+07:00 DEBUG 21268 --- [school-manager] [restartedMain] org.hibernate.SQL                        : select count(g1_0.id)>0 from grades g1_0 where lower(g1_0.student_code)=lower(?) or lower(g1_0.student_id)=lower(?)
2026-10-01T10:23:07.229+07:00 DEBUG 21268 --- [school-manager] [restartedMain] org.hibernate.SQL                        : select count(g1_0.id)>0 from grades g1_0 where lower(g1_0.student_code)=lower(?) or lower(g1_0.student_id)=lower(?)
2026-10-01T10:23:07.238+07:00 DEBUG 21268 --- [school-manager] [restartedMain] org.hibernate.SQL                        : select count(g1_0.id)>0 from grades g1_0 where lower(g1_0.student_code)=lower(?) or lower(g1_0.student_id)=lower(?)
2026-10-01T10:23:07.241+07:00 DEBUG 21268 --- [school-manager] [restartedMain] org.hibernate.SQL                        : select count(g1_0.id)>0 from grades g1_0 where lower(g1_0.student_code)=lower(?) or lower(g1_0.student_id)=lower(?)
2026-10-01T10:23:07.247+07:00 DEBUG 21268 --- [school-manager] [restartedMain] org.hibernate.SQL                        : select count(g1_0.id)>0 from grades g1_0 where g1_0.student_id=? or lower(g1_0.student_code)=lower(?)
2026-10-01T10:23:07.298+07:00 DEBUG 21268 --- [school-manager] [restartedMain] org.hibernate.SQL                        : insert into grades (english,english_final,english_m15,english_mid,english_oral,gpa,literature,literature_final,literature_m15,literature_mid,literature_oral,math,math_final,math_m15,math_mid,math_oral,student_code,student_id) values (?,?,?,?,?,?,?,?,?,?,?,?,?,?,?,?,?,?)
2026-10-01T10:23:07.339+07:00  INFO 21268 --- [school-manager] [restartedMain] c.school.manager.config.DatabaseSeeder   : [DB Seeder] Đã bổ sung bản ghi điểm cho 1 học sinh chưa có điểm trong CSDL!
2026-10-01T10:23:19.825+07:00  INFO 21268 --- [school-manager] [SpringApplicationShutdownHook] o.s.b.w.e.tomcat.GracefulShutdown        : Commencing graceful shutdown. Waiting for active requests to complete
2026-10-01T10:23:19.829+07:00  INFO 21268 --- [school-manager] [tomcat-shutdown] o.s.b.w.e.tomcat.GracefulShutdown        : Graceful shutdown complete
2026-10-01T10:23:19.833+07:00  INFO 21268 --- [school-manager] [SpringApplicationShutdownHook] j.LocalContainerEntityManagerFactoryBean : Closing JPA EntityManagerFactory for persistence unit 'default'
2026-10-01T10:23:19.835+07:00  INFO 21268 --- [school-manager] [SpringApplicationShutdownHook] com.zaxxer.hikari.HikariDataSource       : HikariPool-1 - Shutdown initiated...
2026-10-01T10:23:19.844+07:00  INFO 21268 --- [school-manager] [SpringApplicationShutdownHook] com.zaxxer.hikari.HikariDataSource       : HikariPool-1 - Shutdown completed.
2026-10-01T10:23:23.349+07:00  INFO 24564 --- [school-manager] [restartedMain] c.s.manager.SchoolManagerApplication     : Starting SchoolManagerApplication using Java 21.0.11 with PID 24564 (C:\Users\phuongpa\Documents\New folder (2)\school-manager\target\classes started by phuongpa in C:\Users\phuongpa\Documents\New folder (2)\school-manager)
2026-10-01T10:23:23.351+07:00 DEBUG 24564 --- [school-manager] [restartedMain] c.s.manager.SchoolManagerApplication     : Running with Spring Boot v3.4.2, Spring v6.2.2
2026-10-01T10:23:23.352+07:00  INFO 24564 --- [school-manager] [restartedMain] c.s.manager.SchoolManagerApplication     : No active profile set, falling back to 1 default profile: "default"
2026-10-01T10:23:23.399+07:00  INFO 24564 --- [school-manager] [restartedMain] .e.DevToolsPropertyDefaultsPostProcessor : Devtools property defaults active! Set 'spring.devtools.add-properties' to 'false' to disable
2026-10-01T10:23:23.400+07:00  INFO 24564 --- [school-manager] [restartedMain] .e.DevToolsPropertyDefaultsPostProcessor : For additional web related logging consider setting the 'logging.level.web' property to 'DEBUG'
2026-10-01T10:23:24.064+07:00  INFO 24564 --- [school-manager] [restartedMain] .s.d.r.c.RepositoryConfigurationDelegate : Bootstrapping Spring Data JPA repositories in DEFAULT mode.
2026-10-01T10:23:24.126+07:00  INFO 24564 --- [school-manager] [restartedMain] .s.d.r.c.RepositoryConfigurationDelegate : Finished Spring Data repository scanning in 55 ms. Found 3 JPA repository interfaces.
2026-10-01T10:23:24.613+07:00  INFO 24564 --- [school-manager] [restartedMain] o.s.b.w.embedded.tomcat.TomcatWebServer  : Tomcat initialized with port 8080 (http)
2026-10-01T10:23:24.626+07:00  INFO 24564 --- [school-manager] [restartedMain] o.apache.catalina.core.StandardService   : Starting service [Tomcat]
2026-10-01T10:23:24.626+07:00  INFO 24564 --- [school-manager] [restartedMain] o.apache.catalina.core.StandardEngine    : Starting Servlet engine: [Apache Tomcat/10.1.34]
2026-10-01T10:23:24.667+07:00  INFO 24564 --- [school-manager] [restartedMain] o.a.c.c.C.[Tomcat].[localhost].[/]       : Initializing Spring embedded WebApplicationContext
2026-10-01T10:23:24.667+07:00  INFO 24564 --- [school-manager] [restartedMain] w.s.c.ServletWebServerApplicationContext : Root WebApplicationContext: initialization completed in 1267 ms
2026-10-01T10:23:24.790+07:00  INFO 24564 --- [school-manager] [restartedMain] o.hibernate.jpa.internal.util.LogHelper  : HHH000204: Processing PersistenceUnitInfo [name: default]
2026-10-01T10:23:24.845+07:00  INFO 24564 --- [school-manager] [restartedMain] org.hibernate.Version                    : HHH000412: Hibernate ORM core version 6.6.5.Final
2026-10-01T10:23:24.880+07:00  INFO 24564 --- [school-manager] [restartedMain] o.h.c.internal.RegionFactoryInitiator    : HHH000026: Second-level cache disabled
2026-10-01T10:23:25.142+07:00  INFO 24564 --- [school-manager] [restartedMain] o.s.o.j.p.SpringPersistenceUnitInfo      : No LoadTimeWeaver setup: ignoring JPA class transformer
2026-10-01T10:23:25.170+07:00  INFO 24564 --- [school-manager] [restartedMain] com.zaxxer.hikari.HikariDataSource       : HikariPool-1 - Starting...
2026-10-01T10:23:25.313+07:00  INFO 24564 --- [school-manager] [restartedMain] com.zaxxer.hikari.pool.HikariPool        : HikariPool-1 - Added connection com.mysql.cj.jdbc.ConnectionImpl@693387e3
2026-10-01T10:23:25.314+07:00  INFO 24564 --- [school-manager] [restartedMain] com.zaxxer.hikari.HikariDataSource       : HikariPool-1 - Start completed.
2026-10-01T10:23:25.437+07:00  INFO 24564 --- [school-manager] [restartedMain] org.hibernate.orm.connections.pooling    : HHH10001005: Database info:
	Database JDBC URL [Connecting through datasource 'HikariDataSource (HikariPool-1)']
	Database driver: undefined/unknown
	Database version: 8.0.46
	Autocommit mode: undefined/unknown
	Isolation level: undefined/unknown
	Minimum pool size: undefined/unknown
	Maximum pool size: undefined/unknown
2026-10-01T10:23:26.317+07:00  INFO 24564 --- [school-manager] [restartedMain] o.h.e.t.j.p.i.JtaPlatformInitiator       : HHH000489: No JTA platform available (set 'hibernate.transaction.jta.platform' to enable JTA platform integration)
2026-10-01T10:23:26.398+07:00  INFO 24564 --- [school-manager] [restartedMain] j.LocalContainerEntityManagerFactoryBean : Initialized JPA EntityManagerFactory for persistence unit 'default'
2026-10-01T10:23:26.623+07:00  INFO 24564 --- [school-manager] [restartedMain] o.s.d.j.r.query.QueryEnhancerFactory     : Hibernate is in classpath; If applicable, HQL parser will be used.
2026-10-01T10:23:27.540+07:00  WARN 24564 --- [school-manager] [restartedMain] JpaBaseConfiguration$JpaWebConfiguration : spring.jpa.open-in-view is enabled by default. Therefore, database queries may be performed during view rendering. Explicitly configure spring.jpa.open-in-view to disable this warning
2026-10-01T10:23:27.555+07:00  WARN 24564 --- [school-manager] [restartedMain] .s.s.UserDetailsServiceAutoConfiguration : 

Using generated security password: 5feb3609-0350-4485-a3ae-7199c76e6cb3

This generated password is for development use only. Your security configuration must be updated before running your application in production.

2026-10-01T10:23:27.574+07:00  INFO 24564 --- [school-manager] [restartedMain] r$InitializeUserDetailsManagerConfigurer : Global AuthenticationManager configured with UserDetailsService bean with name inMemoryUserDetailsManager
2026-10-01T10:23:27.941+07:00  INFO 24564 --- [school-manager] [restartedMain] o.s.b.a.h2.H2ConsoleAutoConfiguration    : H2 console available at '/h2-console'. Database available at 'jdbc:mysql://localhost:3306/school_db?useSSL=false&serverTimezone=UTC&allowPublicKeyRetrieval=true'
2026-10-01T10:23:27.994+07:00  INFO 24564 --- [school-manager] [restartedMain] o.s.b.d.a.OptionalLiveReloadServer       : LiveReload server is running on port 35729
2026-10-01T10:23:28.029+07:00  INFO 24564 --- [school-manager] [restartedMain] o.s.b.w.embedded.tomcat.TomcatWebServer  : Tomcat started on port 8080 (http) with context path '/'
2026-10-01T10:23:28.035+07:00  INFO 24564 --- [school-manager] [restartedMain] c.s.manager.SchoolManagerApplication     : Started SchoolManagerApplication in 5.099 seconds (process running for 5.592)
2026-10-01T10:23:28.037+07:00  INFO 24564 --- [school-manager] [restartedMain] c.school.manager.config.DatabaseSeeder   : [DB Seeder] Các môn học được hỗ trợ: [math, literature, english]
2026-10-01T10:23:28.038+07:00  INFO 24564 --- [school-manager] [restartedMain] c.school.manager.config.DatabaseSeeder   : [DB Seeder] Phát hiện động file db.json trong thư mục cùng cấp: C:\Users\phuongpa\Documents\New folder (2)\phần-mềm-quản-lý-điểm\db.json
2026-10-01T10:23:28.039+07:00  INFO 24564 --- [school-manager] [restartedMain] c.school.manager.config.DatabaseSeeder   : [DB Seeder] Đang tải dữ liệu từ file: C:\Users\phuongpa\Documents\New folder (2)\phần-mềm-quản-lý-điểm\db.json
2026-10-01T10:23:28.163+07:00 DEBUG 24564 --- [school-manager] [restartedMain] org.hibernate.SQL                        : select count(*) from members m1_0
2026-10-01T10:23:28.182+07:00 DEBUG 24564 --- [school-manager] [restartedMain] org.hibernate.SQL                        : select count(*) from members m1_0
2026-10-01T10:23:28.188+07:00 DEBUG 24564 --- [school-manager] [restartedMain] org.hibernate.SQL                        : select count(*) from school_classes sc1_0
2026-10-01T10:23:28.193+07:00  INFO 24564 --- [school-manager] [restartedMain] c.school.manager.config.DatabaseSeeder   : [DB Seeder] Cơ sở dữ liệu đã có sẵn dữ liệu (198 thành viên, 9 lớp học). Giữ nguyên dữ liệu hiện tại.
2026-10-01T10:23:28.205+07:00 DEBUG 24564 --- [school-manager] [restartedMain] org.hibernate.SQL                        : select m1_0.id,m1_0.class_name,m1_0.code,m1_0.email,m1_0.must_change_password,m1_0.name,m1_0.password,m1_0.role,m1_0.subject from members m1_0
2026-10-01T10:23:28.254+07:00 DEBUG 24564 --- [school-manager] [restartedMain] org.hibernate.SQL                        : select count(*) from grades g1_0
2026-10-01T10:23:28.266+07:00 DEBUG 24564 --- [school-manager] [restartedMain] org.hibernate.SQL                        : select g1_0.id,g1_0.english,g1_0.english_final,g1_0.english_m15,g1_0.english_mid,g1_0.english_oral,g1_0.gpa,g1_0.literature,g1_0.literature_final,g1_0.literature_m15,g1_0.literature_mid,g1_0.literature_oral,g1_0.math,g1_0.math_final,g1_0.math_m15,g1_0.math_mid,g1_0.math_oral,g1_0.student_code,g1_0.student_id from grades g1_0
2026-10-01T10:23:28.286+07:00  INFO 24564 --- [school-manager] [restartedMain] c.school.manager.config.DatabaseSeeder   : [DB Seeder] Đang tự động bổ sung studentCode và dữ liệu điểm thành phần từ db.json...
2026-10-01T10:23:28.290+07:00 DEBUG 24564 --- [school-manager] [restartedMain] org.hibernate.SQL                        : select m1_0.id,m1_0.class_name,m1_0.code,m1_0.email,m1_0.must_change_password,m1_0.name,m1_0.password,m1_0.role,m1_0.subject from members m1_0
2026-10-01T10:23:28.313+07:00 DEBUG 24564 --- [school-manager] [restartedMain] org.hibernate.SQL                        : select g1_0.id,g1_0.english,g1_0.english_final,g1_0.english_m15,g1_0.english_mid,g1_0.english_oral,g1_0.gpa,g1_0.literature,g1_0.literature_final,g1_0.literature_m15,g1_0.literature_mid,g1_0.literature_oral,g1_0.math,g1_0.math_final,g1_0.math_m15,g1_0.math_mid,g1_0.math_oral,g1_0.student_code,g1_0.student_id from grades g1_0
2026-10-01T10:23:28.330+07:00 DEBUG 24564 --- [school-manager] [restartedMain] org.hibernate.SQL                        : select sc1_0.id,sc1_0.code,sc1_0.name from school_classes sc1_0
2026-10-01T10:23:28.340+07:00 DEBUG 24564 --- [school-manager] [restartedMain] org.hibernate.SQL                        : select m1_0.id,m1_0.class_name,m1_0.code,m1_0.email,m1_0.must_change_password,m1_0.name,m1_0.password,m1_0.role,m1_0.subject from members m1_0
2026-10-01T10:23:28.352+07:00 DEBUG 24564 --- [school-manager] [restartedMain] org.hibernate.SQL                        : select m1_0.id,m1_0.class_name,m1_0.code,m1_0.email,m1_0.must_change_password,m1_0.name,m1_0.password,m1_0.role,m1_0.subject from members m1_0
2026-10-01T10:23:28.407+07:00 DEBUG 24564 --- [school-manager] [restartedMain] org.hibernate.SQL                        : select m1_0.id,m1_0.class_name,m1_0.code,m1_0.email,m1_0.must_change_password,m1_0.name,m1_0.password,m1_0.role,m1_0.subject from members m1_0 where m1_0.role=?
2026-10-01T10:23:28.417+07:00 DEBUG 24564 --- [school-manager] [restartedMain] org.hibernate.SQL                        : select count(g1_0.id)>0 from grades g1_0 where lower(g1_0.student_code)=lower(?) or lower(g1_0.student_id)=lower(?)
2026-10-01T10:23:28.420+07:00 DEBUG 24564 --- [school-manager] [restartedMain] org.hibernate.SQL                        : select count(g1_0.id)>0 from grades g1_0 where lower(g1_0.student_code)=lower(?) or lower(g1_0.student_id)=lower(?)
2026-10-01T10:23:28.423+07:00 DEBUG 24564 --- [school-manager] [restartedMain] org.hibernate.SQL                        : select count(g1_0.id)>0 from grades g1_0 where lower(g1_0.student_code)=lower(?) or lower(g1_0.student_id)=lower(?)
2026-10-01T10:23:28.426+07:00 DEBUG 24564 --- [school-manager] [restartedMain] org.hibernate.SQL                        : select count(g1_0.id)>0 from grades g1_0 where lower(g1_0.student_code)=lower(?) or lower(g1_0.student_id)=lower(?)
2026-10-01T10:23:28.428+07:00 DEBUG 24564 --- [school-manager] [restartedMain] org.hibernate.SQL                        : select count(g1_0.id)>0 from grades g1_0 where lower(g1_0.student_code)=lower(?) or lower(g1_0.student_id)=lower(?)
2026-10-01T10:23:28.431+07:00 DEBUG 24564 --- [school-manager] [restartedMain] org.hibernate.SQL                        : select count(g1_0.id)>0 from grades g1_0 where lower(g1_0.student_code)=lower(?) or lower(g1_0.student_id)=lower(?)
2026-10-01T10:23:28.433+07:00 DEBUG 24564 --- [school-manager] [restartedMain] org.hibernate.SQL                        : select count(g1_0.id)>0 from grades g1_0 where lower(g1_0.student_code)=lower(?) or lower(g1_0.student_id)=lower(?)
2026-10-01T10:23:28.436+07:00 DEBUG 24564 --- [school-manager] [restartedMain] org.hibernate.SQL                        : select count(g1_0.id)>0 from grades g1_0 where lower(g1_0.student_code)=lower(?) or lower(g1_0.student_id)=lower(?)
2026-10-01T10:23:28.438+07:00 DEBUG 24564 --- [school-manager] [restartedMain] org.hibernate.SQL                        : select count(g1_0.id)>0 from grades g1_0 where lower(g1_0.student_code)=lower(?) or lower(g1_0.student_id)=lower(?)
2026-10-01T10:23:28.441+07:00 DEBUG 24564 --- [school-manager] [restartedMain] org.hibernate.SQL                        : select count(g1_0.id)>0 from grades g1_0 where lower(g1_0.student_code)=lower(?) or lower(g1_0.student_id)=lower(?)
2026-10-01T10:23:28.444+07:00 DEBUG 24564 --- [school-manager] [restartedMain] org.hibernate.SQL                        : select count(g1_0.id)>0 from grades g1_0 where lower(g1_0.student_code)=lower(?) or lower(g1_0.student_id)=lower(?)
2026-10-01T10:23:28.446+07:00 DEBUG 24564 --- [school-manager] [restartedMain] org.hibernate.SQL                        : select count(g1_0.id)>0 from grades g1_0 where lower(g1_0.student_code)=lower(?) or lower(g1_0.student_id)=lower(?)
2026-10-01T10:23:28.449+07:00 DEBUG 24564 --- [school-manager] [restartedMain] org.hibernate.SQL                        : select count(g1_0.id)>0 from grades g1_0 where lower(g1_0.student_code)=lower(?) or lower(g1_0.student_id)=lower(?)
2026-10-01T10:23:28.451+07:00 DEBUG 24564 --- [school-manager] [restartedMain] org.hibernate.SQL                        : select count(g1_0.id)>0 from grades g1_0 where lower(g1_0.student_code)=lower(?) or lower(g1_0.student_id)=lower(?)
2026-10-01T10:23:28.454+07:00 DEBUG 24564 --- [school-manager] [restartedMain] org.hibernate.SQL                        : select count(g1_0.id)>0 from grades g1_0 where lower(g1_0.student_code)=lower(?) or lower(g1_0.student_id)=lower(?)
2026-10-01T10:23:28.457+07:00 DEBUG 24564 --- [school-manager] [restartedMain] org.hibernate.SQL                        : select count(g1_0.id)>0 from grades g1_0 where lower(g1_0.student_code)=lower(?) or lower(g1_0.student_id)=lower(?)
2026-10-01T10:23:28.460+07:00 DEBUG 24564 --- [school-manager] [restartedMain] org.hibernate.SQL                        : select count(g1_0.id)>0 from grades g1_0 where lower(g1_0.student_code)=lower(?) or lower(g1_0.student_id)=lower(?)
2026-10-01T10:23:28.464+07:00 DEBUG 24564 --- [school-manager] [restartedMain] org.hibernate.SQL                        : select count(g1_0.id)>0 from grades g1_0 where lower(g1_0.student_code)=lower(?) or lower(g1_0.student_id)=lower(?)
2026-10-01T10:23:28.468+07:00 DEBUG 24564 --- [school-manager] [restartedMain] org.hibernate.SQL                        : select count(g1_0.id)>0 from grades g1_0 where lower(g1_0.student_code)=lower(?) or lower(g1_0.student_id)=lower(?)
2026-10-01T10:23:28.472+07:00 DEBUG 24564 --- [school-manager] [restartedMain] org.hibernate.SQL                        : select count(g1_0.id)>0 from grades g1_0 where lower(g1_0.student_code)=lower(?) or lower(g1_0.student_id)=lower(?)
2026-10-01T10:23:28.477+07:00 DEBUG 24564 --- [school-manager] [restartedMain] org.hibernate.SQL                        : select count(g1_0.id)>0 from grades g1_0 where lower(g1_0.student_code)=lower(?) or lower(g1_0.student_id)=lower(?)
2026-10-01T10:23:28.480+07:00 DEBUG 24564 --- [school-manager] [restartedMain] org.hibernate.SQL                        : select count(g1_0.id)>0 from grades g1_0 where lower(g1_0.student_code)=lower(?) or lower(g1_0.student_id)=lower(?)
2026-10-01T10:23:28.484+07:00 DEBUG 24564 --- [school-manager] [restartedMain] org.hibernate.SQL                        : select count(g1_0.id)>0 from grades g1_0 where lower(g1_0.student_code)=lower(?) or lower(g1_0.student_id)=lower(?)
2026-10-01T10:23:28.488+07:00 DEBUG 24564 --- [school-manager] [restartedMain] org.hibernate.SQL                        : select count(g1_0.id)>0 from grades g1_0 where lower(g1_0.student_code)=lower(?) or lower(g1_0.student_id)=lower(?)
2026-10-01T10:23:28.492+07:00 DEBUG 24564 --- [school-manager] [restartedMain] org.hibernate.SQL                        : select count(g1_0.id)>0 from grades g1_0 where lower(g1_0.student_code)=lower(?) or lower(g1_0.student_id)=lower(?)
2026-10-01T10:23:28.496+07:00 DEBUG 24564 --- [school-manager] [restartedMain] org.hibernate.SQL                        : select count(g1_0.id)>0 from grades g1_0 where lower(g1_0.student_code)=lower(?) or lower(g1_0.student_id)=lower(?)
2026-10-01T10:23:28.500+07:00 DEBUG 24564 --- [school-manager] [restartedMain] org.hibernate.SQL                        : select count(g1_0.id)>0 from grades g1_0 where lower(g1_0.student_code)=lower(?) or lower(g1_0.student_id)=lower(?)
2026-10-01T10:23:28.504+07:00 DEBUG 24564 --- [school-manager] [restartedMain] org.hibernate.SQL                        : select count(g1_0.id)>0 from grades g1_0 where lower(g1_0.student_code)=lower(?) or lower(g1_0.student_id)=lower(?)
2026-10-01T10:23:28.509+07:00 DEBUG 24564 --- [school-manager] [restartedMain] org.hibernate.SQL                        : select count(g1_0.id)>0 from grades g1_0 where lower(g1_0.student_code)=lower(?) or lower(g1_0.student_id)=lower(?)
2026-10-01T10:23:28.512+07:00 DEBUG 24564 --- [school-manager] [restartedMain] org.hibernate.SQL                        : select count(g1_0.id)>0 from grades g1_0 where lower(g1_0.student_code)=lower(?) or lower(g1_0.student_id)=lower(?)
2026-10-01T10:23:28.516+07:00 DEBUG 24564 --- [school-manager] [restartedMain] org.hibernate.SQL                        : select count(g1_0.id)>0 from grades g1_0 where lower(g1_0.student_code)=lower(?) or lower(g1_0.student_id)=lower(?)
2026-10-01T10:23:28.520+07:00 DEBUG 24564 --- [school-manager] [restartedMain] org.hibernate.SQL                        : select count(g1_0.id)>0 from grades g1_0 where lower(g1_0.student_code)=lower(?) or lower(g1_0.student_id)=lower(?)
2026-10-01T10:23:28.524+07:00 DEBUG 24564 --- [school-manager] [restartedMain] org.hibernate.SQL                        : select count(g1_0.id)>0 from grades g1_0 where lower(g1_0.student_code)=lower(?) or lower(g1_0.student_id)=lower(?)
2026-10-01T10:23:28.529+07:00 DEBUG 24564 --- [school-manager] [restartedMain] org.hibernate.SQL                        : select count(g1_0.id)>0 from grades g1_0 where lower(g1_0.student_code)=lower(?) or lower(g1_0.student_id)=lower(?)
2026-10-01T10:23:28.533+07:00 DEBUG 24564 --- [school-manager] [restartedMain] org.hibernate.SQL                        : select count(g1_0.id)>0 from grades g1_0 where lower(g1_0.student_code)=lower(?) or lower(g1_0.student_id)=lower(?)
2026-10-01T10:23:28.536+07:00 DEBUG 24564 --- [school-manager] [restartedMain] org.hibernate.SQL                        : select count(g1_0.id)>0 from grades g1_0 where lower(g1_0.student_code)=lower(?) or lower(g1_0.student_id)=lower(?)
2026-10-01T10:23:28.542+07:00 DEBUG 24564 --- [school-manager] [restartedMain] org.hibernate.SQL                        : select count(g1_0.id)>0 from grades g1_0 where lower(g1_0.student_code)=lower(?) or lower(g1_0.student_id)=lower(?)
2026-10-01T10:23:28.547+07:00 DEBUG 24564 --- [school-manager] [restartedMain] org.hibernate.SQL                        : select count(g1_0.id)>0 from grades g1_0 where lower(g1_0.student_code)=lower(?) or lower(g1_0.student_id)=lower(?)
2026-10-01T10:23:28.550+07:00 DEBUG 24564 --- [school-manager] [restartedMain] org.hibernate.SQL                        : select count(g1_0.id)>0 from grades g1_0 where lower(g1_0.student_code)=lower(?) or lower(g1_0.student_id)=lower(?)
2026-10-01T10:23:28.554+07:00 DEBUG 24564 --- [school-manager] [restartedMain] org.hibernate.SQL                        : select count(g1_0.id)>0 from grades g1_0 where lower(g1_0.student_code)=lower(?) or lower(g1_0.student_id)=lower(?)
2026-10-01T10:23:28.560+07:00 DEBUG 24564 --- [school-manager] [restartedMain] org.hibernate.SQL                        : select count(g1_0.id)>0 from grades g1_0 where lower(g1_0.student_code)=lower(?) or lower(g1_0.student_id)=lower(?)
2026-10-01T10:23:28.563+07:00 DEBUG 24564 --- [school-manager] [restartedMain] org.hibernate.SQL                        : select count(g1_0.id)>0 from grades g1_0 where lower(g1_0.student_code)=lower(?) or lower(g1_0.student_id)=lower(?)
2026-10-01T10:23:28.566+07:00 DEBUG 24564 --- [school-manager] [restartedMain] org.hibernate.SQL                        : select count(g1_0.id)>0 from grades g1_0 where lower(g1_0.student_code)=lower(?) or lower(g1_0.student_id)=lower(?)
2026-10-01T10:23:28.570+07:00 DEBUG 24564 --- [school-manager] [restartedMain] org.hibernate.SQL                        : select count(g1_0.id)>0 from grades g1_0 where lower(g1_0.student_code)=lower(?) or lower(g1_0.student_id)=lower(?)
2026-10-01T10:23:28.573+07:00 DEBUG 24564 --- [school-manager] [restartedMain] org.hibernate.SQL                        : select count(g1_0.id)>0 from grades g1_0 where lower(g1_0.student_code)=lower(?) or lower(g1_0.student_id)=lower(?)
2026-10-01T10:23:28.576+07:00 DEBUG 24564 --- [school-manager] [restartedMain] org.hibernate.SQL                        : select count(g1_0.id)>0 from grades g1_0 where lower(g1_0.student_code)=lower(?) or lower(g1_0.student_id)=lower(?)
2026-10-01T10:23:28.579+07:00 DEBUG 24564 --- [school-manager] [restartedMain] org.hibernate.SQL                        : select count(g1_0.id)>0 from grades g1_0 where lower(g1_0.student_code)=lower(?) or lower(g1_0.student_id)=lower(?)
2026-10-01T10:23:28.582+07:00 DEBUG 24564 --- [school-manager] [restartedMain] org.hibernate.SQL                        : select count(g1_0.id)>0 from grades g1_0 where lower(g1_0.student_code)=lower(?) or lower(g1_0.student_id)=lower(?)
2026-10-01T10:23:28.585+07:00 DEBUG 24564 --- [school-manager] [restartedMain] org.hibernate.SQL                        : select count(g1_0.id)>0 from grades g1_0 where lower(g1_0.student_code)=lower(?) or lower(g1_0.student_id)=lower(?)
2026-10-01T10:23:28.587+07:00 DEBUG 24564 --- [school-manager] [restartedMain] org.hibernate.SQL                        : select count(g1_0.id)>0 from grades g1_0 where lower(g1_0.student_code)=lower(?) or lower(g1_0.student_id)=lower(?)
2026-10-01T10:23:28.591+07:00 DEBUG 24564 --- [school-manager] [restartedMain] org.hibernate.SQL                        : select count(g1_0.id)>0 from grades g1_0 where lower(g1_0.student_code)=lower(?) or lower(g1_0.student_id)=lower(?)
2026-10-01T10:23:28.594+07:00 DEBUG 24564 --- [school-manager] [restartedMain] org.hibernate.SQL                        : select count(g1_0.id)>0 from grades g1_0 where lower(g1_0.student_code)=lower(?) or lower(g1_0.student_id)=lower(?)
2026-10-01T10:23:28.597+07:00 DEBUG 24564 --- [school-manager] [restartedMain] org.hibernate.SQL                        : select count(g1_0.id)>0 from grades g1_0 where lower(g1_0.student_code)=lower(?) or lower(g1_0.student_id)=lower(?)
2026-10-01T10:23:28.599+07:00 DEBUG 24564 --- [school-manager] [restartedMain] org.hibernate.SQL                        : select count(g1_0.id)>0 from grades g1_0 where lower(g1_0.student_code)=lower(?) or lower(g1_0.student_id)=lower(?)
2026-10-01T10:23:28.601+07:00 DEBUG 24564 --- [school-manager] [restartedMain] org.hibernate.SQL                        : select count(g1_0.id)>0 from grades g1_0 where lower(g1_0.student_code)=lower(?) or lower(g1_0.student_id)=lower(?)
2026-10-01T10:23:28.604+07:00 DEBUG 24564 --- [school-manager] [restartedMain] org.hibernate.SQL                        : select count(g1_0.id)>0 from grades g1_0 where lower(g1_0.student_code)=lower(?) or lower(g1_0.student_id)=lower(?)
2026-10-01T10:23:28.607+07:00 DEBUG 24564 --- [school-manager] [restartedMain] org.hibernate.SQL                        : select count(g1_0.id)>0 from grades g1_0 where lower(g1_0.student_code)=lower(?) or lower(g1_0.student_id)=lower(?)
2026-10-01T10:23:28.610+07:00 DEBUG 24564 --- [school-manager] [restartedMain] org.hibernate.SQL                        : select count(g1_0.id)>0 from grades g1_0 where lower(g1_0.student_code)=lower(?) or lower(g1_0.student_id)=lower(?)
2026-10-01T10:23:28.612+07:00 DEBUG 24564 --- [school-manager] [restartedMain] org.hibernate.SQL                        : select count(g1_0.id)>0 from grades g1_0 where lower(g1_0.student_code)=lower(?) or lower(g1_0.student_id)=lower(?)
2026-10-01T10:23:28.614+07:00 DEBUG 24564 --- [school-manager] [restartedMain] org.hibernate.SQL                        : select count(g1_0.id)>0 from grades g1_0 where lower(g1_0.student_code)=lower(?) or lower(g1_0.student_id)=lower(?)
2026-10-01T10:23:28.617+07:00 DEBUG 24564 --- [school-manager] [restartedMain] org.hibernate.SQL                        : select count(g1_0.id)>0 from grades g1_0 where lower(g1_0.student_code)=lower(?) or lower(g1_0.student_id)=lower(?)
2026-10-01T10:23:28.620+07:00 DEBUG 24564 --- [school-manager] [restartedMain] org.hibernate.SQL                        : select count(g1_0.id)>0 from grades g1_0 where lower(g1_0.student_code)=lower(?) or lower(g1_0.student_id)=lower(?)
2026-10-01T10:23:28.623+07:00 DEBUG 24564 --- [school-manager] [restartedMain] org.hibernate.SQL                        : select count(g1_0.id)>0 from grades g1_0 where lower(g1_0.student_code)=lower(?) or lower(g1_0.student_id)=lower(?)
2026-10-01T10:23:28.625+07:00 DEBUG 24564 --- [school-manager] [restartedMain] org.hibernate.SQL                        : select count(g1_0.id)>0 from grades g1_0 where lower(g1_0.student_code)=lower(?) or lower(g1_0.student_id)=lower(?)
2026-10-01T10:23:28.628+07:00 DEBUG 24564 --- [school-manager] [restartedMain] org.hibernate.SQL                        : select count(g1_0.id)>0 from grades g1_0 where lower(g1_0.student_code)=lower(?) or lower(g1_0.student_id)=lower(?)
2026-10-01T10:23:28.631+07:00 DEBUG 24564 --- [school-manager] [restartedMain] org.hibernate.SQL                        : select count(g1_0.id)>0 from grades g1_0 where lower(g1_0.student_code)=lower(?) or lower(g1_0.student_id)=lower(?)
2026-10-01T10:23:28.634+07:00 DEBUG 24564 --- [school-manager] [restartedMain] org.hibernate.SQL                        : select count(g1_0.id)>0 from grades g1_0 where lower(g1_0.student_code)=lower(?) or lower(g1_0.student_id)=lower(?)
2026-10-01T10:23:28.636+07:00 DEBUG 24564 --- [school-manager] [restartedMain] org.hibernate.SQL                        : select count(g1_0.id)>0 from grades g1_0 where lower(g1_0.student_code)=lower(?) or lower(g1_0.student_id)=lower(?)
2026-10-01T10:23:28.638+07:00 DEBUG 24564 --- [school-manager] [restartedMain] org.hibernate.SQL                        : select count(g1_0.id)>0 from grades g1_0 where lower(g1_0.student_code)=lower(?) or lower(g1_0.student_id)=lower(?)
2026-10-01T10:23:28.641+07:00 DEBUG 24564 --- [school-manager] [restartedMain] org.hibernate.SQL                        : select count(g1_0.id)>0 from grades g1_0 where lower(g1_0.student_code)=lower(?) or lower(g1_0.student_id)=lower(?)
2026-10-01T10:23:28.643+07:00 DEBUG 24564 --- [school-manager] [restartedMain] org.hibernate.SQL                        : select count(g1_0.id)>0 from grades g1_0 where lower(g1_0.student_code)=lower(?) or lower(g1_0.student_id)=lower(?)
2026-10-01T10:23:28.646+07:00 DEBUG 24564 --- [school-manager] [restartedMain] org.hibernate.SQL                        : select count(g1_0.id)>0 from grades g1_0 where lower(g1_0.student_code)=lower(?) or lower(g1_0.student_id)=lower(?)
2026-10-01T10:23:28.649+07:00 DEBUG 24564 --- [school-manager] [restartedMain] org.hibernate.SQL                        : select count(g1_0.id)>0 from grades g1_0 where lower(g1_0.student_code)=lower(?) or lower(g1_0.student_id)=lower(?)
2026-10-01T10:23:28.651+07:00 DEBUG 24564 --- [school-manager] [restartedMain] org.hibernate.SQL                        : select count(g1_0.id)>0 from grades g1_0 where lower(g1_0.student_code)=lower(?) or lower(g1_0.student_id)=lower(?)
2026-10-01T10:23:28.654+07:00 DEBUG 24564 --- [school-manager] [restartedMain] org.hibernate.SQL                        : select count(g1_0.id)>0 from grades g1_0 where lower(g1_0.student_code)=lower(?) or lower(g1_0.student_id)=lower(?)
2026-10-01T10:23:28.656+07:00 DEBUG 24564 --- [school-manager] [restartedMain] org.hibernate.SQL                        : select count(g1_0.id)>0 from grades g1_0 where lower(g1_0.student_code)=lower(?) or lower(g1_0.student_id)=lower(?)
2026-10-01T10:23:28.659+07:00 DEBUG 24564 --- [school-manager] [restartedMain] org.hibernate.SQL                        : select count(g1_0.id)>0 from grades g1_0 where lower(g1_0.student_code)=lower(?) or lower(g1_0.student_id)=lower(?)
2026-10-01T10:23:28.661+07:00 DEBUG 24564 --- [school-manager] [restartedMain] org.hibernate.SQL                        : select count(g1_0.id)>0 from grades g1_0 where lower(g1_0.student_code)=lower(?) or lower(g1_0.student_id)=lower(?)
2026-10-01T10:23:28.665+07:00 DEBUG 24564 --- [school-manager] [restartedMain] org.hibernate.SQL                        : select count(g1_0.id)>0 from grades g1_0 where lower(g1_0.student_code)=lower(?) or lower(g1_0.student_id)=lower(?)
2026-10-01T10:23:28.669+07:00 DEBUG 24564 --- [school-manager] [restartedMain] org.hibernate.SQL                        : select count(g1_0.id)>0 from grades g1_0 where lower(g1_0.student_code)=lower(?) or lower(g1_0.student_id)=lower(?)
2026-10-01T10:23:28.674+07:00 DEBUG 24564 --- [school-manager] [restartedMain] org.hibernate.SQL                        : select count(g1_0.id)>0 from grades g1_0 where lower(g1_0.student_code)=lower(?) or lower(g1_0.student_id)=lower(?)
2026-10-01T10:23:28.679+07:00 DEBUG 24564 --- [school-manager] [restartedMain] org.hibernate.SQL                        : select count(g1_0.id)>0 from grades g1_0 where lower(g1_0.student_code)=lower(?) or lower(g1_0.student_id)=lower(?)
2026-10-01T10:23:28.683+07:00 DEBUG 24564 --- [school-manager] [restartedMain] org.hibernate.SQL                        : select count(g1_0.id)>0 from grades g1_0 where lower(g1_0.student_code)=lower(?) or lower(g1_0.student_id)=lower(?)
2026-10-01T10:23:28.691+07:00 DEBUG 24564 --- [school-manager] [restartedMain] org.hibernate.SQL                        : select count(g1_0.id)>0 from grades g1_0 where lower(g1_0.student_code)=lower(?) or lower(g1_0.student_id)=lower(?)
2026-10-01T10:23:28.697+07:00 DEBUG 24564 --- [school-manager] [restartedMain] org.hibernate.SQL                        : select count(g1_0.id)>0 from grades g1_0 where lower(g1_0.student_code)=lower(?) or lower(g1_0.student_id)=lower(?)
2026-10-01T10:23:28.702+07:00 DEBUG 24564 --- [school-manager] [restartedMain] org.hibernate.SQL                        : select count(g1_0.id)>0 from grades g1_0 where lower(g1_0.student_code)=lower(?) or lower(g1_0.student_id)=lower(?)
2026-10-01T10:23:28.707+07:00 DEBUG 24564 --- [school-manager] [restartedMain] org.hibernate.SQL                        : select count(g1_0.id)>0 from grades g1_0 where lower(g1_0.student_code)=lower(?) or lower(g1_0.student_id)=lower(?)
2026-10-01T10:23:28.712+07:00 DEBUG 24564 --- [school-manager] [restartedMain] org.hibernate.SQL                        : select count(g1_0.id)>0 from grades g1_0 where lower(g1_0.student_code)=lower(?) or lower(g1_0.student_id)=lower(?)
2026-10-01T10:23:28.717+07:00 DEBUG 24564 --- [school-manager] [restartedMain] org.hibernate.SQL                        : select count(g1_0.id)>0 from grades g1_0 where lower(g1_0.student_code)=lower(?) or lower(g1_0.student_id)=lower(?)
2026-10-01T10:23:28.720+07:00 DEBUG 24564 --- [school-manager] [restartedMain] org.hibernate.SQL                        : select count(g1_0.id)>0 from grades g1_0 where lower(g1_0.student_code)=lower(?) or lower(g1_0.student_id)=lower(?)
2026-10-01T10:23:28.726+07:00 DEBUG 24564 --- [school-manager] [restartedMain] org.hibernate.SQL                        : select count(g1_0.id)>0 from grades g1_0 where lower(g1_0.student_code)=lower(?) or lower(g1_0.student_id)=lower(?)
2026-10-01T10:23:28.730+07:00 DEBUG 24564 --- [school-manager] [restartedMain] org.hibernate.SQL                        : select count(g1_0.id)>0 from grades g1_0 where lower(g1_0.student_code)=lower(?) or lower(g1_0.student_id)=lower(?)
2026-10-01T10:23:28.734+07:00 DEBUG 24564 --- [school-manager] [restartedMain] org.hibernate.SQL                        : select count(g1_0.id)>0 from grades g1_0 where lower(g1_0.student_code)=lower(?) or lower(g1_0.student_id)=lower(?)
2026-10-01T10:23:28.738+07:00 DEBUG 24564 --- [school-manager] [restartedMain] org.hibernate.SQL                        : select count(g1_0.id)>0 from grades g1_0 where lower(g1_0.student_code)=lower(?) or lower(g1_0.student_id)=lower(?)
2026-10-01T10:23:28.744+07:00 DEBUG 24564 --- [school-manager] [restartedMain] org.hibernate.SQL                        : select count(g1_0.id)>0 from grades g1_0 where lower(g1_0.student_code)=lower(?) or lower(g1_0.student_id)=lower(?)
2026-10-01T10:23:28.747+07:00 DEBUG 24564 --- [school-manager] [restartedMain] org.hibernate.SQL                        : select count(g1_0.id)>0 from grades g1_0 where lower(g1_0.student_code)=lower(?) or lower(g1_0.student_id)=lower(?)
2026-10-01T10:23:28.752+07:00 DEBUG 24564 --- [school-manager] [restartedMain] org.hibernate.SQL                        : select count(g1_0.id)>0 from grades g1_0 where lower(g1_0.student_code)=lower(?) or lower(g1_0.student_id)=lower(?)
2026-10-01T10:23:28.757+07:00 DEBUG 24564 --- [school-manager] [restartedMain] org.hibernate.SQL                        : select count(g1_0.id)>0 from grades g1_0 where lower(g1_0.student_code)=lower(?) or lower(g1_0.student_id)=lower(?)
2026-10-01T10:23:28.763+07:00 DEBUG 24564 --- [school-manager] [restartedMain] org.hibernate.SQL                        : select count(g1_0.id)>0 from grades g1_0 where lower(g1_0.student_code)=lower(?) or lower(g1_0.student_id)=lower(?)
2026-10-01T10:23:28.767+07:00 DEBUG 24564 --- [school-manager] [restartedMain] org.hibernate.SQL                        : select count(g1_0.id)>0 from grades g1_0 where lower(g1_0.student_code)=lower(?) or lower(g1_0.student_id)=lower(?)
2026-10-01T10:23:28.771+07:00 DEBUG 24564 --- [school-manager] [restartedMain] org.hibernate.SQL                        : select count(g1_0.id)>0 from grades g1_0 where lower(g1_0.student_code)=lower(?) or lower(g1_0.student_id)=lower(?)
2026-10-01T10:23:28.775+07:00 DEBUG 24564 --- [school-manager] [restartedMain] org.hibernate.SQL                        : select count(g1_0.id)>0 from grades g1_0 where lower(g1_0.student_code)=lower(?) or lower(g1_0.student_id)=lower(?)
2026-10-01T10:23:28.778+07:00 DEBUG 24564 --- [school-manager] [restartedMain] org.hibernate.SQL                        : select count(g1_0.id)>0 from grades g1_0 where lower(g1_0.student_code)=lower(?) or lower(g1_0.student_id)=lower(?)
2026-10-01T10:23:28.781+07:00 DEBUG 24564 --- [school-manager] [restartedMain] org.hibernate.SQL                        : select count(g1_0.id)>0 from grades g1_0 where lower(g1_0.student_code)=lower(?) or lower(g1_0.student_id)=lower(?)
2026-10-01T10:23:28.784+07:00 DEBUG 24564 --- [school-manager] [restartedMain] org.hibernate.SQL                        : select count(g1_0.id)>0 from grades g1_0 where lower(g1_0.student_code)=lower(?) or lower(g1_0.student_id)=lower(?)
2026-10-01T10:23:28.786+07:00 DEBUG 24564 --- [school-manager] [restartedMain] org.hibernate.SQL                        : select count(g1_0.id)>0 from grades g1_0 where lower(g1_0.student_code)=lower(?) or lower(g1_0.student_id)=lower(?)
2026-10-01T10:23:28.791+07:00 DEBUG 24564 --- [school-manager] [restartedMain] org.hibernate.SQL                        : select count(g1_0.id)>0 from grades g1_0 where lower(g1_0.student_code)=lower(?) or lower(g1_0.student_id)=lower(?)
2026-10-01T10:23:28.793+07:00 DEBUG 24564 --- [school-manager] [restartedMain] org.hibernate.SQL                        : select count(g1_0.id)>0 from grades g1_0 where lower(g1_0.student_code)=lower(?) or lower(g1_0.student_id)=lower(?)
2026-10-01T10:23:28.798+07:00 DEBUG 24564 --- [school-manager] [restartedMain] org.hibernate.SQL                        : select count(g1_0.id)>0 from grades g1_0 where lower(g1_0.student_code)=lower(?) or lower(g1_0.student_id)=lower(?)
2026-10-01T10:23:28.803+07:00 DEBUG 24564 --- [school-manager] [restartedMain] org.hibernate.SQL                        : select count(g1_0.id)>0 from grades g1_0 where lower(g1_0.student_code)=lower(?) or lower(g1_0.student_id)=lower(?)
2026-10-01T10:23:28.809+07:00 DEBUG 24564 --- [school-manager] [restartedMain] org.hibernate.SQL                        : select count(g1_0.id)>0 from grades g1_0 where lower(g1_0.student_code)=lower(?) or lower(g1_0.student_id)=lower(?)
2026-10-01T10:23:28.813+07:00 DEBUG 24564 --- [school-manager] [restartedMain] org.hibernate.SQL                        : select count(g1_0.id)>0 from grades g1_0 where lower(g1_0.student_code)=lower(?) or lower(g1_0.student_id)=lower(?)
2026-10-01T10:23:28.816+07:00 DEBUG 24564 --- [school-manager] [restartedMain] org.hibernate.SQL                        : select count(g1_0.id)>0 from grades g1_0 where lower(g1_0.student_code)=lower(?) or lower(g1_0.student_id)=lower(?)
2026-10-01T10:23:28.819+07:00 DEBUG 24564 --- [school-manager] [restartedMain] org.hibernate.SQL                        : select count(g1_0.id)>0 from grades g1_0 where lower(g1_0.student_code)=lower(?) or lower(g1_0.student_id)=lower(?)
2026-10-01T10:23:28.822+07:00 DEBUG 24564 --- [school-manager] [restartedMain] org.hibernate.SQL                        : select count(g1_0.id)>0 from grades g1_0 where lower(g1_0.student_code)=lower(?) or lower(g1_0.student_id)=lower(?)
2026-10-01T10:23:28.825+07:00 DEBUG 24564 --- [school-manager] [restartedMain] org.hibernate.SQL                        : select count(g1_0.id)>0 from grades g1_0 where lower(g1_0.student_code)=lower(?) or lower(g1_0.student_id)=lower(?)
2026-10-01T10:23:28.828+07:00 DEBUG 24564 --- [school-manager] [restartedMain] org.hibernate.SQL                        : select count(g1_0.id)>0 from grades g1_0 where lower(g1_0.student_code)=lower(?) or lower(g1_0.student_id)=lower(?)
2026-10-01T10:23:28.831+07:00 DEBUG 24564 --- [school-manager] [restartedMain] org.hibernate.SQL                        : select count(g1_0.id)>0 from grades g1_0 where lower(g1_0.student_code)=lower(?) or lower(g1_0.student_id)=lower(?)
2026-10-01T10:23:28.834+07:00 DEBUG 24564 --- [school-manager] [restartedMain] org.hibernate.SQL                        : select count(g1_0.id)>0 from grades g1_0 where lower(g1_0.student_code)=lower(?) or lower(g1_0.student_id)=lower(?)
2026-10-01T10:23:28.837+07:00 DEBUG 24564 --- [school-manager] [restartedMain] org.hibernate.SQL                        : select count(g1_0.id)>0 from grades g1_0 where lower(g1_0.student_code)=lower(?) or lower(g1_0.student_id)=lower(?)
2026-10-01T10:23:28.840+07:00 DEBUG 24564 --- [school-manager] [restartedMain] org.hibernate.SQL                        : select count(g1_0.id)>0 from grades g1_0 where lower(g1_0.student_code)=lower(?) or lower(g1_0.student_id)=lower(?)
2026-10-01T10:23:28.842+07:00 DEBUG 24564 --- [school-manager] [restartedMain] org.hibernate.SQL                        : select count(g1_0.id)>0 from grades g1_0 where lower(g1_0.student_code)=lower(?) or lower(g1_0.student_id)=lower(?)
2026-10-01T10:23:28.845+07:00 DEBUG 24564 --- [school-manager] [restartedMain] org.hibernate.SQL                        : select count(g1_0.id)>0 from grades g1_0 where lower(g1_0.student_code)=lower(?) or lower(g1_0.student_id)=lower(?)
2026-10-01T10:23:28.847+07:00 DEBUG 24564 --- [school-manager] [restartedMain] org.hibernate.SQL                        : select count(g1_0.id)>0 from grades g1_0 where lower(g1_0.student_code)=lower(?) or lower(g1_0.student_id)=lower(?)
2026-10-01T10:23:28.851+07:00 DEBUG 24564 --- [school-manager] [restartedMain] org.hibernate.SQL                        : select count(g1_0.id)>0 from grades g1_0 where lower(g1_0.student_code)=lower(?) or lower(g1_0.student_id)=lower(?)
2026-10-01T10:23:28.854+07:00 DEBUG 24564 --- [school-manager] [restartedMain] org.hibernate.SQL                        : select count(g1_0.id)>0 from grades g1_0 where lower(g1_0.student_code)=lower(?) or lower(g1_0.student_id)=lower(?)
2026-10-01T10:23:28.857+07:00 DEBUG 24564 --- [school-manager] [restartedMain] org.hibernate.SQL                        : select count(g1_0.id)>0 from grades g1_0 where lower(g1_0.student_code)=lower(?) or lower(g1_0.student_id)=lower(?)
2026-10-01T10:23:28.861+07:00 DEBUG 24564 --- [school-manager] [restartedMain] org.hibernate.SQL                        : select count(g1_0.id)>0 from grades g1_0 where lower(g1_0.student_code)=lower(?) or lower(g1_0.student_id)=lower(?)
2026-10-01T10:23:28.866+07:00 DEBUG 24564 --- [school-manager] [restartedMain] org.hibernate.SQL                        : select count(g1_0.id)>0 from grades g1_0 where lower(g1_0.student_code)=lower(?) or lower(g1_0.student_id)=lower(?)
2026-10-01T10:23:28.870+07:00 DEBUG 24564 --- [school-manager] [restartedMain] org.hibernate.SQL                        : select count(g1_0.id)>0 from grades g1_0 where lower(g1_0.student_code)=lower(?) or lower(g1_0.student_id)=lower(?)
2026-10-01T10:23:28.873+07:00 DEBUG 24564 --- [school-manager] [restartedMain] org.hibernate.SQL                        : select count(g1_0.id)>0 from grades g1_0 where lower(g1_0.student_code)=lower(?) or lower(g1_0.student_id)=lower(?)
2026-10-01T10:23:28.879+07:00 DEBUG 24564 --- [school-manager] [restartedMain] org.hibernate.SQL                        : select count(g1_0.id)>0 from grades g1_0 where lower(g1_0.student_code)=lower(?) or lower(g1_0.student_id)=lower(?)
2026-10-01T10:23:28.883+07:00 DEBUG 24564 --- [school-manager] [restartedMain] org.hibernate.SQL                        : select count(g1_0.id)>0 from grades g1_0 where lower(g1_0.student_code)=lower(?) or lower(g1_0.student_id)=lower(?)
2026-10-01T10:23:28.887+07:00 DEBUG 24564 --- [school-manager] [restartedMain] org.hibernate.SQL                        : select count(g1_0.id)>0 from grades g1_0 where lower(g1_0.student_code)=lower(?) or lower(g1_0.student_id)=lower(?)
2026-10-01T10:23:28.891+07:00 DEBUG 24564 --- [school-manager] [restartedMain] org.hibernate.SQL                        : select count(g1_0.id)>0 from grades g1_0 where lower(g1_0.student_code)=lower(?) or lower(g1_0.student_id)=lower(?)
2026-10-01T10:23:28.896+07:00 DEBUG 24564 --- [school-manager] [restartedMain] org.hibernate.SQL                        : select count(g1_0.id)>0 from grades g1_0 where lower(g1_0.student_code)=lower(?) or lower(g1_0.student_id)=lower(?)
2026-10-01T10:23:28.900+07:00 DEBUG 24564 --- [school-manager] [restartedMain] org.hibernate.SQL                        : select count(g1_0.id)>0 from grades g1_0 where lower(g1_0.student_code)=lower(?) or lower(g1_0.student_id)=lower(?)
2026-10-01T10:23:28.903+07:00 DEBUG 24564 --- [school-manager] [restartedMain] org.hibernate.SQL                        : select count(g1_0.id)>0 from grades g1_0 where lower(g1_0.student_code)=lower(?) or lower(g1_0.student_id)=lower(?)
2026-10-01T10:23:28.906+07:00 DEBUG 24564 --- [school-manager] [restartedMain] org.hibernate.SQL                        : select count(g1_0.id)>0 from grades g1_0 where lower(g1_0.student_code)=lower(?) or lower(g1_0.student_id)=lower(?)
2026-10-01T10:23:28.912+07:00 DEBUG 24564 --- [school-manager] [restartedMain] org.hibernate.SQL                        : select count(g1_0.id)>0 from grades g1_0 where lower(g1_0.student_code)=lower(?) or lower(g1_0.student_id)=lower(?)
2026-10-01T10:23:28.915+07:00 DEBUG 24564 --- [school-manager] [restartedMain] org.hibernate.SQL                        : select count(g1_0.id)>0 from grades g1_0 where lower(g1_0.student_code)=lower(?) or lower(g1_0.student_id)=lower(?)
2026-10-01T10:23:28.919+07:00 DEBUG 24564 --- [school-manager] [restartedMain] org.hibernate.SQL                        : select count(g1_0.id)>0 from grades g1_0 where lower(g1_0.student_code)=lower(?) or lower(g1_0.student_id)=lower(?)
2026-10-01T10:23:28.922+07:00 DEBUG 24564 --- [school-manager] [restartedMain] org.hibernate.SQL                        : select count(g1_0.id)>0 from grades g1_0 where lower(g1_0.student_code)=lower(?) or lower(g1_0.student_id)=lower(?)
2026-10-01T10:23:28.928+07:00 DEBUG 24564 --- [school-manager] [restartedMain] org.hibernate.SQL                        : select count(g1_0.id)>0 from grades g1_0 where lower(g1_0.student_code)=lower(?) or lower(g1_0.student_id)=lower(?)
2026-10-01T10:23:28.931+07:00 DEBUG 24564 --- [school-manager] [restartedMain] org.hibernate.SQL                        : select count(g1_0.id)>0 from grades g1_0 where lower(g1_0.student_code)=lower(?) or lower(g1_0.student_id)=lower(?)
2026-10-01T10:23:28.936+07:00 DEBUG 24564 --- [school-manager] [restartedMain] org.hibernate.SQL                        : select count(g1_0.id)>0 from grades g1_0 where lower(g1_0.student_code)=lower(?) or lower(g1_0.student_id)=lower(?)
2026-10-01T10:23:28.939+07:00 DEBUG 24564 --- [school-manager] [restartedMain] org.hibernate.SQL                        : select count(g1_0.id)>0 from grades g1_0 where lower(g1_0.student_code)=lower(?) or lower(g1_0.student_id)=lower(?)
2026-10-01T10:23:28.945+07:00 DEBUG 24564 --- [school-manager] [restartedMain] org.hibernate.SQL                        : select count(g1_0.id)>0 from grades g1_0 where lower(g1_0.student_code)=lower(?) or lower(g1_0.student_id)=lower(?)
2026-10-01T10:23:28.949+07:00 DEBUG 24564 --- [school-manager] [restartedMain] org.hibernate.SQL                        : select count(g1_0.id)>0 from grades g1_0 where lower(g1_0.student_code)=lower(?) or lower(g1_0.student_id)=lower(?)
2026-10-01T10:23:28.953+07:00 DEBUG 24564 --- [school-manager] [restartedMain] org.hibernate.SQL                        : select count(g1_0.id)>0 from grades g1_0 where lower(g1_0.student_code)=lower(?) or lower(g1_0.student_id)=lower(?)
2026-10-01T10:23:28.958+07:00 DEBUG 24564 --- [school-manager] [restartedMain] org.hibernate.SQL                        : select count(g1_0.id)>0 from grades g1_0 where lower(g1_0.student_code)=lower(?) or lower(g1_0.student_id)=lower(?)
2026-10-01T10:23:28.962+07:00 DEBUG 24564 --- [school-manager] [restartedMain] org.hibernate.SQL                        : select count(g1_0.id)>0 from grades g1_0 where lower(g1_0.student_code)=lower(?) or lower(g1_0.student_id)=lower(?)
2026-10-01T10:23:28.966+07:00 DEBUG 24564 --- [school-manager] [restartedMain] org.hibernate.SQL                        : select count(g1_0.id)>0 from grades g1_0 where lower(g1_0.student_code)=lower(?) or lower(g1_0.student_id)=lower(?)
2026-10-01T10:23:28.970+07:00 DEBUG 24564 --- [school-manager] [restartedMain] org.hibernate.SQL                        : select count(g1_0.id)>0 from grades g1_0 where lower(g1_0.student_code)=lower(?) or lower(g1_0.student_id)=lower(?)
2026-10-01T10:23:28.973+07:00 DEBUG 24564 --- [school-manager] [restartedMain] org.hibernate.SQL                        : select count(g1_0.id)>0 from grades g1_0 where lower(g1_0.student_code)=lower(?) or lower(g1_0.student_id)=lower(?)
2026-10-01T10:23:28.977+07:00 DEBUG 24564 --- [school-manager] [restartedMain] org.hibernate.SQL                        : select count(g1_0.id)>0 from grades g1_0 where lower(g1_0.student_code)=lower(?) or lower(g1_0.student_id)=lower(?)
2026-10-01T10:23:28.979+07:00 DEBUG 24564 --- [school-manager] [restartedMain] org.hibernate.SQL                        : select count(g1_0.id)>0 from grades g1_0 where lower(g1_0.student_code)=lower(?) or lower(g1_0.student_id)=lower(?)
2026-10-01T10:23:28.982+07:00 DEBUG 24564 --- [school-manager] [restartedMain] org.hibernate.SQL                        : select count(g1_0.id)>0 from grades g1_0 where lower(g1_0.student_code)=lower(?) or lower(g1_0.student_id)=lower(?)
2026-10-01T10:23:28.985+07:00 DEBUG 24564 --- [school-manager] [restartedMain] org.hibernate.SQL                        : select count(g1_0.id)>0 from grades g1_0 where lower(g1_0.student_code)=lower(?) or lower(g1_0.student_id)=lower(?)
2026-10-01T10:23:28.988+07:00 DEBUG 24564 --- [school-manager] [restartedMain] org.hibernate.SQL                        : select count(g1_0.id)>0 from grades g1_0 where lower(g1_0.student_code)=lower(?) or lower(g1_0.student_id)=lower(?)
2026-10-01T10:23:28.991+07:00 DEBUG 24564 --- [school-manager] [restartedMain] org.hibernate.SQL                        : select count(g1_0.id)>0 from grades g1_0 where lower(g1_0.student_code)=lower(?) or lower(g1_0.student_id)=lower(?)
2026-10-01T10:23:28.994+07:00 DEBUG 24564 --- [school-manager] [restartedMain] org.hibernate.SQL                        : select count(g1_0.id)>0 from grades g1_0 where lower(g1_0.student_code)=lower(?) or lower(g1_0.student_id)=lower(?)
2026-10-01T10:23:28.997+07:00 DEBUG 24564 --- [school-manager] [restartedMain] org.hibernate.SQL                        : select count(g1_0.id)>0 from grades g1_0 where lower(g1_0.student_code)=lower(?) or lower(g1_0.student_id)=lower(?)
2026-10-01T10:23:29.000+07:00 DEBUG 24564 --- [school-manager] [restartedMain] org.hibernate.SQL                        : select count(g1_0.id)>0 from grades g1_0 where lower(g1_0.student_code)=lower(?) or lower(g1_0.student_id)=lower(?)
2026-10-01T10:23:29.003+07:00 DEBUG 24564 --- [school-manager] [restartedMain] org.hibernate.SQL                        : select count(g1_0.id)>0 from grades g1_0 where lower(g1_0.student_code)=lower(?) or lower(g1_0.student_id)=lower(?)
2026-10-01T10:23:29.005+07:00 DEBUG 24564 --- [school-manager] [restartedMain] org.hibernate.SQL                        : select count(g1_0.id)>0 from grades g1_0 where lower(g1_0.student_code)=lower(?) or lower(g1_0.student_id)=lower(?)
2026-10-01T10:23:29.008+07:00 DEBUG 24564 --- [school-manager] [restartedMain] org.hibernate.SQL                        : select count(g1_0.id)>0 from grades g1_0 where lower(g1_0.student_code)=lower(?) or lower(g1_0.student_id)=lower(?)
2026-10-01T10:23:29.010+07:00 DEBUG 24564 --- [school-manager] [restartedMain] org.hibernate.SQL                        : select count(g1_0.id)>0 from grades g1_0 where lower(g1_0.student_code)=lower(?) or lower(g1_0.student_id)=lower(?)
2026-10-01T10:23:29.012+07:00 DEBUG 24564 --- [school-manager] [restartedMain] org.hibernate.SQL                        : select count(g1_0.id)>0 from grades g1_0 where lower(g1_0.student_code)=lower(?) or lower(g1_0.student_id)=lower(?)
2026-10-01T10:23:29.015+07:00 DEBUG 24564 --- [school-manager] [restartedMain] org.hibernate.SQL                        : select count(g1_0.id)>0 from grades g1_0 where lower(g1_0.student_code)=lower(?) or lower(g1_0.student_id)=lower(?)
2026-10-01T10:23:29.018+07:00 DEBUG 24564 --- [school-manager] [restartedMain] org.hibernate.SQL                        : select count(g1_0.id)>0 from grades g1_0 where lower(g1_0.student_code)=lower(?) or lower(g1_0.student_id)=lower(?)
2026-10-01T10:23:29.020+07:00 DEBUG 24564 --- [school-manager] [restartedMain] org.hibernate.SQL                        : select count(g1_0.id)>0 from grades g1_0 where lower(g1_0.student_code)=lower(?) or lower(g1_0.student_id)=lower(?)
2026-10-01T10:23:29.023+07:00 DEBUG 24564 --- [school-manager] [restartedMain] org.hibernate.SQL                        : select count(g1_0.id)>0 from grades g1_0 where lower(g1_0.student_code)=lower(?) or lower(g1_0.student_id)=lower(?)
2026-10-01T10:23:29.026+07:00 DEBUG 24564 --- [school-manager] [restartedMain] org.hibernate.SQL                        : select count(g1_0.id)>0 from grades g1_0 where lower(g1_0.student_code)=lower(?) or lower(g1_0.student_id)=lower(?)
2026-10-01T10:23:29.029+07:00 DEBUG 24564 --- [school-manager] [restartedMain] org.hibernate.SQL                        : select count(g1_0.id)>0 from grades g1_0 where lower(g1_0.student_code)=lower(?) or lower(g1_0.student_id)=lower(?)
2026-10-01T10:23:29.032+07:00 DEBUG 24564 --- [school-manager] [restartedMain] org.hibernate.SQL                        : select count(g1_0.id)>0 from grades g1_0 where lower(g1_0.student_code)=lower(?) or lower(g1_0.student_id)=lower(?)
2026-10-01T10:23:29.034+07:00 DEBUG 24564 --- [school-manager] [restartedMain] org.hibernate.SQL                        : select count(g1_0.id)>0 from grades g1_0 where lower(g1_0.student_code)=lower(?) or lower(g1_0.student_id)=lower(?)
2026-10-01T10:23:29.037+07:00 DEBUG 24564 --- [school-manager] [restartedMain] org.hibernate.SQL                        : select count(g1_0.id)>0 from grades g1_0 where lower(g1_0.student_code)=lower(?) or lower(g1_0.student_id)=lower(?)
2026-10-01T10:23:29.039+07:00 DEBUG 24564 --- [school-manager] [restartedMain] org.hibernate.SQL                        : select count(g1_0.id)>0 from grades g1_0 where lower(g1_0.student_code)=lower(?) or lower(g1_0.student_id)=lower(?)
2026-10-01T10:23:29.042+07:00 DEBUG 24564 --- [school-manager] [restartedMain] org.hibernate.SQL                        : select count(g1_0.id)>0 from grades g1_0 where lower(g1_0.student_code)=lower(?) or lower(g1_0.student_id)=lower(?)
2026-10-01T10:23:29.045+07:00 DEBUG 24564 --- [school-manager] [restartedMain] org.hibernate.SQL                        : select count(g1_0.id)>0 from grades g1_0 where lower(g1_0.student_code)=lower(?) or lower(g1_0.student_id)=lower(?)
2026-10-01T10:23:29.047+07:00 DEBUG 24564 --- [school-manager] [restartedMain] org.hibernate.SQL                        : select count(g1_0.id)>0 from grades g1_0 where lower(g1_0.student_code)=lower(?) or lower(g1_0.student_id)=lower(?)
2026-10-01T10:26:01.444+07:00  INFO 24564 --- [school-manager] [SpringApplicationShutdownHook] o.s.b.w.e.tomcat.GracefulShutdown        : Commencing graceful shutdown. Waiting for active requests to complete
2026-10-01T10:26:01.450+07:00  INFO 24564 --- [school-manager] [tomcat-shutdown] o.s.b.w.e.tomcat.GracefulShutdown        : Graceful shutdown complete
2026-10-01T10:26:01.454+07:00  INFO 24564 --- [school-manager] [SpringApplicationShutdownHook] j.LocalContainerEntityManagerFactoryBean : Closing JPA EntityManagerFactory for persistence unit 'default'
2026-10-01T10:26:01.456+07:00  INFO 24564 --- [school-manager] [SpringApplicationShutdownHook] com.zaxxer.hikari.HikariDataSource       : HikariPool-1 - Shutdown initiated...
2026-10-01T10:26:01.469+07:00  INFO 24564 --- [school-manager] [SpringApplicationShutdownHook] com.zaxxer.hikari.HikariDataSource       : HikariPool-1 - Shutdown completed.
2026-10-01T10:26:04.232+07:00  INFO 5252 --- [school-manager] [restartedMain] c.s.manager.SchoolManagerApplication     : Starting SchoolManagerApplication using Java 21.0.11 with PID 5252 (C:\Users\phuongpa\Documents\New folder (2)\school-manager\target\classes started by phuongpa in C:\Users\phuongpa\Documents\New folder (2)\school-manager)
2026-10-01T10:26:04.234+07:00 DEBUG 5252 --- [school-manager] [restartedMain] c.s.manager.SchoolManagerApplication     : Running with Spring Boot v3.4.2, Spring v6.2.2
2026-10-01T10:26:04.235+07:00  INFO 5252 --- [school-manager] [restartedMain] c.s.manager.SchoolManagerApplication     : No active profile set, falling back to 1 default profile: "default"
2026-10-01T10:26:04.282+07:00  INFO 5252 --- [school-manager] [restartedMain] .e.DevToolsPropertyDefaultsPostProcessor : Devtools property defaults active! Set 'spring.devtools.add-properties' to 'false' to disable
2026-10-01T10:26:04.282+07:00  INFO 5252 --- [school-manager] [restartedMain] .e.DevToolsPropertyDefaultsPostProcessor : For additional web related logging consider setting the 'logging.level.web' property to 'DEBUG'
2026-10-01T10:26:04.971+07:00  INFO 5252 --- [school-manager] [restartedMain] .s.d.r.c.RepositoryConfigurationDelegate : Bootstrapping Spring Data JPA repositories in DEFAULT mode.
2026-10-01T10:26:05.034+07:00  INFO 5252 --- [school-manager] [restartedMain] .s.d.r.c.RepositoryConfigurationDelegate : Finished Spring Data repository scanning in 54 ms. Found 3 JPA repository interfaces.
2026-10-01T10:26:05.532+07:00  INFO 5252 --- [school-manager] [restartedMain] o.s.b.w.embedded.tomcat.TomcatWebServer  : Tomcat initialized with port 8080 (http)
2026-10-01T10:26:05.547+07:00  INFO 5252 --- [school-manager] [restartedMain] o.apache.catalina.core.StandardService   : Starting service [Tomcat]
2026-10-01T10:26:05.548+07:00  INFO 5252 --- [school-manager] [restartedMain] o.apache.catalina.core.StandardEngine    : Starting Servlet engine: [Apache Tomcat/10.1.34]
2026-10-01T10:26:05.589+07:00  INFO 5252 --- [school-manager] [restartedMain] o.a.c.c.C.[Tomcat].[localhost].[/]       : Initializing Spring embedded WebApplicationContext
2026-10-01T10:26:05.590+07:00  INFO 5252 --- [school-manager] [restartedMain] w.s.c.ServletWebServerApplicationContext : Root WebApplicationContext: initialization completed in 1307 ms
2026-10-01T10:26:05.710+07:00  INFO 5252 --- [school-manager] [restartedMain] o.hibernate.jpa.internal.util.LogHelper  : HHH000204: Processing PersistenceUnitInfo [name: default]
2026-10-01T10:26:05.766+07:00  INFO 5252 --- [school-manager] [restartedMain] org.hibernate.Version                    : HHH000412: Hibernate ORM core version 6.6.5.Final
2026-10-01T10:26:05.799+07:00  INFO 5252 --- [school-manager] [restartedMain] o.h.c.internal.RegionFactoryInitiator    : HHH000026: Second-level cache disabled
2026-10-01T10:26:06.080+07:00  INFO 5252 --- [school-manager] [restartedMain] o.s.o.j.p.SpringPersistenceUnitInfo      : No LoadTimeWeaver setup: ignoring JPA class transformer
2026-10-01T10:26:06.116+07:00  INFO 5252 --- [school-manager] [restartedMain] com.zaxxer.hikari.HikariDataSource       : HikariPool-1 - Starting...
2026-10-01T10:26:06.267+07:00  INFO 5252 --- [school-manager] [restartedMain] com.zaxxer.hikari.pool.HikariPool        : HikariPool-1 - Added connection com.mysql.cj.jdbc.ConnectionImpl@693387e3
2026-10-01T10:26:06.269+07:00  INFO 5252 --- [school-manager] [restartedMain] com.zaxxer.hikari.HikariDataSource       : HikariPool-1 - Start completed.
2026-10-01T10:26:06.362+07:00  INFO 5252 --- [school-manager] [restartedMain] org.hibernate.orm.connections.pooling    : HHH10001005: Database info:
	Database JDBC URL [Connecting through datasource 'HikariDataSource (HikariPool-1)']
	Database driver: undefined/unknown
	Database version: 8.0.46
	Autocommit mode: undefined/unknown
	Isolation level: undefined/unknown
	Minimum pool size: undefined/unknown
	Maximum pool size: undefined/unknown
2026-10-01T10:26:07.227+07:00  INFO 5252 --- [school-manager] [restartedMain] o.h.e.t.j.p.i.JtaPlatformInitiator       : HHH000489: No JTA platform available (set 'hibernate.transaction.jta.platform' to enable JTA platform integration)
2026-10-01T10:26:07.308+07:00  INFO 5252 --- [school-manager] [restartedMain] j.LocalContainerEntityManagerFactoryBean : Initialized JPA EntityManagerFactory for persistence unit 'default'
2026-10-01T10:26:07.532+07:00  INFO 5252 --- [school-manager] [restartedMain] o.s.d.j.r.query.QueryEnhancerFactory     : Hibernate is in classpath; If applicable, HQL parser will be used.
2026-10-01T10:26:08.443+07:00  WARN 5252 --- [school-manager] [restartedMain] JpaBaseConfiguration$JpaWebConfiguration : spring.jpa.open-in-view is enabled by default. Therefore, database queries may be performed during view rendering. Explicitly configure spring.jpa.open-in-view to disable this warning
2026-10-01T10:26:08.457+07:00  WARN 5252 --- [school-manager] [restartedMain] .s.s.UserDetailsServiceAutoConfiguration : 

Using generated security password: 7ec0bc28-cdb0-4673-8333-8af124038572

This generated password is for development use only. Your security configuration must be updated before running your application in production.

2026-10-01T10:26:08.477+07:00  INFO 5252 --- [school-manager] [restartedMain] r$InitializeUserDetailsManagerConfigurer : Global AuthenticationManager configured with UserDetailsService bean with name inMemoryUserDetailsManager
2026-10-01T10:26:08.852+07:00  INFO 5252 --- [school-manager] [restartedMain] o.s.b.a.h2.H2ConsoleAutoConfiguration    : H2 console available at '/h2-console'. Database available at 'jdbc:mysql://localhost:3306/school_db?useSSL=false&serverTimezone=UTC&allowPublicKeyRetrieval=true'
2026-10-01T10:26:08.907+07:00  INFO 5252 --- [school-manager] [restartedMain] o.s.b.d.a.OptionalLiveReloadServer       : LiveReload server is running on port 35729
2026-10-01T10:26:08.936+07:00  INFO 5252 --- [school-manager] [restartedMain] o.s.b.w.embedded.tomcat.TomcatWebServer  : Tomcat started on port 8080 (http) with context path '/'
2026-10-01T10:26:08.942+07:00  INFO 5252 --- [school-manager] [restartedMain] c.s.manager.SchoolManagerApplication     : Started SchoolManagerApplication in 5.151 seconds (process running for 5.619)
2026-10-01T10:26:08.945+07:00  INFO 5252 --- [school-manager] [restartedMain] c.school.manager.config.DatabaseSeeder   : [DB Seeder] Các môn học được hỗ trợ: [math, literature, english]
2026-10-01T10:26:08.946+07:00  INFO 5252 --- [school-manager] [restartedMain] c.school.manager.config.DatabaseSeeder   : [DB Seeder] Phát hiện động file db.json trong thư mục cùng cấp: C:\Users\phuongpa\Documents\New folder (2)\phần-mềm-quản-lý-điểm\db.json
2026-10-01T10:26:08.946+07:00  INFO 5252 --- [school-manager] [restartedMain] c.school.manager.config.DatabaseSeeder   : [DB Seeder] Đang tải dữ liệu từ file: C:\Users\phuongpa\Documents\New folder (2)\phần-mềm-quản-lý-điểm\db.json
2026-10-01T10:26:09.077+07:00 DEBUG 5252 --- [school-manager] [restartedMain] org.hibernate.SQL                        : select count(*) from members m1_0
2026-10-01T10:26:09.095+07:00 DEBUG 5252 --- [school-manager] [restartedMain] org.hibernate.SQL                        : select count(*) from members m1_0
2026-10-01T10:26:09.103+07:00 DEBUG 5252 --- [school-manager] [restartedMain] org.hibernate.SQL                        : select count(*) from school_classes sc1_0
2026-10-01T10:26:09.107+07:00  INFO 5252 --- [school-manager] [restartedMain] c.school.manager.config.DatabaseSeeder   : [DB Seeder] Cơ sở dữ liệu đã có sẵn dữ liệu (198 thành viên, 9 lớp học). Giữ nguyên dữ liệu hiện tại.
2026-10-01T10:26:09.123+07:00 DEBUG 5252 --- [school-manager] [restartedMain] org.hibernate.SQL                        : select m1_0.id,m1_0.class_name,m1_0.code,m1_0.email,m1_0.must_change_password,m1_0.name,m1_0.password,m1_0.role,m1_0.subject from members m1_0
2026-10-01T10:26:09.184+07:00 DEBUG 5252 --- [school-manager] [restartedMain] org.hibernate.SQL                        : select count(*) from grades g1_0
2026-10-01T10:26:09.195+07:00 DEBUG 5252 --- [school-manager] [restartedMain] org.hibernate.SQL                        : select g1_0.id,g1_0.english,g1_0.english_final,g1_0.english_m15,g1_0.english_mid,g1_0.english_oral,g1_0.gpa,g1_0.literature,g1_0.literature_final,g1_0.literature_m15,g1_0.literature_mid,g1_0.literature_oral,g1_0.math,g1_0.math_final,g1_0.math_m15,g1_0.math_mid,g1_0.math_oral,g1_0.student_code,g1_0.student_id from grades g1_0
2026-10-01T10:26:09.213+07:00  INFO 5252 --- [school-manager] [restartedMain] c.school.manager.config.DatabaseSeeder   : [DB Seeder] Đang tự động bổ sung studentCode và dữ liệu điểm thành phần từ db.json...
2026-10-01T10:26:09.218+07:00 DEBUG 5252 --- [school-manager] [restartedMain] org.hibernate.SQL                        : select m1_0.id,m1_0.class_name,m1_0.code,m1_0.email,m1_0.must_change_password,m1_0.name,m1_0.password,m1_0.role,m1_0.subject from members m1_0
2026-10-01T10:26:09.236+07:00 DEBUG 5252 --- [school-manager] [restartedMain] org.hibernate.SQL                        : select g1_0.id,g1_0.english,g1_0.english_final,g1_0.english_m15,g1_0.english_mid,g1_0.english_oral,g1_0.gpa,g1_0.literature,g1_0.literature_final,g1_0.literature_m15,g1_0.literature_mid,g1_0.literature_oral,g1_0.math,g1_0.math_final,g1_0.math_m15,g1_0.math_mid,g1_0.math_oral,g1_0.student_code,g1_0.student_id from grades g1_0
2026-10-01T10:26:09.248+07:00 DEBUG 5252 --- [school-manager] [restartedMain] org.hibernate.SQL                        : select sc1_0.id,sc1_0.code,sc1_0.name from school_classes sc1_0
2026-10-01T10:26:09.256+07:00 DEBUG 5252 --- [school-manager] [restartedMain] org.hibernate.SQL                        : select m1_0.id,m1_0.class_name,m1_0.code,m1_0.email,m1_0.must_change_password,m1_0.name,m1_0.password,m1_0.role,m1_0.subject from members m1_0
2026-10-01T10:26:09.267+07:00 DEBUG 5252 --- [school-manager] [restartedMain] org.hibernate.SQL                        : select m1_0.id,m1_0.class_name,m1_0.code,m1_0.email,m1_0.must_change_password,m1_0.name,m1_0.password,m1_0.role,m1_0.subject from members m1_0
2026-10-01T10:26:09.310+07:00 DEBUG 5252 --- [school-manager] [restartedMain] org.hibernate.SQL                        : select m1_0.id,m1_0.class_name,m1_0.code,m1_0.email,m1_0.must_change_password,m1_0.name,m1_0.password,m1_0.role,m1_0.subject from members m1_0 where m1_0.role=?
2026-10-01T10:26:09.321+07:00 DEBUG 5252 --- [school-manager] [restartedMain] org.hibernate.SQL                        : select count(g1_0.id)>0 from grades g1_0 where lower(g1_0.student_code)=lower(?) or lower(g1_0.student_id)=lower(?)
2026-10-01T10:26:09.325+07:00 DEBUG 5252 --- [school-manager] [restartedMain] org.hibernate.SQL                        : select count(g1_0.id)>0 from grades g1_0 where lower(g1_0.student_code)=lower(?) or lower(g1_0.student_id)=lower(?)
2026-10-01T10:26:09.328+07:00 DEBUG 5252 --- [school-manager] [restartedMain] org.hibernate.SQL                        : select count(g1_0.id)>0 from grades g1_0 where lower(g1_0.student_code)=lower(?) or lower(g1_0.student_id)=lower(?)
2026-10-01T10:26:09.332+07:00 DEBUG 5252 --- [school-manager] [restartedMain] org.hibernate.SQL                        : select count(g1_0.id)>0 from grades g1_0 where lower(g1_0.student_code)=lower(?) or lower(g1_0.student_id)=lower(?)
2026-10-01T10:26:09.337+07:00 DEBUG 5252 --- [school-manager] [restartedMain] org.hibernate.SQL                        : select count(g1_0.id)>0 from grades g1_0 where lower(g1_0.student_code)=lower(?) or lower(g1_0.student_id)=lower(?)
2026-10-01T10:26:09.341+07:00 DEBUG 5252 --- [school-manager] [restartedMain] org.hibernate.SQL                        : select count(g1_0.id)>0 from grades g1_0 where lower(g1_0.student_code)=lower(?) or lower(g1_0.student_id)=lower(?)
2026-10-01T10:26:09.346+07:00 DEBUG 5252 --- [school-manager] [restartedMain] org.hibernate.SQL                        : select count(g1_0.id)>0 from grades g1_0 where lower(g1_0.student_code)=lower(?) or lower(g1_0.student_id)=lower(?)
2026-10-01T10:26:09.350+07:00 DEBUG 5252 --- [school-manager] [restartedMain] org.hibernate.SQL                        : select count(g1_0.id)>0 from grades g1_0 where lower(g1_0.student_code)=lower(?) or lower(g1_0.student_id)=lower(?)
2026-10-01T10:26:09.354+07:00 DEBUG 5252 --- [school-manager] [restartedMain] org.hibernate.SQL                        : select count(g1_0.id)>0 from grades g1_0 where lower(g1_0.student_code)=lower(?) or lower(g1_0.student_id)=lower(?)
2026-10-01T10:26:09.359+07:00 DEBUG 5252 --- [school-manager] [restartedMain] org.hibernate.SQL                        : select count(g1_0.id)>0 from grades g1_0 where lower(g1_0.student_code)=lower(?) or lower(g1_0.student_id)=lower(?)
2026-10-01T10:26:09.364+07:00 DEBUG 5252 --- [school-manager] [restartedMain] org.hibernate.SQL                        : select count(g1_0.id)>0 from grades g1_0 where lower(g1_0.student_code)=lower(?) or lower(g1_0.student_id)=lower(?)
2026-10-01T10:26:09.369+07:00 DEBUG 5252 --- [school-manager] [restartedMain] org.hibernate.SQL                        : select count(g1_0.id)>0 from grades g1_0 where lower(g1_0.student_code)=lower(?) or lower(g1_0.student_id)=lower(?)
2026-10-01T10:26:09.374+07:00 DEBUG 5252 --- [school-manager] [restartedMain] org.hibernate.SQL                        : select count(g1_0.id)>0 from grades g1_0 where lower(g1_0.student_code)=lower(?) or lower(g1_0.student_id)=lower(?)
2026-10-01T10:26:09.378+07:00 DEBUG 5252 --- [school-manager] [restartedMain] org.hibernate.SQL                        : select count(g1_0.id)>0 from grades g1_0 where lower(g1_0.student_code)=lower(?) or lower(g1_0.student_id)=lower(?)
2026-10-01T10:26:09.383+07:00 DEBUG 5252 --- [school-manager] [restartedMain] org.hibernate.SQL                        : select count(g1_0.id)>0 from grades g1_0 where lower(g1_0.student_code)=lower(?) or lower(g1_0.student_id)=lower(?)
2026-10-01T10:26:09.388+07:00 DEBUG 5252 --- [school-manager] [restartedMain] org.hibernate.SQL                        : select count(g1_0.id)>0 from grades g1_0 where lower(g1_0.student_code)=lower(?) or lower(g1_0.student_id)=lower(?)
2026-10-01T10:26:09.392+07:00 DEBUG 5252 --- [school-manager] [restartedMain] org.hibernate.SQL                        : select count(g1_0.id)>0 from grades g1_0 where lower(g1_0.student_code)=lower(?) or lower(g1_0.student_id)=lower(?)
2026-10-01T10:26:09.397+07:00 DEBUG 5252 --- [school-manager] [restartedMain] org.hibernate.SQL                        : select count(g1_0.id)>0 from grades g1_0 where lower(g1_0.student_code)=lower(?) or lower(g1_0.student_id)=lower(?)
2026-10-01T10:26:09.403+07:00 DEBUG 5252 --- [school-manager] [restartedMain] org.hibernate.SQL                        : select count(g1_0.id)>0 from grades g1_0 where lower(g1_0.student_code)=lower(?) or lower(g1_0.student_id)=lower(?)
2026-10-01T10:26:09.408+07:00 DEBUG 5252 --- [school-manager] [restartedMain] org.hibernate.SQL                        : select count(g1_0.id)>0 from grades g1_0 where lower(g1_0.student_code)=lower(?) or lower(g1_0.student_id)=lower(?)
2026-10-01T10:26:09.411+07:00 DEBUG 5252 --- [school-manager] [restartedMain] org.hibernate.SQL                        : select count(g1_0.id)>0 from grades g1_0 where lower(g1_0.student_code)=lower(?) or lower(g1_0.student_id)=lower(?)
2026-10-01T10:26:09.416+07:00 DEBUG 5252 --- [school-manager] [restartedMain] org.hibernate.SQL                        : select count(g1_0.id)>0 from grades g1_0 where lower(g1_0.student_code)=lower(?) or lower(g1_0.student_id)=lower(?)
2026-10-01T10:26:09.423+07:00 DEBUG 5252 --- [school-manager] [restartedMain] org.hibernate.SQL                        : select count(g1_0.id)>0 from grades g1_0 where lower(g1_0.student_code)=lower(?) or lower(g1_0.student_id)=lower(?)
2026-10-01T10:26:09.427+07:00 DEBUG 5252 --- [school-manager] [restartedMain] org.hibernate.SQL                        : select count(g1_0.id)>0 from grades g1_0 where lower(g1_0.student_code)=lower(?) or lower(g1_0.student_id)=lower(?)
2026-10-01T10:26:09.430+07:00 DEBUG 5252 --- [school-manager] [restartedMain] org.hibernate.SQL                        : select count(g1_0.id)>0 from grades g1_0 where lower(g1_0.student_code)=lower(?) or lower(g1_0.student_id)=lower(?)
2026-10-01T10:26:09.434+07:00 DEBUG 5252 --- [school-manager] [restartedMain] org.hibernate.SQL                        : select count(g1_0.id)>0 from grades g1_0 where lower(g1_0.student_code)=lower(?) or lower(g1_0.student_id)=lower(?)
2026-10-01T10:26:09.437+07:00 DEBUG 5252 --- [school-manager] [restartedMain] org.hibernate.SQL                        : select count(g1_0.id)>0 from grades g1_0 where lower(g1_0.student_code)=lower(?) or lower(g1_0.student_id)=lower(?)
2026-10-01T10:26:09.440+07:00 DEBUG 5252 --- [school-manager] [restartedMain] org.hibernate.SQL                        : select count(g1_0.id)>0 from grades g1_0 where lower(g1_0.student_code)=lower(?) or lower(g1_0.student_id)=lower(?)
2026-10-01T10:26:09.442+07:00 DEBUG 5252 --- [school-manager] [restartedMain] org.hibernate.SQL                        : select count(g1_0.id)>0 from grades g1_0 where lower(g1_0.student_code)=lower(?) or lower(g1_0.student_id)=lower(?)
2026-10-01T10:26:09.445+07:00 DEBUG 5252 --- [school-manager] [restartedMain] org.hibernate.SQL                        : select count(g1_0.id)>0 from grades g1_0 where lower(g1_0.student_code)=lower(?) or lower(g1_0.student_id)=lower(?)
2026-10-01T10:26:09.448+07:00 DEBUG 5252 --- [school-manager] [restartedMain] org.hibernate.SQL                        : select count(g1_0.id)>0 from grades g1_0 where lower(g1_0.student_code)=lower(?) or lower(g1_0.student_id)=lower(?)
2026-10-01T10:26:09.450+07:00 DEBUG 5252 --- [school-manager] [restartedMain] org.hibernate.SQL                        : select count(g1_0.id)>0 from grades g1_0 where lower(g1_0.student_code)=lower(?) or lower(g1_0.student_id)=lower(?)
2026-10-01T10:26:09.453+07:00 DEBUG 5252 --- [school-manager] [restartedMain] org.hibernate.SQL                        : select count(g1_0.id)>0 from grades g1_0 where lower(g1_0.student_code)=lower(?) or lower(g1_0.student_id)=lower(?)
2026-10-01T10:26:09.456+07:00 DEBUG 5252 --- [school-manager] [restartedMain] org.hibernate.SQL                        : select count(g1_0.id)>0 from grades g1_0 where lower(g1_0.student_code)=lower(?) or lower(g1_0.student_id)=lower(?)
2026-10-01T10:26:09.458+07:00 DEBUG 5252 --- [school-manager] [restartedMain] org.hibernate.SQL                        : select count(g1_0.id)>0 from grades g1_0 where lower(g1_0.student_code)=lower(?) or lower(g1_0.student_id)=lower(?)
2026-10-01T10:26:09.460+07:00 DEBUG 5252 --- [school-manager] [restartedMain] org.hibernate.SQL                        : select count(g1_0.id)>0 from grades g1_0 where lower(g1_0.student_code)=lower(?) or lower(g1_0.student_id)=lower(?)
2026-10-01T10:26:09.463+07:00 DEBUG 5252 --- [school-manager] [restartedMain] org.hibernate.SQL                        : select count(g1_0.id)>0 from grades g1_0 where lower(g1_0.student_code)=lower(?) or lower(g1_0.student_id)=lower(?)
2026-10-01T10:26:09.466+07:00 DEBUG 5252 --- [school-manager] [restartedMain] org.hibernate.SQL                        : select count(g1_0.id)>0 from grades g1_0 where lower(g1_0.student_code)=lower(?) or lower(g1_0.student_id)=lower(?)
2026-10-01T10:26:09.468+07:00 DEBUG 5252 --- [school-manager] [restartedMain] org.hibernate.SQL                        : select count(g1_0.id)>0 from grades g1_0 where lower(g1_0.student_code)=lower(?) or lower(g1_0.student_id)=lower(?)
2026-10-01T10:26:09.471+07:00 DEBUG 5252 --- [school-manager] [restartedMain] org.hibernate.SQL                        : select count(g1_0.id)>0 from grades g1_0 where lower(g1_0.student_code)=lower(?) or lower(g1_0.student_id)=lower(?)
2026-10-01T10:26:09.473+07:00 DEBUG 5252 --- [school-manager] [restartedMain] org.hibernate.SQL                        : select count(g1_0.id)>0 from grades g1_0 where lower(g1_0.student_code)=lower(?) or lower(g1_0.student_id)=lower(?)
2026-10-01T10:26:09.476+07:00 DEBUG 5252 --- [school-manager] [restartedMain] org.hibernate.SQL                        : select count(g1_0.id)>0 from grades g1_0 where lower(g1_0.student_code)=lower(?) or lower(g1_0.student_id)=lower(?)
2026-10-01T10:26:09.478+07:00 DEBUG 5252 --- [school-manager] [restartedMain] org.hibernate.SQL                        : select count(g1_0.id)>0 from grades g1_0 where lower(g1_0.student_code)=lower(?) or lower(g1_0.student_id)=lower(?)
2026-10-01T10:26:09.481+07:00 DEBUG 5252 --- [school-manager] [restartedMain] org.hibernate.SQL                        : select count(g1_0.id)>0 from grades g1_0 where lower(g1_0.student_code)=lower(?) or lower(g1_0.student_id)=lower(?)
2026-10-01T10:26:09.484+07:00 DEBUG 5252 --- [school-manager] [restartedMain] org.hibernate.SQL                        : select count(g1_0.id)>0 from grades g1_0 where lower(g1_0.student_code)=lower(?) or lower(g1_0.student_id)=lower(?)
2026-10-01T10:26:09.487+07:00 DEBUG 5252 --- [school-manager] [restartedMain] org.hibernate.SQL                        : select count(g1_0.id)>0 from grades g1_0 where lower(g1_0.student_code)=lower(?) or lower(g1_0.student_id)=lower(?)
2026-10-01T10:26:09.489+07:00 DEBUG 5252 --- [school-manager] [restartedMain] org.hibernate.SQL                        : select count(g1_0.id)>0 from grades g1_0 where lower(g1_0.student_code)=lower(?) or lower(g1_0.student_id)=lower(?)
2026-10-01T10:26:09.492+07:00 DEBUG 5252 --- [school-manager] [restartedMain] org.hibernate.SQL                        : select count(g1_0.id)>0 from grades g1_0 where lower(g1_0.student_code)=lower(?) or lower(g1_0.student_id)=lower(?)
2026-10-01T10:26:09.494+07:00 DEBUG 5252 --- [school-manager] [restartedMain] org.hibernate.SQL                        : select count(g1_0.id)>0 from grades g1_0 where lower(g1_0.student_code)=lower(?) or lower(g1_0.student_id)=lower(?)
2026-10-01T10:26:09.497+07:00 DEBUG 5252 --- [school-manager] [restartedMain] org.hibernate.SQL                        : select count(g1_0.id)>0 from grades g1_0 where lower(g1_0.student_code)=lower(?) or lower(g1_0.student_id)=lower(?)
2026-10-01T10:26:09.499+07:00 DEBUG 5252 --- [school-manager] [restartedMain] org.hibernate.SQL                        : select count(g1_0.id)>0 from grades g1_0 where lower(g1_0.student_code)=lower(?) or lower(g1_0.student_id)=lower(?)
2026-10-01T10:26:09.502+07:00 DEBUG 5252 --- [school-manager] [restartedMain] org.hibernate.SQL                        : select count(g1_0.id)>0 from grades g1_0 where lower(g1_0.student_code)=lower(?) or lower(g1_0.student_id)=lower(?)
2026-10-01T10:26:09.504+07:00 DEBUG 5252 --- [school-manager] [restartedMain] org.hibernate.SQL                        : select count(g1_0.id)>0 from grades g1_0 where lower(g1_0.student_code)=lower(?) or lower(g1_0.student_id)=lower(?)
2026-10-01T10:26:09.507+07:00 DEBUG 5252 --- [school-manager] [restartedMain] org.hibernate.SQL                        : select count(g1_0.id)>0 from grades g1_0 where lower(g1_0.student_code)=lower(?) or lower(g1_0.student_id)=lower(?)
2026-10-01T10:26:09.509+07:00 DEBUG 5252 --- [school-manager] [restartedMain] org.hibernate.SQL                        : select count(g1_0.id)>0 from grades g1_0 where lower(g1_0.student_code)=lower(?) or lower(g1_0.student_id)=lower(?)
2026-10-01T10:26:09.511+07:00 DEBUG 5252 --- [school-manager] [restartedMain] org.hibernate.SQL                        : select count(g1_0.id)>0 from grades g1_0 where lower(g1_0.student_code)=lower(?) or lower(g1_0.student_id)=lower(?)
2026-10-01T10:26:09.514+07:00 DEBUG 5252 --- [school-manager] [restartedMain] org.hibernate.SQL                        : select count(g1_0.id)>0 from grades g1_0 where lower(g1_0.student_code)=lower(?) or lower(g1_0.student_id)=lower(?)
2026-10-01T10:26:09.517+07:00 DEBUG 5252 --- [school-manager] [restartedMain] org.hibernate.SQL                        : select count(g1_0.id)>0 from grades g1_0 where lower(g1_0.student_code)=lower(?) or lower(g1_0.student_id)=lower(?)
2026-10-01T10:26:09.519+07:00 DEBUG 5252 --- [school-manager] [restartedMain] org.hibernate.SQL                        : select count(g1_0.id)>0 from grades g1_0 where lower(g1_0.student_code)=lower(?) or lower(g1_0.student_id)=lower(?)
2026-10-01T10:26:09.522+07:00 DEBUG 5252 --- [school-manager] [restartedMain] org.hibernate.SQL                        : select count(g1_0.id)>0 from grades g1_0 where lower(g1_0.student_code)=lower(?) or lower(g1_0.student_id)=lower(?)
2026-10-01T10:26:09.524+07:00 DEBUG 5252 --- [school-manager] [restartedMain] org.hibernate.SQL                        : select count(g1_0.id)>0 from grades g1_0 where lower(g1_0.student_code)=lower(?) or lower(g1_0.student_id)=lower(?)
2026-10-01T10:26:09.527+07:00 DEBUG 5252 --- [school-manager] [restartedMain] org.hibernate.SQL                        : select count(g1_0.id)>0 from grades g1_0 where lower(g1_0.student_code)=lower(?) or lower(g1_0.student_id)=lower(?)
2026-10-01T10:26:09.530+07:00 DEBUG 5252 --- [school-manager] [restartedMain] org.hibernate.SQL                        : select count(g1_0.id)>0 from grades g1_0 where lower(g1_0.student_code)=lower(?) or lower(g1_0.student_id)=lower(?)
2026-10-01T10:26:09.534+07:00 DEBUG 5252 --- [school-manager] [restartedMain] org.hibernate.SQL                        : select count(g1_0.id)>0 from grades g1_0 where lower(g1_0.student_code)=lower(?) or lower(g1_0.student_id)=lower(?)
2026-10-01T10:26:09.538+07:00 DEBUG 5252 --- [school-manager] [restartedMain] org.hibernate.SQL                        : select count(g1_0.id)>0 from grades g1_0 where lower(g1_0.student_code)=lower(?) or lower(g1_0.student_id)=lower(?)
2026-10-01T10:26:09.541+07:00 DEBUG 5252 --- [school-manager] [restartedMain] org.hibernate.SQL                        : select count(g1_0.id)>0 from grades g1_0 where lower(g1_0.student_code)=lower(?) or lower(g1_0.student_id)=lower(?)
2026-10-01T10:26:09.545+07:00 DEBUG 5252 --- [school-manager] [restartedMain] org.hibernate.SQL                        : select count(g1_0.id)>0 from grades g1_0 where lower(g1_0.student_code)=lower(?) or lower(g1_0.student_id)=lower(?)
2026-10-01T10:26:09.548+07:00 DEBUG 5252 --- [school-manager] [restartedMain] org.hibernate.SQL                        : select count(g1_0.id)>0 from grades g1_0 where lower(g1_0.student_code)=lower(?) or lower(g1_0.student_id)=lower(?)
2026-10-01T10:26:09.552+07:00 DEBUG 5252 --- [school-manager] [restartedMain] org.hibernate.SQL                        : select count(g1_0.id)>0 from grades g1_0 where lower(g1_0.student_code)=lower(?) or lower(g1_0.student_id)=lower(?)
2026-10-01T10:26:09.555+07:00 DEBUG 5252 --- [school-manager] [restartedMain] org.hibernate.SQL                        : select count(g1_0.id)>0 from grades g1_0 where lower(g1_0.student_code)=lower(?) or lower(g1_0.student_id)=lower(?)
2026-10-01T10:26:09.559+07:00 DEBUG 5252 --- [school-manager] [restartedMain] org.hibernate.SQL                        : select count(g1_0.id)>0 from grades g1_0 where lower(g1_0.student_code)=lower(?) or lower(g1_0.student_id)=lower(?)
2026-10-01T10:26:09.562+07:00 DEBUG 5252 --- [school-manager] [restartedMain] org.hibernate.SQL                        : select count(g1_0.id)>0 from grades g1_0 where lower(g1_0.student_code)=lower(?) or lower(g1_0.student_id)=lower(?)
2026-10-01T10:26:09.567+07:00 DEBUG 5252 --- [school-manager] [restartedMain] org.hibernate.SQL                        : select count(g1_0.id)>0 from grades g1_0 where lower(g1_0.student_code)=lower(?) or lower(g1_0.student_id)=lower(?)
2026-10-01T10:26:09.571+07:00 DEBUG 5252 --- [school-manager] [restartedMain] org.hibernate.SQL                        : select count(g1_0.id)>0 from grades g1_0 where lower(g1_0.student_code)=lower(?) or lower(g1_0.student_id)=lower(?)
2026-10-01T10:26:09.574+07:00 DEBUG 5252 --- [school-manager] [restartedMain] org.hibernate.SQL                        : select count(g1_0.id)>0 from grades g1_0 where lower(g1_0.student_code)=lower(?) or lower(g1_0.student_id)=lower(?)
2026-10-01T10:26:09.577+07:00 DEBUG 5252 --- [school-manager] [restartedMain] org.hibernate.SQL                        : select count(g1_0.id)>0 from grades g1_0 where lower(g1_0.student_code)=lower(?) or lower(g1_0.student_id)=lower(?)
2026-10-01T10:26:09.581+07:00 DEBUG 5252 --- [school-manager] [restartedMain] org.hibernate.SQL                        : select count(g1_0.id)>0 from grades g1_0 where lower(g1_0.student_code)=lower(?) or lower(g1_0.student_id)=lower(?)
2026-10-01T10:26:09.585+07:00 DEBUG 5252 --- [school-manager] [restartedMain] org.hibernate.SQL                        : select count(g1_0.id)>0 from grades g1_0 where lower(g1_0.student_code)=lower(?) or lower(g1_0.student_id)=lower(?)
2026-10-01T10:26:09.589+07:00 DEBUG 5252 --- [school-manager] [restartedMain] org.hibernate.SQL                        : select count(g1_0.id)>0 from grades g1_0 where lower(g1_0.student_code)=lower(?) or lower(g1_0.student_id)=lower(?)
2026-10-01T10:26:09.592+07:00 DEBUG 5252 --- [school-manager] [restartedMain] org.hibernate.SQL                        : select count(g1_0.id)>0 from grades g1_0 where lower(g1_0.student_code)=lower(?) or lower(g1_0.student_id)=lower(?)
2026-10-01T10:26:09.596+07:00 DEBUG 5252 --- [school-manager] [restartedMain] org.hibernate.SQL                        : select count(g1_0.id)>0 from grades g1_0 where lower(g1_0.student_code)=lower(?) or lower(g1_0.student_id)=lower(?)
2026-10-01T10:26:09.600+07:00 DEBUG 5252 --- [school-manager] [restartedMain] org.hibernate.SQL                        : select count(g1_0.id)>0 from grades g1_0 where lower(g1_0.student_code)=lower(?) or lower(g1_0.student_id)=lower(?)
2026-10-01T10:26:09.604+07:00 DEBUG 5252 --- [school-manager] [restartedMain] org.hibernate.SQL                        : select count(g1_0.id)>0 from grades g1_0 where lower(g1_0.student_code)=lower(?) or lower(g1_0.student_id)=lower(?)
2026-10-01T10:26:09.609+07:00 DEBUG 5252 --- [school-manager] [restartedMain] org.hibernate.SQL                        : select count(g1_0.id)>0 from grades g1_0 where lower(g1_0.student_code)=lower(?) or lower(g1_0.student_id)=lower(?)
2026-10-01T10:26:09.612+07:00 DEBUG 5252 --- [school-manager] [restartedMain] org.hibernate.SQL                        : select count(g1_0.id)>0 from grades g1_0 where lower(g1_0.student_code)=lower(?) or lower(g1_0.student_id)=lower(?)
2026-10-01T10:26:09.619+07:00 DEBUG 5252 --- [school-manager] [restartedMain] org.hibernate.SQL                        : select count(g1_0.id)>0 from grades g1_0 where lower(g1_0.student_code)=lower(?) or lower(g1_0.student_id)=lower(?)
2026-10-01T10:26:09.623+07:00 DEBUG 5252 --- [school-manager] [restartedMain] org.hibernate.SQL                        : select count(g1_0.id)>0 from grades g1_0 where lower(g1_0.student_code)=lower(?) or lower(g1_0.student_id)=lower(?)
2026-10-01T10:26:09.625+07:00 DEBUG 5252 --- [school-manager] [restartedMain] org.hibernate.SQL                        : select count(g1_0.id)>0 from grades g1_0 where lower(g1_0.student_code)=lower(?) or lower(g1_0.student_id)=lower(?)
2026-10-01T10:26:09.629+07:00 DEBUG 5252 --- [school-manager] [restartedMain] org.hibernate.SQL                        : select count(g1_0.id)>0 from grades g1_0 where lower(g1_0.student_code)=lower(?) or lower(g1_0.student_id)=lower(?)
2026-10-01T10:26:09.632+07:00 DEBUG 5252 --- [school-manager] [restartedMain] org.hibernate.SQL                        : select count(g1_0.id)>0 from grades g1_0 where lower(g1_0.student_code)=lower(?) or lower(g1_0.student_id)=lower(?)
2026-10-01T10:26:09.636+07:00 DEBUG 5252 --- [school-manager] [restartedMain] org.hibernate.SQL                        : select count(g1_0.id)>0 from grades g1_0 where lower(g1_0.student_code)=lower(?) or lower(g1_0.student_id)=lower(?)
2026-10-01T10:26:09.639+07:00 DEBUG 5252 --- [school-manager] [restartedMain] org.hibernate.SQL                        : select count(g1_0.id)>0 from grades g1_0 where lower(g1_0.student_code)=lower(?) or lower(g1_0.student_id)=lower(?)
2026-10-01T10:26:09.642+07:00 DEBUG 5252 --- [school-manager] [restartedMain] org.hibernate.SQL                        : select count(g1_0.id)>0 from grades g1_0 where lower(g1_0.student_code)=lower(?) or lower(g1_0.student_id)=lower(?)
2026-10-01T10:26:09.644+07:00 DEBUG 5252 --- [school-manager] [restartedMain] org.hibernate.SQL                        : select count(g1_0.id)>0 from grades g1_0 where lower(g1_0.student_code)=lower(?) or lower(g1_0.student_id)=lower(?)
2026-10-01T10:26:09.647+07:00 DEBUG 5252 --- [school-manager] [restartedMain] org.hibernate.SQL                        : select count(g1_0.id)>0 from grades g1_0 where lower(g1_0.student_code)=lower(?) or lower(g1_0.student_id)=lower(?)
2026-10-01T10:26:09.649+07:00 DEBUG 5252 --- [school-manager] [restartedMain] org.hibernate.SQL                        : select count(g1_0.id)>0 from grades g1_0 where lower(g1_0.student_code)=lower(?) or lower(g1_0.student_id)=lower(?)
2026-10-01T10:26:09.652+07:00 DEBUG 5252 --- [school-manager] [restartedMain] org.hibernate.SQL                        : select count(g1_0.id)>0 from grades g1_0 where lower(g1_0.student_code)=lower(?) or lower(g1_0.student_id)=lower(?)
2026-10-01T10:26:09.654+07:00 DEBUG 5252 --- [school-manager] [restartedMain] org.hibernate.SQL                        : select count(g1_0.id)>0 from grades g1_0 where lower(g1_0.student_code)=lower(?) or lower(g1_0.student_id)=lower(?)
2026-10-01T10:26:09.657+07:00 DEBUG 5252 --- [school-manager] [restartedMain] org.hibernate.SQL                        : select count(g1_0.id)>0 from grades g1_0 where lower(g1_0.student_code)=lower(?) or lower(g1_0.student_id)=lower(?)
2026-10-01T10:26:09.659+07:00 DEBUG 5252 --- [school-manager] [restartedMain] org.hibernate.SQL                        : select count(g1_0.id)>0 from grades g1_0 where lower(g1_0.student_code)=lower(?) or lower(g1_0.student_id)=lower(?)
2026-10-01T10:26:09.662+07:00 DEBUG 5252 --- [school-manager] [restartedMain] org.hibernate.SQL                        : select count(g1_0.id)>0 from grades g1_0 where lower(g1_0.student_code)=lower(?) or lower(g1_0.student_id)=lower(?)
2026-10-01T10:26:09.665+07:00 DEBUG 5252 --- [school-manager] [restartedMain] org.hibernate.SQL                        : select count(g1_0.id)>0 from grades g1_0 where lower(g1_0.student_code)=lower(?) or lower(g1_0.student_id)=lower(?)
2026-10-01T10:26:09.667+07:00 DEBUG 5252 --- [school-manager] [restartedMain] org.hibernate.SQL                        : select count(g1_0.id)>0 from grades g1_0 where lower(g1_0.student_code)=lower(?) or lower(g1_0.student_id)=lower(?)
2026-10-01T10:26:09.670+07:00 DEBUG 5252 --- [school-manager] [restartedMain] org.hibernate.SQL                        : select count(g1_0.id)>0 from grades g1_0 where lower(g1_0.student_code)=lower(?) or lower(g1_0.student_id)=lower(?)
2026-10-01T10:26:09.672+07:00 DEBUG 5252 --- [school-manager] [restartedMain] org.hibernate.SQL                        : select count(g1_0.id)>0 from grades g1_0 where lower(g1_0.student_code)=lower(?) or lower(g1_0.student_id)=lower(?)
2026-10-01T10:26:09.675+07:00 DEBUG 5252 --- [school-manager] [restartedMain] org.hibernate.SQL                        : select count(g1_0.id)>0 from grades g1_0 where lower(g1_0.student_code)=lower(?) or lower(g1_0.student_id)=lower(?)
2026-10-01T10:26:09.677+07:00 DEBUG 5252 --- [school-manager] [restartedMain] org.hibernate.SQL                        : select count(g1_0.id)>0 from grades g1_0 where lower(g1_0.student_code)=lower(?) or lower(g1_0.student_id)=lower(?)
2026-10-01T10:26:09.681+07:00 DEBUG 5252 --- [school-manager] [restartedMain] org.hibernate.SQL                        : select count(g1_0.id)>0 from grades g1_0 where lower(g1_0.student_code)=lower(?) or lower(g1_0.student_id)=lower(?)
2026-10-01T10:26:09.684+07:00 DEBUG 5252 --- [school-manager] [restartedMain] org.hibernate.SQL                        : select count(g1_0.id)>0 from grades g1_0 where lower(g1_0.student_code)=lower(?) or lower(g1_0.student_id)=lower(?)
2026-10-01T10:26:09.687+07:00 DEBUG 5252 --- [school-manager] [restartedMain] org.hibernate.SQL                        : select count(g1_0.id)>0 from grades g1_0 where lower(g1_0.student_code)=lower(?) or lower(g1_0.student_id)=lower(?)
2026-10-01T10:26:09.689+07:00 DEBUG 5252 --- [school-manager] [restartedMain] org.hibernate.SQL                        : select count(g1_0.id)>0 from grades g1_0 where lower(g1_0.student_code)=lower(?) or lower(g1_0.student_id)=lower(?)
2026-10-01T10:26:09.692+07:00 DEBUG 5252 --- [school-manager] [restartedMain] org.hibernate.SQL                        : select count(g1_0.id)>0 from grades g1_0 where lower(g1_0.student_code)=lower(?) or lower(g1_0.student_id)=lower(?)
2026-10-01T10:26:09.695+07:00 DEBUG 5252 --- [school-manager] [restartedMain] org.hibernate.SQL                        : select count(g1_0.id)>0 from grades g1_0 where lower(g1_0.student_code)=lower(?) or lower(g1_0.student_id)=lower(?)
2026-10-01T10:26:09.697+07:00 DEBUG 5252 --- [school-manager] [restartedMain] org.hibernate.SQL                        : select count(g1_0.id)>0 from grades g1_0 where lower(g1_0.student_code)=lower(?) or lower(g1_0.student_id)=lower(?)
2026-10-01T10:26:09.700+07:00 DEBUG 5252 --- [school-manager] [restartedMain] org.hibernate.SQL                        : select count(g1_0.id)>0 from grades g1_0 where lower(g1_0.student_code)=lower(?) or lower(g1_0.student_id)=lower(?)
2026-10-01T10:26:09.702+07:00 DEBUG 5252 --- [school-manager] [restartedMain] org.hibernate.SQL                        : select count(g1_0.id)>0 from grades g1_0 where lower(g1_0.student_code)=lower(?) or lower(g1_0.student_id)=lower(?)
2026-10-01T10:26:09.705+07:00 DEBUG 5252 --- [school-manager] [restartedMain] org.hibernate.SQL                        : select count(g1_0.id)>0 from grades g1_0 where lower(g1_0.student_code)=lower(?) or lower(g1_0.student_id)=lower(?)
2026-10-01T10:26:09.707+07:00 DEBUG 5252 --- [school-manager] [restartedMain] org.hibernate.SQL                        : select count(g1_0.id)>0 from grades g1_0 where lower(g1_0.student_code)=lower(?) or lower(g1_0.student_id)=lower(?)
2026-10-01T10:26:09.709+07:00 DEBUG 5252 --- [school-manager] [restartedMain] org.hibernate.SQL                        : select count(g1_0.id)>0 from grades g1_0 where lower(g1_0.student_code)=lower(?) or lower(g1_0.student_id)=lower(?)
2026-10-01T10:26:09.711+07:00 DEBUG 5252 --- [school-manager] [restartedMain] org.hibernate.SQL                        : select count(g1_0.id)>0 from grades g1_0 where lower(g1_0.student_code)=lower(?) or lower(g1_0.student_id)=lower(?)
2026-10-01T10:26:09.714+07:00 DEBUG 5252 --- [school-manager] [restartedMain] org.hibernate.SQL                        : select count(g1_0.id)>0 from grades g1_0 where lower(g1_0.student_code)=lower(?) or lower(g1_0.student_id)=lower(?)
2026-10-01T10:26:09.716+07:00 DEBUG 5252 --- [school-manager] [restartedMain] org.hibernate.SQL                        : select count(g1_0.id)>0 from grades g1_0 where lower(g1_0.student_code)=lower(?) or lower(g1_0.student_id)=lower(?)
2026-10-01T10:26:09.718+07:00 DEBUG 5252 --- [school-manager] [restartedMain] org.hibernate.SQL                        : select count(g1_0.id)>0 from grades g1_0 where lower(g1_0.student_code)=lower(?) or lower(g1_0.student_id)=lower(?)
2026-10-01T10:26:09.720+07:00 DEBUG 5252 --- [school-manager] [restartedMain] org.hibernate.SQL                        : select count(g1_0.id)>0 from grades g1_0 where lower(g1_0.student_code)=lower(?) or lower(g1_0.student_id)=lower(?)
2026-10-01T10:26:09.724+07:00 DEBUG 5252 --- [school-manager] [restartedMain] org.hibernate.SQL                        : select count(g1_0.id)>0 from grades g1_0 where lower(g1_0.student_code)=lower(?) or lower(g1_0.student_id)=lower(?)
2026-10-01T10:26:09.726+07:00 DEBUG 5252 --- [school-manager] [restartedMain] org.hibernate.SQL                        : select count(g1_0.id)>0 from grades g1_0 where lower(g1_0.student_code)=lower(?) or lower(g1_0.student_id)=lower(?)
2026-10-01T10:26:09.729+07:00 DEBUG 5252 --- [school-manager] [restartedMain] org.hibernate.SQL                        : select count(g1_0.id)>0 from grades g1_0 where lower(g1_0.student_code)=lower(?) or lower(g1_0.student_id)=lower(?)
2026-10-01T10:26:09.732+07:00 DEBUG 5252 --- [school-manager] [restartedMain] org.hibernate.SQL                        : select count(g1_0.id)>0 from grades g1_0 where lower(g1_0.student_code)=lower(?) or lower(g1_0.student_id)=lower(?)
2026-10-01T10:26:09.734+07:00 DEBUG 5252 --- [school-manager] [restartedMain] org.hibernate.SQL                        : select count(g1_0.id)>0 from grades g1_0 where lower(g1_0.student_code)=lower(?) or lower(g1_0.student_id)=lower(?)
2026-10-01T10:26:09.738+07:00 DEBUG 5252 --- [school-manager] [restartedMain] org.hibernate.SQL                        : select count(g1_0.id)>0 from grades g1_0 where lower(g1_0.student_code)=lower(?) or lower(g1_0.student_id)=lower(?)
2026-10-01T10:26:09.742+07:00 DEBUG 5252 --- [school-manager] [restartedMain] org.hibernate.SQL                        : select count(g1_0.id)>0 from grades g1_0 where lower(g1_0.student_code)=lower(?) or lower(g1_0.student_id)=lower(?)
2026-10-01T10:26:09.746+07:00 DEBUG 5252 --- [school-manager] [restartedMain] org.hibernate.SQL                        : select count(g1_0.id)>0 from grades g1_0 where lower(g1_0.student_code)=lower(?) or lower(g1_0.student_id)=lower(?)
2026-10-01T10:26:09.751+07:00 DEBUG 5252 --- [school-manager] [restartedMain] org.hibernate.SQL                        : select count(g1_0.id)>0 from grades g1_0 where lower(g1_0.student_code)=lower(?) or lower(g1_0.student_id)=lower(?)
2026-10-01T10:26:09.755+07:00 DEBUG 5252 --- [school-manager] [restartedMain] org.hibernate.SQL                        : select count(g1_0.id)>0 from grades g1_0 where lower(g1_0.student_code)=lower(?) or lower(g1_0.student_id)=lower(?)
2026-10-01T10:26:09.758+07:00 DEBUG 5252 --- [school-manager] [restartedMain] org.hibernate.SQL                        : select count(g1_0.id)>0 from grades g1_0 where lower(g1_0.student_code)=lower(?) or lower(g1_0.student_id)=lower(?)
2026-10-01T10:26:09.762+07:00 DEBUG 5252 --- [school-manager] [restartedMain] org.hibernate.SQL                        : select count(g1_0.id)>0 from grades g1_0 where lower(g1_0.student_code)=lower(?) or lower(g1_0.student_id)=lower(?)
2026-10-01T10:26:09.766+07:00 DEBUG 5252 --- [school-manager] [restartedMain] org.hibernate.SQL                        : select count(g1_0.id)>0 from grades g1_0 where lower(g1_0.student_code)=lower(?) or lower(g1_0.student_id)=lower(?)
2026-10-01T10:26:09.772+07:00 DEBUG 5252 --- [school-manager] [restartedMain] org.hibernate.SQL                        : select count(g1_0.id)>0 from grades g1_0 where lower(g1_0.student_code)=lower(?) or lower(g1_0.student_id)=lower(?)
2026-10-01T10:26:09.775+07:00 DEBUG 5252 --- [school-manager] [restartedMain] org.hibernate.SQL                        : select count(g1_0.id)>0 from grades g1_0 where lower(g1_0.student_code)=lower(?) or lower(g1_0.student_id)=lower(?)
2026-10-01T10:26:09.779+07:00 DEBUG 5252 --- [school-manager] [restartedMain] org.hibernate.SQL                        : select count(g1_0.id)>0 from grades g1_0 where lower(g1_0.student_code)=lower(?) or lower(g1_0.student_id)=lower(?)
2026-10-01T10:26:09.783+07:00 DEBUG 5252 --- [school-manager] [restartedMain] org.hibernate.SQL                        : select count(g1_0.id)>0 from grades g1_0 where lower(g1_0.student_code)=lower(?) or lower(g1_0.student_id)=lower(?)
2026-10-01T10:26:09.788+07:00 DEBUG 5252 --- [school-manager] [restartedMain] org.hibernate.SQL                        : select count(g1_0.id)>0 from grades g1_0 where lower(g1_0.student_code)=lower(?) or lower(g1_0.student_id)=lower(?)
2026-10-01T10:26:09.791+07:00 DEBUG 5252 --- [school-manager] [restartedMain] org.hibernate.SQL                        : select count(g1_0.id)>0 from grades g1_0 where lower(g1_0.student_code)=lower(?) or lower(g1_0.student_id)=lower(?)
2026-10-01T10:26:09.795+07:00 DEBUG 5252 --- [school-manager] [restartedMain] org.hibernate.SQL                        : select count(g1_0.id)>0 from grades g1_0 where lower(g1_0.student_code)=lower(?) or lower(g1_0.student_id)=lower(?)
2026-10-01T10:26:09.798+07:00 DEBUG 5252 --- [school-manager] [restartedMain] org.hibernate.SQL                        : select count(g1_0.id)>0 from grades g1_0 where lower(g1_0.student_code)=lower(?) or lower(g1_0.student_id)=lower(?)
2026-10-01T10:26:09.805+07:00 DEBUG 5252 --- [school-manager] [restartedMain] org.hibernate.SQL                        : select count(g1_0.id)>0 from grades g1_0 where lower(g1_0.student_code)=lower(?) or lower(g1_0.student_id)=lower(?)
2026-10-01T10:26:09.809+07:00 DEBUG 5252 --- [school-manager] [restartedMain] org.hibernate.SQL                        : select count(g1_0.id)>0 from grades g1_0 where lower(g1_0.student_code)=lower(?) or lower(g1_0.student_id)=lower(?)
2026-10-01T10:26:09.812+07:00 DEBUG 5252 --- [school-manager] [restartedMain] org.hibernate.SQL                        : select count(g1_0.id)>0 from grades g1_0 where lower(g1_0.student_code)=lower(?) or lower(g1_0.student_id)=lower(?)
2026-10-01T10:26:09.816+07:00 DEBUG 5252 --- [school-manager] [restartedMain] org.hibernate.SQL                        : select count(g1_0.id)>0 from grades g1_0 where lower(g1_0.student_code)=lower(?) or lower(g1_0.student_id)=lower(?)
2026-10-01T10:26:09.822+07:00 DEBUG 5252 --- [school-manager] [restartedMain] org.hibernate.SQL                        : select count(g1_0.id)>0 from grades g1_0 where lower(g1_0.student_code)=lower(?) or lower(g1_0.student_id)=lower(?)
2026-10-01T10:26:09.825+07:00 DEBUG 5252 --- [school-manager] [restartedMain] org.hibernate.SQL                        : select count(g1_0.id)>0 from grades g1_0 where lower(g1_0.student_code)=lower(?) or lower(g1_0.student_id)=lower(?)
2026-10-01T10:26:09.828+07:00 DEBUG 5252 --- [school-manager] [restartedMain] org.hibernate.SQL                        : select count(g1_0.id)>0 from grades g1_0 where lower(g1_0.student_code)=lower(?) or lower(g1_0.student_id)=lower(?)
2026-10-01T10:26:09.830+07:00 DEBUG 5252 --- [school-manager] [restartedMain] org.hibernate.SQL                        : select count(g1_0.id)>0 from grades g1_0 where lower(g1_0.student_code)=lower(?) or lower(g1_0.student_id)=lower(?)
2026-10-01T10:26:09.836+07:00 DEBUG 5252 --- [school-manager] [restartedMain] org.hibernate.SQL                        : select count(g1_0.id)>0 from grades g1_0 where lower(g1_0.student_code)=lower(?) or lower(g1_0.student_id)=lower(?)
2026-10-01T10:26:09.840+07:00 DEBUG 5252 --- [school-manager] [restartedMain] org.hibernate.SQL                        : select count(g1_0.id)>0 from grades g1_0 where lower(g1_0.student_code)=lower(?) or lower(g1_0.student_id)=lower(?)
2026-10-01T10:26:09.844+07:00 DEBUG 5252 --- [school-manager] [restartedMain] org.hibernate.SQL                        : select count(g1_0.id)>0 from grades g1_0 where lower(g1_0.student_code)=lower(?) or lower(g1_0.student_id)=lower(?)
2026-10-01T10:26:09.847+07:00 DEBUG 5252 --- [school-manager] [restartedMain] org.hibernate.SQL                        : select count(g1_0.id)>0 from grades g1_0 where lower(g1_0.student_code)=lower(?) or lower(g1_0.student_id)=lower(?)
2026-10-01T10:26:09.850+07:00 DEBUG 5252 --- [school-manager] [restartedMain] org.hibernate.SQL                        : select count(g1_0.id)>0 from grades g1_0 where lower(g1_0.student_code)=lower(?) or lower(g1_0.student_id)=lower(?)
2026-10-01T10:26:09.853+07:00 DEBUG 5252 --- [school-manager] [restartedMain] org.hibernate.SQL                        : select count(g1_0.id)>0 from grades g1_0 where lower(g1_0.student_code)=lower(?) or lower(g1_0.student_id)=lower(?)
2026-10-01T10:26:09.857+07:00 DEBUG 5252 --- [school-manager] [restartedMain] org.hibernate.SQL                        : select count(g1_0.id)>0 from grades g1_0 where lower(g1_0.student_code)=lower(?) or lower(g1_0.student_id)=lower(?)
2026-10-01T10:26:09.859+07:00 DEBUG 5252 --- [school-manager] [restartedMain] org.hibernate.SQL                        : select count(g1_0.id)>0 from grades g1_0 where lower(g1_0.student_code)=lower(?) or lower(g1_0.student_id)=lower(?)
2026-10-01T10:26:09.862+07:00 DEBUG 5252 --- [school-manager] [restartedMain] org.hibernate.SQL                        : select count(g1_0.id)>0 from grades g1_0 where lower(g1_0.student_code)=lower(?) or lower(g1_0.student_id)=lower(?)
2026-10-01T10:26:09.865+07:00 DEBUG 5252 --- [school-manager] [restartedMain] org.hibernate.SQL                        : select count(g1_0.id)>0 from grades g1_0 where lower(g1_0.student_code)=lower(?) or lower(g1_0.student_id)=lower(?)
2026-10-01T10:26:09.868+07:00 DEBUG 5252 --- [school-manager] [restartedMain] org.hibernate.SQL                        : select count(g1_0.id)>0 from grades g1_0 where lower(g1_0.student_code)=lower(?) or lower(g1_0.student_id)=lower(?)
2026-10-01T10:26:09.871+07:00 DEBUG 5252 --- [school-manager] [restartedMain] org.hibernate.SQL                        : select count(g1_0.id)>0 from grades g1_0 where lower(g1_0.student_code)=lower(?) or lower(g1_0.student_id)=lower(?)
2026-10-01T10:26:09.873+07:00 DEBUG 5252 --- [school-manager] [restartedMain] org.hibernate.SQL                        : select count(g1_0.id)>0 from grades g1_0 where lower(g1_0.student_code)=lower(?) or lower(g1_0.student_id)=lower(?)
2026-10-01T10:26:09.876+07:00 DEBUG 5252 --- [school-manager] [restartedMain] org.hibernate.SQL                        : select count(g1_0.id)>0 from grades g1_0 where lower(g1_0.student_code)=lower(?) or lower(g1_0.student_id)=lower(?)
2026-10-01T10:26:09.878+07:00 DEBUG 5252 --- [school-manager] [restartedMain] org.hibernate.SQL                        : select count(g1_0.id)>0 from grades g1_0 where lower(g1_0.student_code)=lower(?) or lower(g1_0.student_id)=lower(?)
2026-10-01T10:26:09.881+07:00 DEBUG 5252 --- [school-manager] [restartedMain] org.hibernate.SQL                        : select count(g1_0.id)>0 from grades g1_0 where lower(g1_0.student_code)=lower(?) or lower(g1_0.student_id)=lower(?)
2026-10-01T10:26:09.884+07:00 DEBUG 5252 --- [school-manager] [restartedMain] org.hibernate.SQL                        : select count(g1_0.id)>0 from grades g1_0 where lower(g1_0.student_code)=lower(?) or lower(g1_0.student_id)=lower(?)
2026-10-01T10:26:09.887+07:00 DEBUG 5252 --- [school-manager] [restartedMain] org.hibernate.SQL                        : select count(g1_0.id)>0 from grades g1_0 where lower(g1_0.student_code)=lower(?) or lower(g1_0.student_id)=lower(?)
2026-10-01T10:26:09.889+07:00 DEBUG 5252 --- [school-manager] [restartedMain] org.hibernate.SQL                        : select count(g1_0.id)>0 from grades g1_0 where lower(g1_0.student_code)=lower(?) or lower(g1_0.student_id)=lower(?)
2026-10-01T10:26:09.892+07:00 DEBUG 5252 --- [school-manager] [restartedMain] org.hibernate.SQL                        : select count(g1_0.id)>0 from grades g1_0 where lower(g1_0.student_code)=lower(?) or lower(g1_0.student_id)=lower(?)
2026-10-01T10:26:09.895+07:00 DEBUG 5252 --- [school-manager] [restartedMain] org.hibernate.SQL                        : select count(g1_0.id)>0 from grades g1_0 where lower(g1_0.student_code)=lower(?) or lower(g1_0.student_id)=lower(?)
2026-10-01T10:26:09.898+07:00 DEBUG 5252 --- [school-manager] [restartedMain] org.hibernate.SQL                        : select count(g1_0.id)>0 from grades g1_0 where lower(g1_0.student_code)=lower(?) or lower(g1_0.student_id)=lower(?)
2026-10-01T10:26:09.900+07:00 DEBUG 5252 --- [school-manager] [restartedMain] org.hibernate.SQL                        : select count(g1_0.id)>0 from grades g1_0 where lower(g1_0.student_code)=lower(?) or lower(g1_0.student_id)=lower(?)
2026-10-01T10:26:09.903+07:00 DEBUG 5252 --- [school-manager] [restartedMain] org.hibernate.SQL                        : select count(g1_0.id)>0 from grades g1_0 where lower(g1_0.student_code)=lower(?) or lower(g1_0.student_id)=lower(?)
2026-10-01T10:26:09.905+07:00 DEBUG 5252 --- [school-manager] [restartedMain] org.hibernate.SQL                        : select count(g1_0.id)>0 from grades g1_0 where lower(g1_0.student_code)=lower(?) or lower(g1_0.student_id)=lower(?)
2026-10-01T10:26:09.907+07:00 DEBUG 5252 --- [school-manager] [restartedMain] org.hibernate.SQL                        : select count(g1_0.id)>0 from grades g1_0 where lower(g1_0.student_code)=lower(?) or lower(g1_0.student_id)=lower(?)
2026-10-01T10:26:09.909+07:00 DEBUG 5252 --- [school-manager] [restartedMain] org.hibernate.SQL                        : select count(g1_0.id)>0 from grades g1_0 where lower(g1_0.student_code)=lower(?) or lower(g1_0.student_id)=lower(?)
2026-10-01T10:26:09.912+07:00 DEBUG 5252 --- [school-manager] [restartedMain] org.hibernate.SQL                        : select count(g1_0.id)>0 from grades g1_0 where lower(g1_0.student_code)=lower(?) or lower(g1_0.student_id)=lower(?)
2026-10-01T10:26:09.915+07:00 DEBUG 5252 --- [school-manager] [restartedMain] org.hibernate.SQL                        : select count(g1_0.id)>0 from grades g1_0 where lower(g1_0.student_code)=lower(?) or lower(g1_0.student_id)=lower(?)
2026-10-01T10:31:07.170+07:00  INFO 5252 --- [school-manager] [SpringApplicationShutdownHook] o.s.b.w.e.tomcat.GracefulShutdown        : Commencing graceful shutdown. Waiting for active requests to complete
2026-10-01T10:31:07.176+07:00  INFO 5252 --- [school-manager] [tomcat-shutdown] o.s.b.w.e.tomcat.GracefulShutdown        : Graceful shutdown complete
2026-10-01T10:31:07.180+07:00  INFO 5252 --- [school-manager] [SpringApplicationShutdownHook] j.LocalContainerEntityManagerFactoryBean : Closing JPA EntityManagerFactory for persistence unit 'default'
2026-10-01T10:31:07.186+07:00  INFO 5252 --- [school-manager] [SpringApplicationShutdownHook] com.zaxxer.hikari.HikariDataSource       : HikariPool-1 - Shutdown initiated...
2026-10-01T10:31:07.196+07:00  INFO 5252 --- [school-manager] [SpringApplicationShutdownHook] com.zaxxer.hikari.HikariDataSource       : HikariPool-1 - Shutdown completed.
2026-10-01T10:31:12.081+07:00  INFO 31924 --- [school-manager] [restartedMain] .e.DevToolsPropertyDefaultsPostProcessor : Devtools property defaults active! Set 'spring.devtools.add-properties' to 'false' to disable
2026-10-01T10:31:12.083+07:00  INFO 31924 --- [school-manager] [restartedMain] .e.DevToolsPropertyDefaultsPostProcessor : For additional web related logging consider setting the 'logging.level.web' property to 'DEBUG'
2026-10-01T10:31:12.769+07:00  INFO 31924 --- [school-manager] [restartedMain] .s.d.r.c.RepositoryConfigurationDelegate : Bootstrapping Spring Data JPA repositories in DEFAULT mode.
2026-10-01T10:31:12.833+07:00  INFO 31924 --- [school-manager] [restartedMain] .s.d.r.c.RepositoryConfigurationDelegate : Finished Spring Data repository scanning in 55 ms. Found 3 JPA repository interfaces.
2026-10-01T10:31:13.318+07:00  INFO 31924 --- [school-manager] [restartedMain] o.s.b.w.embedded.tomcat.TomcatWebServer  : Tomcat initialized with port 8080 (http)
2026-10-01T10:31:13.331+07:00  INFO 31924 --- [school-manager] [restartedMain] o.apache.catalina.core.StandardService   : Starting service [Tomcat]
2026-10-01T10:31:13.331+07:00  INFO 31924 --- [school-manager] [restartedMain] o.apache.catalina.core.StandardEngine    : Starting Servlet engine: [Apache Tomcat/10.1.34]
2026-10-01T10:31:13.380+07:00  INFO 31924 --- [school-manager] [restartedMain] o.a.c.c.C.[Tomcat].[localhost].[/]       : Initializing Spring embedded WebApplicationContext
2026-10-01T10:31:13.380+07:00  INFO 31924 --- [school-manager] [restartedMain] w.s.c.ServletWebServerApplicationContext : Root WebApplicationContext: initialization completed in 1297 ms
2026-10-01T10:31:13.526+07:00  INFO 31924 --- [school-manager] [restartedMain] o.hibernate.jpa.internal.util.LogHelper  : HHH000204: Processing PersistenceUnitInfo [name: default]
2026-10-01T10:31:13.585+07:00  INFO 31924 --- [school-manager] [restartedMain] org.hibernate.Version                    : HHH000412: Hibernate ORM core version 6.6.5.Final
2026-10-01T10:31:13.613+07:00  INFO 31924 --- [school-manager] [restartedMain] o.h.c.internal.RegionFactoryInitiator    : HHH000026: Second-level cache disabled
2026-10-01T10:31:13.861+07:00  INFO 31924 --- [school-manager] [restartedMain] o.s.o.j.p.SpringPersistenceUnitInfo      : No LoadTimeWeaver setup: ignoring JPA class transformer
2026-10-01T10:31:13.885+07:00  INFO 31924 --- [school-manager] [restartedMain] com.zaxxer.hikari.HikariDataSource       : HikariPool-1 - Starting...
2026-10-01T10:31:14.029+07:00  INFO 31924 --- [school-manager] [restartedMain] com.zaxxer.hikari.pool.HikariPool        : HikariPool-1 - Added connection com.mysql.cj.jdbc.ConnectionImpl@2420bcc6
2026-10-01T10:31:14.030+07:00  INFO 31924 --- [school-manager] [restartedMain] com.zaxxer.hikari.HikariDataSource       : HikariPool-1 - Start completed.
2026-10-01T10:31:14.106+07:00  INFO 31924 --- [school-manager] [restartedMain] org.hibernate.orm.connections.pooling    : HHH10001005: Database info:
	Database JDBC URL [Connecting through datasource 'HikariDataSource (HikariPool-1)']
	Database driver: undefined/unknown
	Database version: 8.0.46
	Autocommit mode: undefined/unknown
	Isolation level: undefined/unknown
	Minimum pool size: undefined/unknown
	Maximum pool size: undefined/unknown
2026-10-01T10:31:14.943+07:00  INFO 31924 --- [school-manager] [restartedMain] o.h.e.t.j.p.i.JtaPlatformInitiator       : HHH000489: No JTA platform available (set 'hibernate.transaction.jta.platform' to enable JTA platform integration)
2026-10-01T10:31:15.039+07:00  INFO 31924 --- [school-manager] [restartedMain] j.LocalContainerEntityManagerFactoryBean : Initialized JPA EntityManagerFactory for persistence unit 'default'
2026-10-01T10:31:15.263+07:00  INFO 31924 --- [school-manager] [restartedMain] o.s.d.j.r.query.QueryEnhancerFactory     : Hibernate is in classpath; If applicable, HQL parser will be used.
2026-10-01T10:31:16.194+07:00  WARN 31924 --- [school-manager] [restartedMain] JpaBaseConfiguration$JpaWebConfiguration : spring.jpa.open-in-view is enabled by default. Therefore, database queries may be performed during view rendering. Explicitly configure spring.jpa.open-in-view to disable this warning
2026-10-01T10:31:16.214+07:00  WARN 31924 --- [school-manager] [restartedMain] .s.s.UserDetailsServiceAutoConfiguration : 

Using generated security password: b71209a0-627c-4e71-a246-f34da740ba29

This generated password is for development use only. Your security configuration must be updated before running your application in production.

2026-10-01T10:31:16.242+07:00  INFO 31924 --- [school-manager] [restartedMain] r$InitializeUserDetailsManagerConfigurer : Global AuthenticationManager configured with UserDetailsService bean with name inMemoryUserDetailsManager
2026-10-01T10:31:16.611+07:00  INFO 31924 --- [school-manager] [restartedMain] o.s.b.a.h2.H2ConsoleAutoConfiguration    : H2 console available at '/h2-console'. Database available at 'jdbc:mysql://localhost:3306/school_db?useSSL=false&serverTimezone=UTC&allowPublicKeyRetrieval=true'
2026-10-01T10:31:16.666+07:00  INFO 31924 --- [school-manager] [restartedMain] o.s.b.d.a.OptionalLiveReloadServer       : LiveReload server is running on port 35729
2026-10-01T10:31:16.696+07:00  INFO 31924 --- [school-manager] [restartedMain] o.s.b.w.embedded.tomcat.TomcatWebServer  : Tomcat started on port 8080 (http) with context path '/'
2026-10-01T10:31:16.828+07:00 DEBUG 31924 --- [school-manager] [restartedMain] org.hibernate.SQL                        : select count(*) from members m1_0
2026-10-01T10:31:16.848+07:00 DEBUG 31924 --- [school-manager] [restartedMain] org.hibernate.SQL                        : select count(*) from school_classes sc1_0
2026-10-01T10:31:51.116+07:00  INFO 31924 --- [school-manager] [http-nio-8080-exec-1] o.a.c.c.C.[Tomcat].[localhost].[/]       : Initializing Spring DispatcherServlet 'dispatcherServlet'
2026-10-01T10:31:51.116+07:00  INFO 31924 --- [school-manager] [http-nio-8080-exec-1] o.s.web.servlet.DispatcherServlet        : Initializing Servlet 'dispatcherServlet'
2026-10-01T10:31:51.118+07:00  INFO 31924 --- [school-manager] [http-nio-8080-exec-1] o.s.web.servlet.DispatcherServlet        : Completed initialization in 2 ms
2026-10-01T10:31:51.222+07:00 DEBUG 31924 --- [school-manager] [http-nio-8080-exec-1] org.hibernate.SQL                        : select distinct g1_0.id,g1_0.english,g1_0.english_final,g1_0.english_m15,g1_0.english_mid,g1_0.english_oral,g1_0.gpa,g1_0.literature,g1_0.literature_final,g1_0.literature_m15,g1_0.literature_mid,g1_0.literature_oral,g1_0.math,g1_0.math_final,g1_0.math_m15,g1_0.math_mid,g1_0.math_oral,g1_0.student_code,g1_0.student_id from grades g1_0 where (g1_0.student_id in ((select m1_0.code from members m1_0 where lower(m1_0.role)=?)) or g1_0.student_id in ((select m2_0.id from members m2_0 where lower(m2_0.role)=?)) or g1_0.student_code in ((select m3_0.code from members m3_0 where lower(m3_0.role)=?))) limit ?,?
2026-10-01T10:31:51.250+07:00 DEBUG 31924 --- [school-manager] [http-nio-8080-exec-1] org.hibernate.SQL                        : select count(g1_0.id) from grades g1_0 where (g1_0.student_id in ((select m1_0.code from members m1_0 where lower(m1_0.role)=?)) or g1_0.student_id in ((select m2_0.id from members m2_0 where lower(m2_0.role)=?)) or g1_0.student_code in ((select m3_0.code from members m3_0 where lower(m3_0.role)=?)))
2026-10-01T10:31:51.262+07:00 DEBUG 31924 --- [school-manager] [http-nio-8080-exec-1] org.hibernate.SQL                        : select m1_0.id,m1_0.class_name,m1_0.code,m1_0.email,m1_0.must_change_password,m1_0.name,m1_0.password,m1_0.role,m1_0.subject from members m1_0
2026-10-01T10:31:51.294+07:00 DEBUG 31924 --- [school-manager] [http-nio-8080-exec-1] org.hibernate.SQL                        : select ac1_0.member_id,ac1_0.class_id from member_assigned_classes ac1_0 where ac1_0.member_id in (?,?,?,?,?,?,?,?,?,?,?,?,?,?,?,?,?,?,?,?,?,?,?,?,?,?,?,?,?,?,?,?,?,?,?,?,?,?,?,?,?,?,?,?,?,?,?,?,?,?)
2026-10-01T10:31:52.055+07:00 DEBUG 31924 --- [school-manager] [http-nio-8080-exec-3] org.hibernate.SQL                        : select m1_0.class_name,count(m1_0.id) from members m1_0 where m1_0.role='student' and m1_0.class_name is not null group by m1_0.class_name
2026-10-01T10:31:52.069+07:00 DEBUG 31924 --- [school-manager] [http-nio-8080-exec-3] org.hibernate.SQL                        : select ac1_0.class_id,count(distinct m1_0.id) from members m1_0 join member_assigned_classes ac1_0 on m1_0.id=ac1_0.member_id where m1_0.role='teacher' group by ac1_0.class_id
2026-10-01T10:31:52.076+07:00 DEBUG 31924 --- [school-manager] [http-nio-8080-exec-3] org.hibernate.SQL                        : select sc1_0.id,sc1_0.code,sc1_0.name from school_classes sc1_0
2026-10-01T10:32:23.917+07:00 DEBUG 31924 --- [school-manager] [http-nio-8080-exec-2] org.hibernate.SQL                        : select m1_0.id,m1_0.class_name,m1_0.code,m1_0.email,m1_0.must_change_password,m1_0.name,m1_0.password,m1_0.role,m1_0.subject from members m1_0 where m1_0.code=?
2026-10-01T10:32:23.924+07:00 DEBUG 31924 --- [school-manager] [http-nio-8080-exec-2] org.hibernate.SQL                        : select m1_0.id,m1_0.class_name,m1_0.code,m1_0.email,m1_0.must_change_password,m1_0.name,m1_0.password,m1_0.role,m1_0.subject from members m1_0 where lower(m1_0.email)=lower(?)
2026-10-01T10:32:23.949+07:00 DEBUG 31924 --- [school-manager] [http-nio-8080-exec-2] org.hibernate.SQL                        : insert into members (class_name,code,email,must_change_password,name,password,role,subject) values (?,?,?,?,?,?,?,?)
2026-10-01T10:32:23.984+07:00 DEBUG 31924 --- [school-manager] [http-nio-8080-exec-2] org.hibernate.SQL                        : select count(g1_0.id)>0 from grades g1_0 where g1_0.student_id=? or lower(g1_0.student_code)=lower(?)
2026-10-01T10:32:23.990+07:00 DEBUG 31924 --- [school-manager] [http-nio-8080-exec-2] org.hibernate.SQL                        : select count(g1_0.id)>0 from grades g1_0 where lower(g1_0.student_code)=lower(?) or lower(g1_0.student_id)=lower(?)
2026-10-01T10:32:23.998+07:00 DEBUG 31924 --- [school-manager] [http-nio-8080-exec-2] org.hibernate.SQL                        : insert into grades (english,english_final,english_m15,english_mid,english_oral,gpa,literature,literature_final,literature_m15,literature_mid,literature_oral,math,math_final,math_m15,math_mid,math_oral,student_code,student_id) values (?,?,?,?,?,?,?,?,?,?,?,?,?,?,?,?,?,?)
2026-10-01T10:32:24.103+07:00  WARN 31924 --- [school-manager] [http-nio-8080-exec-2] o.h.engine.jdbc.spi.SqlExceptionHelper   : SQL Error: 1452, SQLState: 23000
2026-10-01T10:32:24.103+07:00 ERROR 31924 --- [school-manager] [http-nio-8080-exec-2] o.h.engine.jdbc.spi.SqlExceptionHelper   : Cannot add or update a child row: a foreign key constraint fails (`school_db`.`grades`, CONSTRAINT `fk_grade_student_code` FOREIGN KEY (`student_id`) REFERENCES `members` (`code`) ON DELETE CASCADE)
2026-10-01T10:32:24.112+07:00  WARN 31924 --- [school-manager] [http-nio-8080-exec-2] c.s.m.service.impl.SchoolServiceImpl     : Không thể khởi tạo bản ghi điểm ban đầu cho học sinh HS187: could not execute statement [Cannot add or update a child row: a foreign key constraint fails (`school_db`.`grades`, CONSTRAINT `fk_grade_student_code` FOREIGN KEY (`student_id`) REFERENCES `members` (`code`) ON DELETE CASCADE)] [insert into grades (english,english_final,english_m15,english_mid,english_oral,gpa,literature,literature_final,literature_m15,literature_mid,literature_oral,math,math_final,math_m15,math_mid,math_oral,student_code,student_id) values (?,?,?,?,?,?,?,?,?,?,?,?,?,?,?,?,?,?)]; SQL [insert into grades (english,english_final,english_m15,english_mid,english_oral,gpa,literature,literature_final,literature_m15,literature_mid,literature_oral,math,math_final,math_m15,math_mid,math_oral,student_code,student_id) values (?,?,?,?,?,?,?,?,?,?,?,?,?,?,?,?,?,?)]; constraint [null]
2026-10-01T10:32:24.128+07:00 ERROR 31924 --- [school-manager] [http-nio-8080-exec-2] c.s.m.exception.GlobalExceptionHandler   : Unhandled Exception: 

org.springframework.transaction.UnexpectedRollbackException: Transaction silently rolled back because it has been marked as rollback-only
	at org.springframework.transaction.support.AbstractPlatformTransactionManager.processCommit(AbstractPlatformTransactionManager.java:804) ~[spring-tx-6.2.2.jar:6.2.2]
	at org.springframework.transaction.support.AbstractPlatformTransactionManager.commit(AbstractPlatformTransactionManager.java:758) ~[spring-tx-6.2.2.jar:6.2.2]
	at org.springframework.transaction.interceptor.TransactionAspectSupport.commitTransactionAfterReturning(TransactionAspectSupport.java:698) ~[spring-tx-6.2.2.jar:6.2.2]
	at org.springframework.transaction.interceptor.TransactionAspectSupport.invokeWithinTransaction(TransactionAspectSupport.java:416) ~[spring-tx-6.2.2.jar:6.2.2]
	at org.springframework.transaction.interceptor.TransactionInterceptor.invoke(TransactionInterceptor.java:119) ~[spring-tx-6.2.2.jar:6.2.2]
	at org.springframework.aop.framework.ReflectiveMethodInvocation.proceed(ReflectiveMethodInvocation.java:184) ~[spring-aop-6.2.2.jar:6.2.2]
	at org.springframework.aop.framework.CglibAopProxy$DynamicAdvisedInterceptor.intercept(CglibAopProxy.java:727) ~[spring-aop-6.2.2.jar:6.2.2]
	at com.school.manager.service.impl.SchoolServiceImpl$$SpringCGLIB$$0.createStudent(<generated>) ~[classes/:na]
	at com.school.manager.controller.SchoolController.createStudent(SchoolController.java:110) ~[classes/:na]
	at java.base/jdk.internal.reflect.DirectMethodHandleAccessor.invoke(DirectMethodHandleAccessor.java:103) ~[na:na]
	at java.base/java.lang.reflect.Method.invoke(Method.java:580) ~[na:na]
	at org.springframework.web.method.support.InvocableHandlerMethod.doInvoke(InvocableHandlerMethod.java:257) ~[spring-web-6.2.2.jar:6.2.2]
	at org.springframework.web.method.support.InvocableHandlerMethod.invokeForRequest(InvocableHandlerMethod.java:190) ~[spring-web-6.2.2.jar:6.2.2]
	at org.springframework.web.servlet.mvc.method.annotation.ServletInvocableHandlerMethod.invokeAndHandle(ServletInvocableHandlerMethod.java:118) ~[spring-webmvc-6.2.2.jar:6.2.2]
	at org.springframework.web.servlet.mvc.method.annotation.RequestMappingHandlerAdapter.invokeHandlerMethod(RequestMappingHandlerAdapter.java:986) ~[spring-webmvc-6.2.2.jar:6.2.2]
	at org.springframework.web.servlet.mvc.method.annotation.RequestMappingHandlerAdapter.handleInternal(RequestMappingHandlerAdapter.java:891) ~[spring-webmvc-6.2.2.jar:6.2.2]
	at org.springframework.web.servlet.mvc.method.AbstractHandlerMethodAdapter.handle(AbstractHandlerMethodAdapter.java:87) ~[spring-webmvc-6.2.2.jar:6.2.2]
	at org.springframework.web.servlet.DispatcherServlet.doDispatch(DispatcherServlet.java:1088) ~[spring-webmvc-6.2.2.jar:6.2.2]
	at org.springframework.web.servlet.DispatcherServlet.doService(DispatcherServlet.java:978) ~[spring-webmvc-6.2.2.jar:6.2.2]
	at org.springframework.web.servlet.FrameworkServlet.processRequest(FrameworkServlet.java:1014) ~[spring-webmvc-6.2.2.jar:6.2.2]
	at org.springframework.web.servlet.FrameworkServlet.doPost(FrameworkServlet.java:914) ~[spring-webmvc-6.2.2.jar:6.2.2]
	at jakarta.servlet.http.HttpServlet.service(HttpServlet.java:590) ~[tomcat-embed-core-10.1.34.jar:6.0]
	at org.springframework.web.servlet.FrameworkServlet.service(FrameworkServlet.java:885) ~[spring-webmvc-6.2.2.jar:6.2.2]
	at jakarta.servlet.http.HttpServlet.service(HttpServlet.java:658) ~[tomcat-embed-core-10.1.34.jar:6.0]
	at org.apache.catalina.core.ApplicationFilterChain.internalDoFilter(ApplicationFilterChain.java:195) ~[tomcat-embed-core-10.1.34.jar:10.1.34]
	at org.apache.catalina.core.ApplicationFilterChain.doFilter(ApplicationFilterChain.java:140) ~[tomcat-embed-core-10.1.34.jar:10.1.34]
	at org.apache.tomcat.websocket.server.WsFilter.doFilter(WsFilter.java:51) ~[tomcat-embed-websocket-10.1.34.jar:10.1.34]
	at org.apache.catalina.core.ApplicationFilterChain.internalDoFilter(ApplicationFilterChain.java:164) ~[tomcat-embed-core-10.1.34.jar:10.1.34]
	at org.apache.catalina.core.ApplicationFilterChain.doFilter(ApplicationFilterChain.java:140) ~[tomcat-embed-core-10.1.34.jar:10.1.34]
	at org.springframework.web.filter.CompositeFilter$VirtualFilterChain.doFilter(CompositeFilter.java:108) ~[spring-web-6.2.2.jar:6.2.2]
	at org.springframework.security.web.FilterChainProxy.lambda$doFilterInternal$3(FilterChainProxy.java:231) ~[spring-security-web-6.4.2.jar:6.4.2]
	at org.springframework.security.web.FilterChainProxy$VirtualFilterChain.doFilter(FilterChainProxy.java:365) ~[spring-security-web-6.4.2.jar:6.4.2]
	at org.springframework.security.web.access.ExceptionTranslationFilter.doFilter(ExceptionTranslationFilter.java:126) ~[spring-security-web-6.4.2.jar:6.4.2]
	at org.springframework.security.web.access.ExceptionTranslationFilter.doFilter(ExceptionTranslationFilter.java:120) ~[spring-security-web-6.4.2.jar:6.4.2]
	at org.springframework.security.web.FilterChainProxy$VirtualFilterChain.doFilter(FilterChainProxy.java:374) ~[spring-security-web-6.4.2.jar:6.4.2]
	at org.springframework.security.web.authentication.AnonymousAuthenticationFilter.doFilter(AnonymousAuthenticationFilter.java:100) ~[spring-security-web-6.4.2.jar:6.4.2]
	at org.springframework.security.web.FilterChainProxy$VirtualFilterChain.doFilter(FilterChainProxy.java:374) ~[spring-security-web-6.4.2.jar:6.4.2]
	at org.springframework.security.web.servletapi.SecurityContextHolderAwareRequestFilter.doFilter(SecurityContextHolderAwareRequestFilter.java:179) ~[spring-security-web-6.4.2.jar:6.4.2]
	at org.springframework.security.web.FilterChainProxy$VirtualFilterChain.doFilter(FilterChainProxy.java:374) ~[spring-security-web-6.4.2.jar:6.4.2]
	at org.springframework.security.web.savedrequest.RequestCacheAwareFilter.doFilter(RequestCacheAwareFilter.java:63) ~[spring-security-web-6.4.2.jar:6.4.2]
	at org.springframework.security.web.FilterChainProxy$VirtualFilterChain.doFilter(FilterChainProxy.java:374) ~[spring-security-web-6.4.2.jar:6.4.2]
	at org.springframework.security.web.authentication.logout.LogoutFilter.doFilter(LogoutFilter.java:107) ~[spring-security-web-6.4.2.jar:6.4.2]
	at org.springframework.security.web.authentication.logout.LogoutFilter.doFilter(LogoutFilter.java:93) ~[spring-security-web-6.4.2.jar:6.4.2]
	at org.springframework.security.web.FilterChainProxy$VirtualFilterChain.doFilter(FilterChainProxy.java:374) ~[spring-security-web-6.4.2.jar:6.4.2]
	at org.springframework.web.filter.CorsFilter.doFilterInternal(CorsFilter.java:91) ~[spring-web-6.2.2.jar:6.2.2]
	at org.springframework.web.filter.OncePerRequestFilter.doFilter(OncePerRequestFilter.java:116) ~[spring-web-6.2.2.jar:6.2.2]
	at org.springframework.security.web.FilterChainProxy$VirtualFilterChain.doFilter(FilterChainProxy.java:374) ~[spring-security-web-6.4.2.jar:6.4.2]
	at org.springframework.security.web.header.HeaderWriterFilter.doHeadersAfter(HeaderWriterFilter.java:90) ~[spring-security-web-6.4.2.jar:6.4.2]
	at org.springframework.security.web.header.HeaderWriterFilter.doFilterInternal(HeaderWriterFilter.java:75) ~[spring-security-web-6.4.2.jar:6.4.2]
	at org.springframework.web.filter.OncePerRequestFilter.doFilter(OncePerRequestFilter.java:116) ~[spring-web-6.2.2.jar:6.2.2]
	at org.springframework.security.web.FilterChainProxy$VirtualFilterChain.doFilter(FilterChainProxy.java:374) ~[spring-security-web-6.4.2.jar:6.4.2]
	at org.springframework.security.web.context.SecurityContextHolderFilter.doFilter(SecurityContextHolderFilter.java:82) ~[spring-security-web-6.4.2.jar:6.4.2]
	at org.springframework.security.web.context.SecurityContextHolderFilter.doFilter(SecurityContextHolderFilter.java:69) ~[spring-security-web-6.4.2.jar:6.4.2]
	at org.springframework.security.web.FilterChainProxy$VirtualFilterChain.doFilter(FilterChainProxy.java:374) ~[spring-security-web-6.4.2.jar:6.4.2]
	at org.springframework.security.web.context.request.async.WebAsyncManagerIntegrationFilter.doFilterInternal(WebAsyncManagerIntegrationFilter.java:62) ~[spring-security-web-6.4.2.jar:6.4.2]
	at org.springframework.web.filter.OncePerRequestFilter.doFilter(OncePerRequestFilter.java:116) ~[spring-web-6.2.2.jar:6.2.2]
	at org.springframework.security.web.FilterChainProxy$VirtualFilterChain.doFilter(FilterChainProxy.java:374) ~[spring-security-web-6.4.2.jar:6.4.2]
	at org.springframework.security.web.session.DisableEncodeUrlFilter.doFilterInternal(DisableEncodeUrlFilter.java:42) ~[spring-security-web-6.4.2.jar:6.4.2]
	at org.springframework.web.filter.OncePerRequestFilter.doFilter(OncePerRequestFilter.java:116) ~[spring-web-6.2.2.jar:6.2.2]
	at org.springframework.security.web.FilterChainProxy$VirtualFilterChain.doFilter(FilterChainProxy.java:374) ~[spring-security-web-6.4.2.jar:6.4.2]
	at org.springframework.security.web.FilterChainProxy.doFilterInternal(FilterChainProxy.java:233) ~[spring-security-web-6.4.2.jar:6.4.2]
	at org.springframework.security.web.FilterChainProxy.doFilter(FilterChainProxy.java:191) ~[spring-security-web-6.4.2.jar:6.4.2]
	at org.springframework.web.filter.CompositeFilter$VirtualFilterChain.doFilter(CompositeFilter.java:113) ~[spring-web-6.2.2.jar:6.2.2]
	at org.springframework.web.servlet.handler.HandlerMappingIntrospector.lambda$createCacheFilter$3(HandlerMappingIntrospector.java:243) ~[spring-webmvc-6.2.2.jar:6.2.2]
	at org.springframework.web.filter.CompositeFilter$VirtualFilterChain.doFilter(CompositeFilter.java:113) ~[spring-web-6.2.2.jar:6.2.2]
	at org.springframework.web.filter.CompositeFilter.doFilter(CompositeFilter.java:74) ~[spring-web-6.2.2.jar:6.2.2]
	at org.springframework.security.config.annotation.web.configuration.WebMvcSecurityConfiguration$CompositeFilterChainProxy.doFilter(WebMvcSecurityConfiguration.java:238) ~[spring-security-config-6.4.2.jar:6.4.2]
	at org.springframework.web.filter.DelegatingFilterProxy.invokeDelegate(DelegatingFilterProxy.java:362) ~[spring-web-6.2.2.jar:6.2.2]
	at org.springframework.web.filter.DelegatingFilterProxy.doFilter(DelegatingFilterProxy.java:278) ~[spring-web-6.2.2.jar:6.2.2]
	at org.apache.catalina.core.ApplicationFilterChain.internalDoFilter(ApplicationFilterChain.java:164) ~[tomcat-embed-core-10.1.34.jar:10.1.34]
	at org.apache.catalina.core.ApplicationFilterChain.doFilter(ApplicationFilterChain.java:140) ~[tomcat-embed-core-10.1.34.jar:10.1.34]
	at org.springframework.web.filter.RequestContextFilter.doFilterInternal(RequestContextFilter.java:100) ~[spring-web-6.2.2.jar:6.2.2]
	at org.springframework.web.filter.OncePerRequestFilter.doFilter(OncePerRequestFilter.java:116) ~[spring-web-6.2.2.jar:6.2.2]
	at org.apache.catalina.core.ApplicationFilterChain.internalDoFilter(ApplicationFilterChain.java:164) ~[tomcat-embed-core-10.1.34.jar:10.1.34]
	at org.apache.catalina.core.ApplicationFilterChain.doFilter(ApplicationFilterChain.java:140) ~[tomcat-embed-core-10.1.34.jar:10.1.34]
	at org.springframework.web.filter.FormContentFilter.doFilterInternal(FormContentFilter.java:93) ~[spring-web-6.2.2.jar:6.2.2]
	at org.springframework.web.filter.OncePerRequestFilter.doFilter(OncePerRequestFilter.java:116) ~[spring-web-6.2.2.jar:6.2.2]
	at org.apache.catalina.core.ApplicationFilterChain.internalDoFilter(ApplicationFilterChain.java:164) ~[tomcat-embed-core-10.1.34.jar:10.1.34]
	at org.apache.catalina.core.ApplicationFilterChain.doFilter(ApplicationFilterChain.java:140) ~[tomcat-embed-core-10.1.34.jar:10.1.34]
	at org.springframework.web.filter.CharacterEncodingFilter.doFilterInternal(CharacterEncodingFilter.java:201) ~[spring-web-6.2.2.jar:6.2.2]
	at org.springframework.web.filter.OncePerRequestFilter.doFilter(OncePerRequestFilter.java:116) ~[spring-web-6.2.2.jar:6.2.2]
	at org.apache.catalina.core.ApplicationFilterChain.internalDoFilter(ApplicationFilterChain.java:164) ~[tomcat-embed-core-10.1.34.jar:10.1.34]
	at org.apache.catalina.core.ApplicationFilterChain.doFilter(ApplicationFilterChain.java:140) ~[tomcat-embed-core-10.1.34.jar:10.1.34]
	at org.apache.catalina.core.StandardWrapperValve.invoke(StandardWrapperValve.java:167) ~[tomcat-embed-core-10.1.34.jar:10.1.34]
	at org.apache.catalina.core.StandardContextValve.invoke(StandardContextValve.java:90) ~[tomcat-embed-core-10.1.34.jar:10.1.34]
	at org.apache.catalina.authenticator.AuthenticatorBase.invoke(AuthenticatorBase.java:483) ~[tomcat-embed-core-10.1.34.jar:10.1.34]
	at org.apache.catalina.core.StandardHostValve.invoke(StandardHostValve.java:115) ~[tomcat-embed-core-10.1.34.jar:10.1.34]
	at org.apache.catalina.valves.ErrorReportValve.invoke(ErrorReportValve.java:93) ~[tomcat-embed-core-10.1.34.jar:10.1.34]
	at org.apache.catalina.core.StandardEngineValve.invoke(StandardEngineValve.java:74) ~[tomcat-embed-core-10.1.34.jar:10.1.34]
	at org.apache.catalina.connector.CoyoteAdapter.service(CoyoteAdapter.java:344) ~[tomcat-embed-core-10.1.34.jar:10.1.34]
	at org.apache.coyote.http11.Http11Processor.service(Http11Processor.java:397) ~[tomcat-embed-core-10.1.34.jar:10.1.34]
	at org.apache.coyote.AbstractProcessorLight.process(AbstractProcessorLight.java:63) ~[tomcat-embed-core-10.1.34.jar:10.1.34]
	at org.apache.coyote.AbstractProtocol$ConnectionHandler.process(AbstractProtocol.java:905) ~[tomcat-embed-core-10.1.34.jar:10.1.34]
	at org.apache.tomcat.util.net.NioEndpoint$SocketProcessor.doRun(NioEndpoint.java:1741) ~[tomcat-embed-core-10.1.34.jar:10.1.34]
	at org.apache.tomcat.util.net.SocketProcessorBase.run(SocketProcessorBase.java:52) ~[tomcat-embed-core-10.1.34.jar:10.1.34]
	at org.apache.tomcat.util.threads.ThreadPoolExecutor.runWorker(ThreadPoolExecutor.java:1190) ~[tomcat-embed-core-10.1.34.jar:10.1.34]
	at org.apache.tomcat.util.threads.ThreadPoolExecutor$Worker.run(ThreadPoolExecutor.java:659) ~[tomcat-embed-core-10.1.34.jar:10.1.34]
	at org.apache.tomcat.util.threads.TaskThread$WrappingRunnable.run(TaskThread.java:63) ~[tomcat-embed-core-10.1.34.jar:10.1.34]
	at java.base/java.lang.Thread.run(Thread.java:1583) ~[na:na]

2026-10-01T10:32:24.156+07:00  WARN 31924 --- [school-manager] [http-nio-8080-exec-2] .m.m.a.ExceptionHandlerExceptionResolver : Resolved [org.springframework.transaction.UnexpectedRollbackException: Transaction silently rolled back because it has been marked as rollback-only]
2026-10-01T10:32:24.182+07:00 DEBUG 31924 --- [school-manager] [http-nio-8080-exec-4] org.hibernate.SQL                        : select m1_0.id,m1_0.class_name,m1_0.code,m1_0.email,m1_0.must_change_password,m1_0.name,m1_0.password,m1_0.role,m1_0.subject from members m1_0 where m1_0.code=?
2026-10-01T10:32:24.188+07:00 DEBUG 31924 --- [school-manager] [http-nio-8080-exec-4] org.hibernate.SQL                        : select m1_0.id,m1_0.class_name,m1_0.code,m1_0.email,m1_0.must_change_password,m1_0.name,m1_0.password,m1_0.role,m1_0.subject from members m1_0 where lower(m1_0.email)=lower(?)
2026-10-01T10:32:24.196+07:00 DEBUG 31924 --- [school-manager] [http-nio-8080-exec-4] org.hibernate.SQL                        : insert into members (class_name,code,email,must_change_password,name,password,role,subject) values (?,?,?,?,?,?,?,?)
2026-10-01T10:32:24.205+07:00 DEBUG 31924 --- [school-manager] [http-nio-8080-exec-4] org.hibernate.SQL                        : select count(g1_0.id)>0 from grades g1_0 where g1_0.student_id=? or lower(g1_0.student_code)=lower(?)
2026-10-01T10:32:24.213+07:00 DEBUG 31924 --- [school-manager] [http-nio-8080-exec-4] org.hibernate.SQL                        : select count(g1_0.id)>0 from grades g1_0 where lower(g1_0.student_code)=lower(?) or lower(g1_0.student_id)=lower(?)
2026-10-01T10:32:24.216+07:00 DEBUG 31924 --- [school-manager] [http-nio-8080-exec-4] org.hibernate.SQL                        : insert into grades (english,english_final,english_m15,english_mid,english_oral,gpa,literature,literature_final,literature_m15,literature_mid,literature_oral,math,math_final,math_m15,math_mid,math_oral,student_code,student_id) values (?,?,?,?,?,?,?,?,?,?,?,?,?,?,?,?,?,?)
2026-10-01T10:32:24.218+07:00  WARN 31924 --- [school-manager] [http-nio-8080-exec-4] o.h.engine.jdbc.spi.SqlExceptionHelper   : SQL Error: 1452, SQLState: 23000
2026-10-01T10:32:24.218+07:00 ERROR 31924 --- [school-manager] [http-nio-8080-exec-4] o.h.engine.jdbc.spi.SqlExceptionHelper   : Cannot add or update a child row: a foreign key constraint fails (`school_db`.`grades`, CONSTRAINT `fk_grade_student_code` FOREIGN KEY (`student_id`) REFERENCES `members` (`code`) ON DELETE CASCADE)
2026-10-01T10:32:24.219+07:00  WARN 31924 --- [school-manager] [http-nio-8080-exec-4] c.s.m.service.impl.SchoolServiceImpl     : Không thể khởi tạo bản ghi điểm ban đầu cho học sinh HS187: could not execute statement [Cannot add or update a child row: a foreign key constraint fails (`school_db`.`grades`, CONSTRAINT `fk_grade_student_code` FOREIGN KEY (`student_id`) REFERENCES `members` (`code`) ON DELETE CASCADE)] [insert into grades (english,english_final,english_m15,english_mid,english_oral,gpa,literature,literature_final,literature_m15,literature_mid,literature_oral,math,math_final,math_m15,math_mid,math_oral,student_code,student_id) values (?,?,?,?,?,?,?,?,?,?,?,?,?,?,?,?,?,?)]; SQL [insert into grades (english,english_final,english_m15,english_mid,english_oral,gpa,literature,literature_final,literature_m15,literature_mid,literature_oral,math,math_final,math_m15,math_mid,math_oral,student_code,student_id) values (?,?,?,?,?,?,?,?,?,?,?,?,?,?,?,?,?,?)]; constraint [null]
2026-10-01T10:32:24.228+07:00 ERROR 31924 --- [school-manager] [http-nio-8080-exec-4] c.s.m.exception.GlobalExceptionHandler   : Unhandled Exception: 

org.springframework.transaction.UnexpectedRollbackException: Transaction silently rolled back because it has been marked as rollback-only
	at org.springframework.transaction.support.AbstractPlatformTransactionManager.processCommit(AbstractPlatformTransactionManager.java:804) ~[spring-tx-6.2.2.jar:6.2.2]
	at org.springframework.transaction.support.AbstractPlatformTransactionManager.commit(AbstractPlatformTransactionManager.java:758) ~[spring-tx-6.2.2.jar:6.2.2]
	at org.springframework.transaction.interceptor.TransactionAspectSupport.commitTransactionAfterReturning(TransactionAspectSupport.java:698) ~[spring-tx-6.2.2.jar:6.2.2]
	at org.springframework.transaction.interceptor.TransactionAspectSupport.invokeWithinTransaction(TransactionAspectSupport.java:416) ~[spring-tx-6.2.2.jar:6.2.2]
	at org.springframework.transaction.interceptor.TransactionInterceptor.invoke(TransactionInterceptor.java:119) ~[spring-tx-6.2.2.jar:6.2.2]
	at org.springframework.aop.framework.ReflectiveMethodInvocation.proceed(ReflectiveMethodInvocation.java:184) ~[spring-aop-6.2.2.jar:6.2.2]
	at org.springframework.aop.framework.CglibAopProxy$DynamicAdvisedInterceptor.intercept(CglibAopProxy.java:727) ~[spring-aop-6.2.2.jar:6.2.2]
	at com.school.manager.service.impl.SchoolServiceImpl$$SpringCGLIB$$0.createStudent(<generated>) ~[classes/:na]
	at com.school.manager.controller.SchoolController.createStudent(SchoolController.java:110) ~[classes/:na]
	at java.base/jdk.internal.reflect.DirectMethodHandleAccessor.invoke(DirectMethodHandleAccessor.java:103) ~[na:na]
	at java.base/java.lang.reflect.Method.invoke(Method.java:580) ~[na:na]
	at org.springframework.web.method.support.InvocableHandlerMethod.doInvoke(InvocableHandlerMethod.java:257) ~[spring-web-6.2.2.jar:6.2.2]
	at org.springframework.web.method.support.InvocableHandlerMethod.invokeForRequest(InvocableHandlerMethod.java:190) ~[spring-web-6.2.2.jar:6.2.2]
	at org.springframework.web.servlet.mvc.method.annotation.ServletInvocableHandlerMethod.invokeAndHandle(ServletInvocableHandlerMethod.java:118) ~[spring-webmvc-6.2.2.jar:6.2.2]
	at org.springframework.web.servlet.mvc.method.annotation.RequestMappingHandlerAdapter.invokeHandlerMethod(RequestMappingHandlerAdapter.java:986) ~[spring-webmvc-6.2.2.jar:6.2.2]
	at org.springframework.web.servlet.mvc.method.annotation.RequestMappingHandlerAdapter.handleInternal(RequestMappingHandlerAdapter.java:891) ~[spring-webmvc-6.2.2.jar:6.2.2]
	at org.springframework.web.servlet.mvc.method.AbstractHandlerMethodAdapter.handle(AbstractHandlerMethodAdapter.java:87) ~[spring-webmvc-6.2.2.jar:6.2.2]
	at org.springframework.web.servlet.DispatcherServlet.doDispatch(DispatcherServlet.java:1088) ~[spring-webmvc-6.2.2.jar:6.2.2]
	at org.springframework.web.servlet.DispatcherServlet.doService(DispatcherServlet.java:978) ~[spring-webmvc-6.2.2.jar:6.2.2]
	at org.springframework.web.servlet.FrameworkServlet.processRequest(FrameworkServlet.java:1014) ~[spring-webmvc-6.2.2.jar:6.2.2]
	at org.springframework.web.servlet.FrameworkServlet.doPost(FrameworkServlet.java:914) ~[spring-webmvc-6.2.2.jar:6.2.2]
	at jakarta.servlet.http.HttpServlet.service(HttpServlet.java:590) ~[tomcat-embed-core-10.1.34.jar:6.0]
	at org.springframework.web.servlet.FrameworkServlet.service(FrameworkServlet.java:885) ~[spring-webmvc-6.2.2.jar:6.2.2]
	at jakarta.servlet.http.HttpServlet.service(HttpServlet.java:658) ~[tomcat-embed-core-10.1.34.jar:6.0]
	at org.apache.catalina.core.ApplicationFilterChain.internalDoFilter(ApplicationFilterChain.java:195) ~[tomcat-embed-core-10.1.34.jar:10.1.34]
	at org.apache.catalina.core.ApplicationFilterChain.doFilter(ApplicationFilterChain.java:140) ~[tomcat-embed-core-10.1.34.jar:10.1.34]
	at org.apache.tomcat.websocket.server.WsFilter.doFilter(WsFilter.java:51) ~[tomcat-embed-websocket-10.1.34.jar:10.1.34]
	at org.apache.catalina.core.ApplicationFilterChain.internalDoFilter(ApplicationFilterChain.java:164) ~[tomcat-embed-core-10.1.34.jar:10.1.34]
	at org.apache.catalina.core.ApplicationFilterChain.doFilter(ApplicationFilterChain.java:140) ~[tomcat-embed-core-10.1.34.jar:10.1.34]
	at org.springframework.web.filter.CompositeFilter$VirtualFilterChain.doFilter(CompositeFilter.java:108) ~[spring-web-6.2.2.jar:6.2.2]
	at org.springframework.security.web.FilterChainProxy.lambda$doFilterInternal$3(FilterChainProxy.java:231) ~[spring-security-web-6.4.2.jar:6.4.2]
	at org.springframework.security.web.FilterChainProxy$VirtualFilterChain.doFilter(FilterChainProxy.java:365) ~[spring-security-web-6.4.2.jar:6.4.2]
	at org.springframework.security.web.access.ExceptionTranslationFilter.doFilter(ExceptionTranslationFilter.java:126) ~[spring-security-web-6.4.2.jar:6.4.2]
	at org.springframework.security.web.access.ExceptionTranslationFilter.doFilter(ExceptionTranslationFilter.java:120) ~[spring-security-web-6.4.2.jar:6.4.2]
	at org.springframework.security.web.FilterChainProxy$VirtualFilterChain.doFilter(FilterChainProxy.java:374) ~[spring-security-web-6.4.2.jar:6.4.2]
	at org.springframework.security.web.authentication.AnonymousAuthenticationFilter.doFilter(AnonymousAuthenticationFilter.java:100) ~[spring-security-web-6.4.2.jar:6.4.2]
	at org.springframework.security.web.FilterChainProxy$VirtualFilterChain.doFilter(FilterChainProxy.java:374) ~[spring-security-web-6.4.2.jar:6.4.2]
	at org.springframework.security.web.servletapi.SecurityContextHolderAwareRequestFilter.doFilter(SecurityContextHolderAwareRequestFilter.java:179) ~[spring-security-web-6.4.2.jar:6.4.2]
	at org.springframework.security.web.FilterChainProxy$VirtualFilterChain.doFilter(FilterChainProxy.java:374) ~[spring-security-web-6.4.2.jar:6.4.2]
	at org.springframework.security.web.savedrequest.RequestCacheAwareFilter.doFilter(RequestCacheAwareFilter.java:63) ~[spring-security-web-6.4.2.jar:6.4.2]
	at org.springframework.security.web.FilterChainProxy$VirtualFilterChain.doFilter(FilterChainProxy.java:374) ~[spring-security-web-6.4.2.jar:6.4.2]
	at org.springframework.security.web.authentication.logout.LogoutFilter.doFilter(LogoutFilter.java:107) ~[spring-security-web-6.4.2.jar:6.4.2]
	at org.springframework.security.web.authentication.logout.LogoutFilter.doFilter(LogoutFilter.java:93) ~[spring-security-web-6.4.2.jar:6.4.2]
	at org.springframework.security.web.FilterChainProxy$VirtualFilterChain.doFilter(FilterChainProxy.java:374) ~[spring-security-web-6.4.2.jar:6.4.2]
	at org.springframework.web.filter.CorsFilter.doFilterInternal(CorsFilter.java:91) ~[spring-web-6.2.2.jar:6.2.2]
	at org.springframework.web.filter.OncePerRequestFilter.doFilter(OncePerRequestFilter.java:116) ~[spring-web-6.2.2.jar:6.2.2]
	at org.springframework.security.web.FilterChainProxy$VirtualFilterChain.doFilter(FilterChainProxy.java:374) ~[spring-security-web-6.4.2.jar:6.4.2]
	at org.springframework.security.web.header.HeaderWriterFilter.doHeadersAfter(HeaderWriterFilter.java:90) ~[spring-security-web-6.4.2.jar:6.4.2]
	at org.springframework.security.web.header.HeaderWriterFilter.doFilterInternal(HeaderWriterFilter.java:75) ~[spring-security-web-6.4.2.jar:6.4.2]
	at org.springframework.web.filter.OncePerRequestFilter.doFilter(OncePerRequestFilter.java:116) ~[spring-web-6.2.2.jar:6.2.2]
	at org.springframework.security.web.FilterChainProxy$VirtualFilterChain.doFilter(FilterChainProxy.java:374) ~[spring-security-web-6.4.2.jar:6.4.2]
	at org.springframework.security.web.context.SecurityContextHolderFilter.doFilter(SecurityContextHolderFilter.java:82) ~[spring-security-web-6.4.2.jar:6.4.2]
	at org.springframework.security.web.context.SecurityContextHolderFilter.doFilter(SecurityContextHolderFilter.java:69) ~[spring-security-web-6.4.2.jar:6.4.2]
	at org.springframework.security.web.FilterChainProxy$VirtualFilterChain.doFilter(FilterChainProxy.java:374) ~[spring-security-web-6.4.2.jar:6.4.2]
	at org.springframework.security.web.context.request.async.WebAsyncManagerIntegrationFilter.doFilterInternal(WebAsyncManagerIntegrationFilter.java:62) ~[spring-security-web-6.4.2.jar:6.4.2]
	at org.springframework.web.filter.OncePerRequestFilter.doFilter(OncePerRequestFilter.java:116) ~[spring-web-6.2.2.jar:6.2.2]
	at org.springframework.security.web.FilterChainProxy$VirtualFilterChain.doFilter(FilterChainProxy.java:374) ~[spring-security-web-6.4.2.jar:6.4.2]
	at org.springframework.security.web.session.DisableEncodeUrlFilter.doFilterInternal(DisableEncodeUrlFilter.java:42) ~[spring-security-web-6.4.2.jar:6.4.2]
	at org.springframework.web.filter.OncePerRequestFilter.doFilter(OncePerRequestFilter.java:116) ~[spring-web-6.2.2.jar:6.2.2]
	at org.springframework.security.web.FilterChainProxy$VirtualFilterChain.doFilter(FilterChainProxy.java:374) ~[spring-security-web-6.4.2.jar:6.4.2]
	at org.springframework.security.web.FilterChainProxy.doFilterInternal(FilterChainProxy.java:233) ~[spring-security-web-6.4.2.jar:6.4.2]
	at org.springframework.security.web.FilterChainProxy.doFilter(FilterChainProxy.java:191) ~[spring-security-web-6.4.2.jar:6.4.2]
	at org.springframework.web.filter.CompositeFilter$VirtualFilterChain.doFilter(CompositeFilter.java:113) ~[spring-web-6.2.2.jar:6.2.2]
	at org.springframework.web.servlet.handler.HandlerMappingIntrospector.lambda$createCacheFilter$3(HandlerMappingIntrospector.java:243) ~[spring-webmvc-6.2.2.jar:6.2.2]
	at org.springframework.web.filter.CompositeFilter$VirtualFilterChain.doFilter(CompositeFilter.java:113) ~[spring-web-6.2.2.jar:6.2.2]
	at org.springframework.web.filter.CompositeFilter.doFilter(CompositeFilter.java:74) ~[spring-web-6.2.2.jar:6.2.2]
	at org.springframework.security.config.annotation.web.configuration.WebMvcSecurityConfiguration$CompositeFilterChainProxy.doFilter(WebMvcSecurityConfiguration.java:238) ~[spring-security-config-6.4.2.jar:6.4.2]
	at org.springframework.web.filter.DelegatingFilterProxy.invokeDelegate(DelegatingFilterProxy.java:362) ~[spring-web-6.2.2.jar:6.2.2]
	at org.springframework.web.filter.DelegatingFilterProxy.doFilter(DelegatingFilterProxy.java:278) ~[spring-web-6.2.2.jar:6.2.2]
	at org.apache.catalina.core.ApplicationFilterChain.internalDoFilter(ApplicationFilterChain.java:164) ~[tomcat-embed-core-10.1.34.jar:10.1.34]
	at org.apache.catalina.core.ApplicationFilterChain.doFilter(ApplicationFilterChain.java:140) ~[tomcat-embed-core-10.1.34.jar:10.1.34]
	at org.springframework.web.filter.RequestContextFilter.doFilterInternal(RequestContextFilter.java:100) ~[spring-web-6.2.2.jar:6.2.2]
	at org.springframework.web.filter.OncePerRequestFilter.doFilter(OncePerRequestFilter.java:116) ~[spring-web-6.2.2.jar:6.2.2]
	at org.apache.catalina.core.ApplicationFilterChain.internalDoFilter(ApplicationFilterChain.java:164) ~[tomcat-embed-core-10.1.34.jar:10.1.34]
	at org.apache.catalina.core.ApplicationFilterChain.doFilter(ApplicationFilterChain.java:140) ~[tomcat-embed-core-10.1.34.jar:10.1.34]
	at org.springframework.web.filter.FormContentFilter.doFilterInternal(FormContentFilter.java:93) ~[spring-web-6.2.2.jar:6.2.2]
	at org.springframework.web.filter.OncePerRequestFilter.doFilter(OncePerRequestFilter.java:116) ~[spring-web-6.2.2.jar:6.2.2]
	at org.apache.catalina.core.ApplicationFilterChain.internalDoFilter(ApplicationFilterChain.java:164) ~[tomcat-embed-core-10.1.34.jar:10.1.34]
	at org.apache.catalina.core.ApplicationFilterChain.doFilter(ApplicationFilterChain.java:140) ~[tomcat-embed-core-10.1.34.jar:10.1.34]
	at org.springframework.web.filter.CharacterEncodingFilter.doFilterInternal(CharacterEncodingFilter.java:201) ~[spring-web-6.2.2.jar:6.2.2]
	at org.springframework.web.filter.OncePerRequestFilter.doFilter(OncePerRequestFilter.java:116) ~[spring-web-6.2.2.jar:6.2.2]
	at org.apache.catalina.core.ApplicationFilterChain.internalDoFilter(ApplicationFilterChain.java:164) ~[tomcat-embed-core-10.1.34.jar:10.1.34]
	at org.apache.catalina.core.ApplicationFilterChain.doFilter(ApplicationFilterChain.java:140) ~[tomcat-embed-core-10.1.34.jar:10.1.34]
	at org.apache.catalina.core.StandardWrapperValve.invoke(StandardWrapperValve.java:167) ~[tomcat-embed-core-10.1.34.jar:10.1.34]
	at org.apache.catalina.core.StandardContextValve.invoke(StandardContextValve.java:90) ~[tomcat-embed-core-10.1.34.jar:10.1.34]
	at org.apache.catalina.authenticator.AuthenticatorBase.invoke(AuthenticatorBase.java:483) ~[tomcat-embed-core-10.1.34.jar:10.1.34]
	at org.apache.catalina.core.StandardHostValve.invoke(StandardHostValve.java:115) ~[tomcat-embed-core-10.1.34.jar:10.1.34]
	at org.apache.catalina.valves.ErrorReportValve.invoke(ErrorReportValve.java:93) ~[tomcat-embed-core-10.1.34.jar:10.1.34]
	at org.apache.catalina.core.StandardEngineValve.invoke(StandardEngineValve.java:74) ~[tomcat-embed-core-10.1.34.jar:10.1.34]
	at org.apache.catalina.connector.CoyoteAdapter.service(CoyoteAdapter.java:344) ~[tomcat-embed-core-10.1.34.jar:10.1.34]
	at org.apache.coyote.http11.Http11Processor.service(Http11Processor.java:397) ~[tomcat-embed-core-10.1.34.jar:10.1.34]
	at org.apache.coyote.AbstractProcessorLight.process(AbstractProcessorLight.java:63) ~[tomcat-embed-core-10.1.34.jar:10.1.34]
	at org.apache.coyote.AbstractProtocol$ConnectionHandler.process(AbstractProtocol.java:905) ~[tomcat-embed-core-10.1.34.jar:10.1.34]
	at org.apache.tomcat.util.net.NioEndpoint$SocketProcessor.doRun(NioEndpoint.java:1741) ~[tomcat-embed-core-10.1.34.jar:10.1.34]
	at org.apache.tomcat.util.net.SocketProcessorBase.run(SocketProcessorBase.java:52) ~[tomcat-embed-core-10.1.34.jar:10.1.34]
	at org.apache.tomcat.util.threads.ThreadPoolExecutor.runWorker(ThreadPoolExecutor.java:1190) ~[tomcat-embed-core-10.1.34.jar:10.1.34]
	at org.apache.tomcat.util.threads.ThreadPoolExecutor$Worker.run(ThreadPoolExecutor.java:659) ~[tomcat-embed-core-10.1.34.jar:10.1.34]
	at org.apache.tomcat.util.threads.TaskThread$WrappingRunnable.run(TaskThread.java:63) ~[tomcat-embed-core-10.1.34.jar:10.1.34]
	at java.base/java.lang.Thread.run(Thread.java:1583) ~[na:na]

2026-10-01T10:32:24.230+07:00  WARN 31924 --- [school-manager] [http-nio-8080-exec-4] .m.m.a.ExceptionHandlerExceptionResolver : Resolved [org.springframework.transaction.UnexpectedRollbackException: Transaction silently rolled back because it has been marked as rollback-only]
2026-10-01T10:32:24.260+07:00 DEBUG 31924 --- [school-manager] [http-nio-8080-exec-5] org.hibernate.SQL                        : select distinct g1_0.id,g1_0.english,g1_0.english_final,g1_0.english_m15,g1_0.english_mid,g1_0.english_oral,g1_0.gpa,g1_0.literature,g1_0.literature_final,g1_0.literature_m15,g1_0.literature_mid,g1_0.literature_oral,g1_0.math,g1_0.math_final,g1_0.math_m15,g1_0.math_mid,g1_0.math_oral,g1_0.student_code,g1_0.student_id from grades g1_0 where (g1_0.student_id in ((select m1_0.code from members m1_0 where lower(m1_0.role)=?)) or g1_0.student_id in ((select m2_0.id from members m2_0 where lower(m2_0.role)=?)) or g1_0.student_code in ((select m3_0.code from members m3_0 where lower(m3_0.role)=?))) limit ?,?
2026-10-01T10:32:24.268+07:00 DEBUG 31924 --- [school-manager] [http-nio-8080-exec-5] org.hibernate.SQL                        : select count(g1_0.id) from grades g1_0 where (g1_0.student_id in ((select m1_0.code from members m1_0 where lower(m1_0.role)=?)) or g1_0.student_id in ((select m2_0.id from members m2_0 where lower(m2_0.role)=?)) or g1_0.student_code in ((select m3_0.code from members m3_0 where lower(m3_0.role)=?)))
2026-10-01T10:32:24.272+07:00 DEBUG 31924 --- [school-manager] [http-nio-8080-exec-5] org.hibernate.SQL                        : select m1_0.id,m1_0.class_name,m1_0.code,m1_0.email,m1_0.must_change_password,m1_0.name,m1_0.password,m1_0.role,m1_0.subject from members m1_0
2026-10-01T10:32:24.282+07:00 DEBUG 31924 --- [school-manager] [http-nio-8080-exec-5] org.hibernate.SQL                        : select ac1_0.member_id,ac1_0.class_id from member_assigned_classes ac1_0 where ac1_0.member_id in (?,?,?,?,?,?,?,?,?,?,?,?,?,?,?,?,?,?,?,?,?,?,?,?,?,?,?,?,?,?,?,?,?,?,?,?,?,?,?,?,?,?,?,?,?,?,?,?,?,?)
2026-10-01T10:32:26.482+07:00 DEBUG 31924 --- [school-manager] [http-nio-8080-exec-6] org.hibernate.SQL                        : select distinct g1_0.id,g1_0.english,g1_0.english_final,g1_0.english_m15,g1_0.english_mid,g1_0.english_oral,g1_0.gpa,g1_0.literature,g1_0.literature_final,g1_0.literature_m15,g1_0.literature_mid,g1_0.literature_oral,g1_0.math,g1_0.math_final,g1_0.math_m15,g1_0.math_mid,g1_0.math_oral,g1_0.student_code,g1_0.student_id from grades g1_0 where (g1_0.student_id in ((select m1_0.code from members m1_0 where lower(m1_0.role)=?)) or g1_0.student_id in ((select m2_0.id from members m2_0 where lower(m2_0.role)=?)) or g1_0.student_code in ((select m3_0.code from members m3_0 where lower(m3_0.role)=?))) limit ?,?
2026-10-01T10:32:26.488+07:00 DEBUG 31924 --- [school-manager] [http-nio-8080-exec-6] org.hibernate.SQL                        : select count(g1_0.id) from grades g1_0 where (g1_0.student_id in ((select m1_0.code from members m1_0 where lower(m1_0.role)=?)) or g1_0.student_id in ((select m2_0.id from members m2_0 where lower(m2_0.role)=?)) or g1_0.student_code in ((select m3_0.code from members m3_0 where lower(m3_0.role)=?)))
2026-10-01T10:32:26.492+07:00 DEBUG 31924 --- [school-manager] [http-nio-8080-exec-6] org.hibernate.SQL                        : select m1_0.id,m1_0.class_name,m1_0.code,m1_0.email,m1_0.must_change_password,m1_0.name,m1_0.password,m1_0.role,m1_0.subject from members m1_0
2026-10-01T10:32:26.502+07:00 DEBUG 31924 --- [school-manager] [http-nio-8080-exec-6] org.hibernate.SQL                        : select ac1_0.member_id,ac1_0.class_id from member_assigned_classes ac1_0 where ac1_0.member_id in (?,?,?,?,?,?,?,?,?,?,?,?,?,?,?,?,?,?,?,?,?,?,?,?,?,?,?,?,?,?,?,?,?,?,?,?,?,?,?,?,?,?,?,?,?,?,?,?,?,?)
2026-10-01T10:32:27.203+07:00 DEBUG 31924 --- [school-manager] [http-nio-8080-exec-7] org.hibernate.SQL                        : select distinct g1_0.id,g1_0.english,g1_0.english_final,g1_0.english_m15,g1_0.english_mid,g1_0.english_oral,g1_0.gpa,g1_0.literature,g1_0.literature_final,g1_0.literature_m15,g1_0.literature_mid,g1_0.literature_oral,g1_0.math,g1_0.math_final,g1_0.math_m15,g1_0.math_mid,g1_0.math_oral,g1_0.student_code,g1_0.student_id from grades g1_0 where (g1_0.student_id in ((select m1_0.code from members m1_0 where lower(m1_0.role)=?)) or g1_0.student_id in ((select m2_0.id from members m2_0 where lower(m2_0.role)=?)) or g1_0.student_code in ((select m3_0.code from members m3_0 where lower(m3_0.role)=?))) limit ?,?
2026-10-01T10:32:27.207+07:00 DEBUG 31924 --- [school-manager] [http-nio-8080-exec-7] org.hibernate.SQL                        : select m1_0.id,m1_0.class_name,m1_0.code,m1_0.email,m1_0.must_change_password,m1_0.name,m1_0.password,m1_0.role,m1_0.subject from members m1_0
2026-10-01T10:32:27.216+07:00 DEBUG 31924 --- [school-manager] [http-nio-8080-exec-7] org.hibernate.SQL                        : select ac1_0.member_id,ac1_0.class_id from member_assigned_classes ac1_0 where ac1_0.member_id in (?,?,?,?,?,?,?,?,?,?,?,?,?,?,?,?,?,?,?,?,?,?,?,?,?,?,?,?,?,?,?,?,?,?,?,?,?,?,?,?,?,?,?,?,?,?,?,?,?,?)
2026-10-01T10:32:36.231+07:00 DEBUG 31924 --- [school-manager] [http-nio-8080-exec-8] org.hibernate.SQL                        : select distinct m1_0.id,m1_0.class_name,m1_0.code,m1_0.email,m1_0.must_change_password,m1_0.name,m1_0.password,m1_0.role,m1_0.subject from members m1_0 where 1=1 limit ?,?
2026-10-01T10:32:36.241+07:00 DEBUG 31924 --- [school-manager] [http-nio-8080-exec-8] org.hibernate.SQL                        : select distinct count(distinct m1_0.id) from members m1_0 where 1=1
2026-10-01T10:32:36.245+07:00 DEBUG 31924 --- [school-manager] [http-nio-8080-exec-8] org.hibernate.SQL                        : select ac1_0.member_id,ac1_0.class_id from member_assigned_classes ac1_0 where ac1_0.member_id in (?,?,?,?,?,?,?,?,?,?,?,?,?,?,?,?,?,?,?,?,?,?,?,?,?,?,?,?,?,?,?,?,?,?,?,?,?,?,?,?,?,?,?,?,?,?,?,?,?,?)
2026-10-01T10:32:38.617+07:00 DEBUG 31924 --- [school-manager] [http-nio-8080-exec-9] org.hibernate.SQL                        : select distinct m1_0.id,m1_0.class_name,m1_0.code,m1_0.email,m1_0.must_change_password,m1_0.name,m1_0.password,m1_0.role,m1_0.subject from members m1_0 where 1=1 limit ?,?
2026-10-01T10:32:38.620+07:00 DEBUG 31924 --- [school-manager] [http-nio-8080-exec-9] org.hibernate.SQL                        : select distinct count(distinct m1_0.id) from members m1_0 where 1=1
2026-10-01T10:32:38.623+07:00 DEBUG 31924 --- [school-manager] [http-nio-8080-exec-9] org.hibernate.SQL                        : select ac1_0.member_id,ac1_0.class_id from member_assigned_classes ac1_0 where ac1_0.member_id in (?,?,?,?,?,?,?,?,?,?,?,?,?,?,?,?,?,?,?,?,?,?,?,?,?,?,?,?,?,?,?,?,?,?,?,?,?,?,?,?,?,?,?,?,?,?,?,?,?,?)
2026-10-01T10:32:39.744+07:00 DEBUG 31924 --- [school-manager] [http-nio-8080-exec-10] org.hibernate.SQL                        : select distinct m1_0.id,m1_0.class_name,m1_0.code,m1_0.email,m1_0.must_change_password,m1_0.name,m1_0.password,m1_0.role,m1_0.subject from members m1_0 where 1=1 limit ?,?
2026-10-01T10:32:39.747+07:00 DEBUG 31924 --- [school-manager] [http-nio-8080-exec-10] org.hibernate.SQL                        : select distinct count(distinct m1_0.id) from members m1_0 where 1=1
2026-10-01T10:32:39.749+07:00 DEBUG 31924 --- [school-manager] [http-nio-8080-exec-10] org.hibernate.SQL                        : select ac1_0.member_id,ac1_0.class_id from member_assigned_classes ac1_0 where ac1_0.member_id in (?,?,?,?,?,?,?,?,?,?,?,?,?,?,?,?,?,?,?,?,?,?,?,?,?,?,?,?,?,?,?,?,?,?,?,?,?,?,?,?,?,?,?,?,?,?,?,?,?,?)
2026-10-01T10:32:41.640+07:00 DEBUG 31924 --- [school-manager] [http-nio-8080-exec-1] org.hibernate.SQL                        : select distinct m1_0.id,m1_0.class_name,m1_0.code,m1_0.email,m1_0.must_change_password,m1_0.name,m1_0.password,m1_0.role,m1_0.subject from members m1_0 where 1=1 limit ?,?
2026-10-01T10:32:41.643+07:00 DEBUG 31924 --- [school-manager] [http-nio-8080-exec-1] org.hibernate.SQL                        : select ac1_0.member_id,ac1_0.class_id from member_assigned_classes ac1_0 where ac1_0.member_id in (?,?,?,?,?,?,?,?,?,?,?,?,?,?,?,?,?,?,?,?,?,?,?,?,?,?,?,?,?,?,?,?,?,?,?,?,?,?,?,?,?,?,?,?,?,?,?,?,?,?)
2026-10-01T10:33:35.881+07:00  INFO 31924 --- [school-manager] [SpringApplicationShutdownHook] o.s.b.w.e.tomcat.GracefulShutdown        : Commencing graceful shutdown. Waiting for active requests to complete
2026-10-01T10:33:35.894+07:00  INFO 31924 --- [school-manager] [tomcat-shutdown] o.s.b.w.e.tomcat.GracefulShutdown        : Graceful shutdown complete
2026-10-01T10:33:35.898+07:00  INFO 31924 --- [school-manager] [SpringApplicationShutdownHook] j.LocalContainerEntityManagerFactoryBean : Closing JPA EntityManagerFactory for persistence unit 'default'
2026-10-01T10:33:35.905+07:00  INFO 31924 --- [school-manager] [SpringApplicationShutdownHook] com.zaxxer.hikari.HikariDataSource       : HikariPool-1 - Shutdown initiated...
2026-10-01T10:33:35.933+07:00  INFO 31924 --- [school-manager] [SpringApplicationShutdownHook] com.zaxxer.hikari.HikariDataSource       : HikariPool-1 - Shutdown completed.
2026-10-01T10:33:38.242+07:00  INFO 31696 --- [school-manager] [restartedMain] .e.DevToolsPropertyDefaultsPostProcessor : Devtools property defaults active! Set 'spring.devtools.add-properties' to 'false' to disable
2026-10-01T10:33:38.243+07:00  INFO 31696 --- [school-manager] [restartedMain] .e.DevToolsPropertyDefaultsPostProcessor : For additional web related logging consider setting the 'logging.level.web' property to 'DEBUG'
2026-10-01T10:33:38.900+07:00  INFO 31696 --- [school-manager] [restartedMain] .s.d.r.c.RepositoryConfigurationDelegate : Bootstrapping Spring Data JPA repositories in DEFAULT mode.
2026-10-01T10:33:38.974+07:00  INFO 31696 --- [school-manager] [restartedMain] .s.d.r.c.RepositoryConfigurationDelegate : Finished Spring Data repository scanning in 64 ms. Found 3 JPA repository interfaces.
2026-10-01T10:33:39.469+07:00  INFO 31696 --- [school-manager] [restartedMain] o.s.b.w.embedded.tomcat.TomcatWebServer  : Tomcat initialized with port 8080 (http)
2026-10-01T10:33:39.480+07:00  INFO 31696 --- [school-manager] [restartedMain] o.apache.catalina.core.StandardService   : Starting service [Tomcat]
2026-10-01T10:33:39.480+07:00  INFO 31696 --- [school-manager] [restartedMain] o.apache.catalina.core.StandardEngine    : Starting Servlet engine: [Apache Tomcat/10.1.34]
2026-10-01T10:33:39.522+07:00  INFO 31696 --- [school-manager] [restartedMain] o.a.c.c.C.[Tomcat].[localhost].[/]       : Initializing Spring embedded WebApplicationContext
2026-10-01T10:33:39.522+07:00  INFO 31696 --- [school-manager] [restartedMain] w.s.c.ServletWebServerApplicationContext : Root WebApplicationContext: initialization completed in 1278 ms
2026-10-01T10:33:39.644+07:00  INFO 31696 --- [school-manager] [restartedMain] o.hibernate.jpa.internal.util.LogHelper  : HHH000204: Processing PersistenceUnitInfo [name: default]
2026-10-01T10:33:39.707+07:00  INFO 31696 --- [school-manager] [restartedMain] org.hibernate.Version                    : HHH000412: Hibernate ORM core version 6.6.5.Final
2026-10-01T10:33:39.740+07:00  INFO 31696 --- [school-manager] [restartedMain] o.h.c.internal.RegionFactoryInitiator    : HHH000026: Second-level cache disabled
2026-10-01T10:33:39.994+07:00  INFO 31696 --- [school-manager] [restartedMain] o.s.o.j.p.SpringPersistenceUnitInfo      : No LoadTimeWeaver setup: ignoring JPA class transformer
2026-10-01T10:33:40.022+07:00  INFO 31696 --- [school-manager] [restartedMain] com.zaxxer.hikari.HikariDataSource       : HikariPool-1 - Starting...
2026-10-01T10:33:40.165+07:00  INFO 31696 --- [school-manager] [restartedMain] com.zaxxer.hikari.pool.HikariPool        : HikariPool-1 - Added connection com.mysql.cj.jdbc.ConnectionImpl@2420bcc6
2026-10-01T10:33:40.167+07:00  INFO 31696 --- [school-manager] [restartedMain] com.zaxxer.hikari.HikariDataSource       : HikariPool-1 - Start completed.
2026-10-01T10:33:40.240+07:00  INFO 31696 --- [school-manager] [restartedMain] org.hibernate.orm.connections.pooling    : HHH10001005: Database info:
	Database JDBC URL [Connecting through datasource 'HikariDataSource (HikariPool-1)']
	Database driver: undefined/unknown
	Database version: 8.0.46
	Autocommit mode: undefined/unknown
	Isolation level: undefined/unknown
	Minimum pool size: undefined/unknown
	Maximum pool size: undefined/unknown
2026-10-01T10:33:41.143+07:00  INFO 31696 --- [school-manager] [restartedMain] o.h.e.t.j.p.i.JtaPlatformInitiator       : HHH000489: No JTA platform available (set 'hibernate.transaction.jta.platform' to enable JTA platform integration)
2026-10-01T10:33:41.220+07:00  INFO 31696 --- [school-manager] [restartedMain] j.LocalContainerEntityManagerFactoryBean : Initialized JPA EntityManagerFactory for persistence unit 'default'
2026-10-01T10:33:41.447+07:00  INFO 31696 --- [school-manager] [restartedMain] o.s.d.j.r.query.QueryEnhancerFactory     : Hibernate is in classpath; If applicable, HQL parser will be used.
2026-10-01T10:33:42.325+07:00  WARN 31696 --- [school-manager] [restartedMain] JpaBaseConfiguration$JpaWebConfiguration : spring.jpa.open-in-view is enabled by default. Therefore, database queries may be performed during view rendering. Explicitly configure spring.jpa.open-in-view to disable this warning
2026-10-01T10:33:42.339+07:00  WARN 31696 --- [school-manager] [restartedMain] .s.s.UserDetailsServiceAutoConfiguration : 

Using generated security password: 3023021f-8022-45f9-b163-d316d8b46633

This generated password is for development use only. Your security configuration must be updated before running your application in production.

2026-10-01T10:33:42.356+07:00  INFO 31696 --- [school-manager] [restartedMain] r$InitializeUserDetailsManagerConfigurer : Global AuthenticationManager configured with UserDetailsService bean with name inMemoryUserDetailsManager
2026-10-01T10:33:42.709+07:00  INFO 31696 --- [school-manager] [restartedMain] o.s.b.a.h2.H2ConsoleAutoConfiguration    : H2 console available at '/h2-console'. Database available at 'jdbc:mysql://localhost:3306/school_db?useSSL=false&serverTimezone=UTC&allowPublicKeyRetrieval=true'
2026-10-01T10:33:42.764+07:00  INFO 31696 --- [school-manager] [restartedMain] o.s.b.d.a.OptionalLiveReloadServer       : LiveReload server is running on port 35729
2026-10-01T10:33:42.798+07:00  INFO 31696 --- [school-manager] [restartedMain] o.s.b.w.embedded.tomcat.TomcatWebServer  : Tomcat started on port 8080 (http) with context path '/'
2026-10-01T10:33:42.927+07:00 DEBUG 31696 --- [school-manager] [restartedMain] org.hibernate.SQL                        : select count(*) from members m1_0
2026-10-01T10:33:42.946+07:00 DEBUG 31696 --- [school-manager] [restartedMain] org.hibernate.SQL                        : select count(*) from school_classes sc1_0
2026-10-01T10:33:48.603+07:00  INFO 31696 --- [school-manager] [http-nio-8080-exec-1] o.a.c.c.C.[Tomcat].[localhost].[/]       : Initializing Spring DispatcherServlet 'dispatcherServlet'
2026-10-01T10:33:48.603+07:00  INFO 31696 --- [school-manager] [http-nio-8080-exec-1] o.s.web.servlet.DispatcherServlet        : Initializing Servlet 'dispatcherServlet'
2026-10-01T10:33:48.604+07:00  INFO 31696 --- [school-manager] [http-nio-8080-exec-1] o.s.web.servlet.DispatcherServlet        : Completed initialization in 1 ms
2026-10-01T10:33:48.687+07:00 DEBUG 31696 --- [school-manager] [http-nio-8080-exec-1] org.hibernate.SQL                        : select distinct m1_0.id,m1_0.class_name,m1_0.code,m1_0.email,m1_0.must_change_password,m1_0.name,m1_0.password,m1_0.role,m1_0.subject from members m1_0 where 1=1 limit ?,?
2026-10-01T10:33:48.736+07:00 DEBUG 31696 --- [school-manager] [http-nio-8080-exec-1] org.hibernate.SQL                        : select distinct count(distinct m1_0.id) from members m1_0 where 1=1
2026-10-01T10:33:48.745+07:00 DEBUG 31696 --- [school-manager] [http-nio-8080-exec-1] org.hibernate.SQL                        : select ac1_0.member_id,ac1_0.class_id from member_assigned_classes ac1_0 where ac1_0.member_id in (?,?,?,?,?,?,?,?,?,?,?,?,?,?,?,?,?,?,?,?,?,?,?,?,?,?,?,?,?,?,?,?,?,?,?,?,?,?,?,?,?,?,?,?,?,?,?,?,?,?)
2026-10-01T10:33:50.959+07:00 DEBUG 31696 --- [school-manager] [http-nio-8080-exec-3] org.hibernate.SQL                        : select distinct m1_0.id,m1_0.class_name,m1_0.code,m1_0.email,m1_0.must_change_password,m1_0.name,m1_0.password,m1_0.role,m1_0.subject from members m1_0 where 1=1 limit ?,?
2026-10-01T10:33:50.969+07:00 DEBUG 31696 --- [school-manager] [http-nio-8080-exec-3] org.hibernate.SQL                        : select distinct count(distinct m1_0.id) from members m1_0 where 1=1
2026-10-01T10:33:50.972+07:00 DEBUG 31696 --- [school-manager] [http-nio-8080-exec-3] org.hibernate.SQL                        : select ac1_0.member_id,ac1_0.class_id from member_assigned_classes ac1_0 where ac1_0.member_id in (?,?,?,?,?,?,?,?,?,?,?,?,?,?,?,?,?,?,?,?,?,?,?,?,?,?,?,?,?,?,?,?,?,?,?,?,?,?,?,?,?,?,?,?,?,?,?,?,?,?)
2026-10-01T10:33:53.432+07:00 DEBUG 31696 --- [school-manager] [http-nio-8080-exec-5] org.hibernate.SQL                        : select distinct m1_0.id,m1_0.class_name,m1_0.code,m1_0.email,m1_0.must_change_password,m1_0.name,m1_0.password,m1_0.role,m1_0.subject from members m1_0 where 1=1 limit ?,?
2026-10-01T10:33:53.436+07:00 DEBUG 31696 --- [school-manager] [http-nio-8080-exec-5] org.hibernate.SQL                        : select distinct count(distinct m1_0.id) from members m1_0 where 1=1
2026-10-01T10:33:53.439+07:00 DEBUG 31696 --- [school-manager] [http-nio-8080-exec-5] org.hibernate.SQL                        : select ac1_0.member_id,ac1_0.class_id from member_assigned_classes ac1_0 where ac1_0.member_id in (?,?,?,?,?,?,?,?,?,?,?,?,?,?,?,?,?,?,?,?,?,?,?,?,?,?,?,?,?,?,?,?,?,?,?,?,?,?,?,?,?,?,?,?,?,?,?,?,?,?)
2026-10-01T10:33:53.878+07:00 DEBUG 31696 --- [school-manager] [http-nio-8080-exec-4] org.hibernate.SQL                        : select distinct m1_0.id,m1_0.class_name,m1_0.code,m1_0.email,m1_0.must_change_password,m1_0.name,m1_0.password,m1_0.role,m1_0.subject from members m1_0 where 1=1 limit ?,?
2026-10-01T10:33:53.885+07:00 DEBUG 31696 --- [school-manager] [http-nio-8080-exec-4] org.hibernate.SQL                        : select distinct count(distinct m1_0.id) from members m1_0 where 1=1
2026-10-01T10:33:53.889+07:00 DEBUG 31696 --- [school-manager] [http-nio-8080-exec-4] org.hibernate.SQL                        : select ac1_0.member_id,ac1_0.class_id from member_assigned_classes ac1_0 where ac1_0.member_id in (?,?,?,?,?,?,?,?,?,?,?,?,?,?,?,?,?,?,?,?,?,?,?,?,?,?,?,?,?,?,?,?,?,?,?,?,?,?,?,?,?,?,?,?,?,?,?,?,?,?)
2026-10-01T10:33:55.843+07:00 DEBUG 31696 --- [school-manager] [http-nio-8080-exec-2] org.hibernate.SQL                        : select distinct m1_0.id,m1_0.class_name,m1_0.code,m1_0.email,m1_0.must_change_password,m1_0.name,m1_0.password,m1_0.role,m1_0.subject from members m1_0 where 1=1 limit ?,?
2026-10-01T10:33:55.847+07:00 DEBUG 31696 --- [school-manager] [http-nio-8080-exec-2] org.hibernate.SQL                        : select ac1_0.member_id,ac1_0.class_id from member_assigned_classes ac1_0 where ac1_0.member_id in (?,?,?,?,?,?,?,?,?,?,?,?,?,?,?,?,?,?,?,?,?,?,?,?,?,?,?,?,?,?,?,?,?,?,?,?,?,?,?,?,?,?,?,?,?,?,?,?,?,?)
2026-10-01T10:34:13.455+07:00 DEBUG 31696 --- [school-manager] [http-nio-8080-exec-6] org.hibernate.SQL                        : select distinct g1_0.id,g1_0.english,g1_0.english_final,g1_0.english_m15,g1_0.english_mid,g1_0.english_oral,g1_0.gpa,g1_0.literature,g1_0.literature_final,g1_0.literature_m15,g1_0.literature_mid,g1_0.literature_oral,g1_0.math,g1_0.math_final,g1_0.math_m15,g1_0.math_mid,g1_0.math_oral,g1_0.student_code,g1_0.student_id from grades g1_0 where (g1_0.student_id in ((select m1_0.code from members m1_0 where lower(m1_0.role)=?)) or g1_0.student_id in ((select m2_0.id from members m2_0 where lower(m2_0.role)=?)) or g1_0.student_code in ((select m3_0.code from members m3_0 where lower(m3_0.role)=?))) limit ?,?
2026-10-01T10:34:13.462+07:00 DEBUG 31696 --- [school-manager] [http-nio-8080-exec-6] org.hibernate.SQL                        : select count(g1_0.id) from grades g1_0 where (g1_0.student_id in ((select m1_0.code from members m1_0 where lower(m1_0.role)=?)) or g1_0.student_id in ((select m2_0.id from members m2_0 where lower(m2_0.role)=?)) or g1_0.student_code in ((select m3_0.code from members m3_0 where lower(m3_0.role)=?)))
2026-10-01T10:34:13.467+07:00 DEBUG 31696 --- [school-manager] [http-nio-8080-exec-6] org.hibernate.SQL                        : select m1_0.id,m1_0.class_name,m1_0.code,m1_0.email,m1_0.must_change_password,m1_0.name,m1_0.password,m1_0.role,m1_0.subject from members m1_0
2026-10-01T10:34:13.491+07:00 DEBUG 31696 --- [school-manager] [http-nio-8080-exec-6] org.hibernate.SQL                        : select ac1_0.member_id,ac1_0.class_id from member_assigned_classes ac1_0 where ac1_0.member_id in (?,?,?,?,?,?,?,?,?,?,?,?,?,?,?,?,?,?,?,?,?,?,?,?,?,?,?,?,?,?,?,?,?,?,?,?,?,?,?,?,?,?,?,?,?,?,?,?,?,?)
2026-10-01T10:34:18.700+07:00 DEBUG 31696 --- [school-manager] [http-nio-8080-exec-7] org.hibernate.SQL                        : select m1_0.id,m1_0.class_name,m1_0.code,m1_0.email,m1_0.must_change_password,m1_0.name,m1_0.password,m1_0.role,m1_0.subject from members m1_0 where lower(m1_0.email)=lower(?)
2026-10-01T10:34:18.706+07:00 DEBUG 31696 --- [school-manager] [http-nio-8080-exec-7] org.hibernate.SQL                        : select ac1_0.member_id,ac1_0.class_id from member_assigned_classes ac1_0 where ac1_0.member_id=?
2026-10-01T10:34:18.743+07:00 DEBUG 31696 --- [school-manager] [http-nio-8080-exec-10] org.hibernate.SQL                        : select distinct m1_0.id,m1_0.class_name,m1_0.code,m1_0.email,m1_0.must_change_password,m1_0.name,m1_0.password,m1_0.role,m1_0.subject from members m1_0 where 1=1 limit ?,?
2026-10-01T10:34:18.746+07:00 DEBUG 31696 --- [school-manager] [http-nio-8080-exec-10] org.hibernate.SQL                        : select distinct count(distinct m1_0.id) from members m1_0 where 1=1
2026-10-01T10:34:18.749+07:00 DEBUG 31696 --- [school-manager] [http-nio-8080-exec-10] org.hibernate.SQL                        : select ac1_0.member_id,ac1_0.class_id from member_assigned_classes ac1_0 where ac1_0.member_id in (?,?,?,?,?,?,?,?,?,?,?,?,?,?,?,?,?,?,?,?,?,?,?,?,?,?,?,?,?,?,?,?,?,?,?,?,?,?,?,?,?,?,?,?,?,?,?,?,?,?)
2026-10-01T10:34:24.942+07:00 DEBUG 31696 --- [school-manager] [http-nio-8080-exec-8] org.hibernate.SQL                        : select distinct g1_0.id,g1_0.english,g1_0.english_final,g1_0.english_m15,g1_0.english_mid,g1_0.english_oral,g1_0.gpa,g1_0.literature,g1_0.literature_final,g1_0.literature_m15,g1_0.literature_mid,g1_0.literature_oral,g1_0.math,g1_0.math_final,g1_0.math_m15,g1_0.math_mid,g1_0.math_oral,g1_0.student_code,g1_0.student_id from grades g1_0 where (g1_0.student_id in ((select m1_0.code from members m1_0 where lower(m1_0.role)=?)) or g1_0.student_id in ((select m2_0.id from members m2_0 where lower(m2_0.role)=?)) or g1_0.student_code in ((select m3_0.code from members m3_0 where lower(m3_0.role)=?))) limit ?,?
2026-10-01T10:34:24.946+07:00 DEBUG 31696 --- [school-manager] [http-nio-8080-exec-8] org.hibernate.SQL                        : select count(g1_0.id) from grades g1_0 where (g1_0.student_id in ((select m1_0.code from members m1_0 where lower(m1_0.role)=?)) or g1_0.student_id in ((select m2_0.id from members m2_0 where lower(m2_0.role)=?)) or g1_0.student_code in ((select m3_0.code from members m3_0 where lower(m3_0.role)=?)))
2026-10-01T10:34:24.950+07:00 DEBUG 31696 --- [school-manager] [http-nio-8080-exec-8] org.hibernate.SQL                        : select m1_0.id,m1_0.class_name,m1_0.code,m1_0.email,m1_0.must_change_password,m1_0.name,m1_0.password,m1_0.role,m1_0.subject from members m1_0
2026-10-01T10:34:24.956+07:00 DEBUG 31696 --- [school-manager] [http-nio-8080-exec-8] org.hibernate.SQL                        : select ac1_0.member_id,ac1_0.class_id from member_assigned_classes ac1_0 where ac1_0.member_id in (?,?,?,?,?,?,?,?,?,?,?,?,?,?,?,?,?,?,?,?,?,?,?,?,?,?,?,?,?,?,?,?,?,?,?,?,?,?,?,?,?,?,?,?,?,?,?,?,?,?)
2026-10-01T10:34:25.769+07:00 DEBUG 31696 --- [school-manager] [http-nio-8080-exec-9] org.hibernate.SQL                        : select m1_0.class_name,count(m1_0.id) from members m1_0 where m1_0.role='student' and m1_0.class_name is not null group by m1_0.class_name
2026-10-01T10:34:25.779+07:00 DEBUG 31696 --- [school-manager] [http-nio-8080-exec-9] org.hibernate.SQL                        : select ac1_0.class_id,count(distinct m1_0.id) from members m1_0 join member_assigned_classes ac1_0 on m1_0.id=ac1_0.member_id where m1_0.role='teacher' group by ac1_0.class_id
2026-10-01T10:34:25.783+07:00 DEBUG 31696 --- [school-manager] [http-nio-8080-exec-9] org.hibernate.SQL                        : select sc1_0.id,sc1_0.code,sc1_0.name from school_classes sc1_0
2026-10-01T10:34:48.180+07:00 DEBUG 31696 --- [school-manager] [http-nio-8080-exec-1] org.hibernate.SQL                        : select m1_0.id,m1_0.class_name,m1_0.code,m1_0.email,m1_0.must_change_password,m1_0.name,m1_0.password,m1_0.role,m1_0.subject from members m1_0 where m1_0.code=?
2026-10-01T10:34:48.185+07:00 DEBUG 31696 --- [school-manager] [http-nio-8080-exec-1] org.hibernate.SQL                        : select m1_0.id,m1_0.class_name,m1_0.code,m1_0.email,m1_0.must_change_password,m1_0.name,m1_0.password,m1_0.role,m1_0.subject from members m1_0 where lower(m1_0.email)=lower(?)
2026-10-01T10:34:48.201+07:00 DEBUG 31696 --- [school-manager] [http-nio-8080-exec-1] org.hibernate.SQL                        : select sc1_0.id from school_classes sc1_0 where sc1_0.code=? limit ?
2026-10-01T10:34:48.241+07:00 DEBUG 31696 --- [school-manager] [http-nio-8080-exec-1] org.hibernate.SQL                        : insert into members (class_name,code,email,must_change_password,name,password,role,subject) values (?,?,?,?,?,?,?,?)
2026-10-01T10:34:48.294+07:00 DEBUG 31696 --- [school-manager] [http-nio-8080-exec-1] org.hibernate.SQL                        : select count(g1_0.id)>0 from grades g1_0 where g1_0.student_id=? or lower(g1_0.student_code)=lower(?)
2026-10-01T10:34:48.306+07:00 DEBUG 31696 --- [school-manager] [http-nio-8080-exec-1] org.hibernate.SQL                        : select count(g1_0.id)>0 from grades g1_0 where lower(g1_0.student_code)=lower(?) or lower(g1_0.student_id)=lower(?)
2026-10-01T10:34:48.318+07:00 DEBUG 31696 --- [school-manager] [http-nio-8080-exec-1] org.hibernate.SQL                        : insert into grades (english,english_final,english_m15,english_mid,english_oral,gpa,literature,literature_final,literature_m15,literature_mid,literature_oral,math,math_final,math_m15,math_mid,math_oral,student_code,student_id) values (?,?,?,?,?,?,?,?,?,?,?,?,?,?,?,?,?,?)
2026-10-01T10:34:48.461+07:00  WARN 31696 --- [school-manager] [http-nio-8080-exec-1] o.h.engine.jdbc.spi.SqlExceptionHelper   : SQL Error: 1452, SQLState: 23000
2026-10-01T10:34:48.462+07:00 ERROR 31696 --- [school-manager] [http-nio-8080-exec-1] o.h.engine.jdbc.spi.SqlExceptionHelper   : Cannot add or update a child row: a foreign key constraint fails (`school_db`.`grades`, CONSTRAINT `fk_grade_student_code` FOREIGN KEY (`student_id`) REFERENCES `members` (`code`) ON DELETE CASCADE)
2026-10-01T10:34:48.468+07:00  WARN 31696 --- [school-manager] [http-nio-8080-exec-1] c.s.m.service.impl.SchoolServiceImpl     : Không thể khởi tạo bản ghi điểm ban đầu cho học sinh HS188: could not execute statement [Cannot add or update a child row: a foreign key constraint fails (`school_db`.`grades`, CONSTRAINT `fk_grade_student_code` FOREIGN KEY (`student_id`) REFERENCES `members` (`code`) ON DELETE CASCADE)] [insert into grades (english,english_final,english_m15,english_mid,english_oral,gpa,literature,literature_final,literature_m15,literature_mid,literature_oral,math,math_final,math_m15,math_mid,math_oral,student_code,student_id) values (?,?,?,?,?,?,?,?,?,?,?,?,?,?,?,?,?,?)]; SQL [insert into grades (english,english_final,english_m15,english_mid,english_oral,gpa,literature,literature_final,literature_m15,literature_mid,literature_oral,math,math_final,math_m15,math_mid,math_oral,student_code,student_id) values (?,?,?,?,?,?,?,?,?,?,?,?,?,?,?,?,?,?)]; constraint [null]
2026-10-01T10:34:48.477+07:00 ERROR 31696 --- [school-manager] [http-nio-8080-exec-1] c.s.m.exception.GlobalExceptionHandler   : Unhandled Exception: 

org.springframework.transaction.UnexpectedRollbackException: Transaction silently rolled back because it has been marked as rollback-only
	at org.springframework.transaction.support.AbstractPlatformTransactionManager.processCommit(AbstractPlatformTransactionManager.java:804) ~[spring-tx-6.2.2.jar:6.2.2]
	at org.springframework.transaction.support.AbstractPlatformTransactionManager.commit(AbstractPlatformTransactionManager.java:758) ~[spring-tx-6.2.2.jar:6.2.2]
	at org.springframework.transaction.interceptor.TransactionAspectSupport.commitTransactionAfterReturning(TransactionAspectSupport.java:698) ~[spring-tx-6.2.2.jar:6.2.2]
	at org.springframework.transaction.interceptor.TransactionAspectSupport.invokeWithinTransaction(TransactionAspectSupport.java:416) ~[spring-tx-6.2.2.jar:6.2.2]
	at org.springframework.transaction.interceptor.TransactionInterceptor.invoke(TransactionInterceptor.java:119) ~[spring-tx-6.2.2.jar:6.2.2]
	at org.springframework.aop.framework.ReflectiveMethodInvocation.proceed(ReflectiveMethodInvocation.java:184) ~[spring-aop-6.2.2.jar:6.2.2]
	at org.springframework.aop.framework.CglibAopProxy$DynamicAdvisedInterceptor.intercept(CglibAopProxy.java:727) ~[spring-aop-6.2.2.jar:6.2.2]
	at com.school.manager.service.impl.SchoolServiceImpl$$SpringCGLIB$$0.createStudent(<generated>) ~[classes/:na]
	at com.school.manager.controller.SchoolController.createStudent(SchoolController.java:110) ~[classes/:na]
	at java.base/jdk.internal.reflect.DirectMethodHandleAccessor.invoke(DirectMethodHandleAccessor.java:103) ~[na:na]
	at java.base/java.lang.reflect.Method.invoke(Method.java:580) ~[na:na]
	at org.springframework.web.method.support.InvocableHandlerMethod.doInvoke(InvocableHandlerMethod.java:257) ~[spring-web-6.2.2.jar:6.2.2]
	at org.springframework.web.method.support.InvocableHandlerMethod.invokeForRequest(InvocableHandlerMethod.java:190) ~[spring-web-6.2.2.jar:6.2.2]
	at org.springframework.web.servlet.mvc.method.annotation.ServletInvocableHandlerMethod.invokeAndHandle(ServletInvocableHandlerMethod.java:118) ~[spring-webmvc-6.2.2.jar:6.2.2]
	at org.springframework.web.servlet.mvc.method.annotation.RequestMappingHandlerAdapter.invokeHandlerMethod(RequestMappingHandlerAdapter.java:986) ~[spring-webmvc-6.2.2.jar:6.2.2]
	at org.springframework.web.servlet.mvc.method.annotation.RequestMappingHandlerAdapter.handleInternal(RequestMappingHandlerAdapter.java:891) ~[spring-webmvc-6.2.2.jar:6.2.2]
	at org.springframework.web.servlet.mvc.method.AbstractHandlerMethodAdapter.handle(AbstractHandlerMethodAdapter.java:87) ~[spring-webmvc-6.2.2.jar:6.2.2]
	at org.springframework.web.servlet.DispatcherServlet.doDispatch(DispatcherServlet.java:1088) ~[spring-webmvc-6.2.2.jar:6.2.2]
	at org.springframework.web.servlet.DispatcherServlet.doService(DispatcherServlet.java:978) ~[spring-webmvc-6.2.2.jar:6.2.2]
	at org.springframework.web.servlet.FrameworkServlet.processRequest(FrameworkServlet.java:1014) ~[spring-webmvc-6.2.2.jar:6.2.2]
	at org.springframework.web.servlet.FrameworkServlet.doPost(FrameworkServlet.java:914) ~[spring-webmvc-6.2.2.jar:6.2.2]
	at jakarta.servlet.http.HttpServlet.service(HttpServlet.java:590) ~[tomcat-embed-core-10.1.34.jar:6.0]
	at org.springframework.web.servlet.FrameworkServlet.service(FrameworkServlet.java:885) ~[spring-webmvc-6.2.2.jar:6.2.2]
	at jakarta.servlet.http.HttpServlet.service(HttpServlet.java:658) ~[tomcat-embed-core-10.1.34.jar:6.0]
	at org.apache.catalina.core.ApplicationFilterChain.internalDoFilter(ApplicationFilterChain.java:195) ~[tomcat-embed-core-10.1.34.jar:10.1.34]
	at org.apache.catalina.core.ApplicationFilterChain.doFilter(ApplicationFilterChain.java:140) ~[tomcat-embed-core-10.1.34.jar:10.1.34]
	at org.apache.tomcat.websocket.server.WsFilter.doFilter(WsFilter.java:51) ~[tomcat-embed-websocket-10.1.34.jar:10.1.34]
	at org.apache.catalina.core.ApplicationFilterChain.internalDoFilter(ApplicationFilterChain.java:164) ~[tomcat-embed-core-10.1.34.jar:10.1.34]
	at org.apache.catalina.core.ApplicationFilterChain.doFilter(ApplicationFilterChain.java:140) ~[tomcat-embed-core-10.1.34.jar:10.1.34]
	at org.springframework.web.filter.CompositeFilter$VirtualFilterChain.doFilter(CompositeFilter.java:108) ~[spring-web-6.2.2.jar:6.2.2]
	at org.springframework.security.web.FilterChainProxy.lambda$doFilterInternal$3(FilterChainProxy.java:231) ~[spring-security-web-6.4.2.jar:6.4.2]
	at org.springframework.security.web.FilterChainProxy$VirtualFilterChain.doFilter(FilterChainProxy.java:365) ~[spring-security-web-6.4.2.jar:6.4.2]
	at org.springframework.security.web.access.ExceptionTranslationFilter.doFilter(ExceptionTranslationFilter.java:126) ~[spring-security-web-6.4.2.jar:6.4.2]
	at org.springframework.security.web.access.ExceptionTranslationFilter.doFilter(ExceptionTranslationFilter.java:120) ~[spring-security-web-6.4.2.jar:6.4.2]
	at org.springframework.security.web.FilterChainProxy$VirtualFilterChain.doFilter(FilterChainProxy.java:374) ~[spring-security-web-6.4.2.jar:6.4.2]
	at org.springframework.security.web.authentication.AnonymousAuthenticationFilter.doFilter(AnonymousAuthenticationFilter.java:100) ~[spring-security-web-6.4.2.jar:6.4.2]
	at org.springframework.security.web.FilterChainProxy$VirtualFilterChain.doFilter(FilterChainProxy.java:374) ~[spring-security-web-6.4.2.jar:6.4.2]
	at org.springframework.security.web.servletapi.SecurityContextHolderAwareRequestFilter.doFilter(SecurityContextHolderAwareRequestFilter.java:179) ~[spring-security-web-6.4.2.jar:6.4.2]
	at org.springframework.security.web.FilterChainProxy$VirtualFilterChain.doFilter(FilterChainProxy.java:374) ~[spring-security-web-6.4.2.jar:6.4.2]
	at org.springframework.security.web.savedrequest.RequestCacheAwareFilter.doFilter(RequestCacheAwareFilter.java:63) ~[spring-security-web-6.4.2.jar:6.4.2]
	at org.springframework.security.web.FilterChainProxy$VirtualFilterChain.doFilter(FilterChainProxy.java:374) ~[spring-security-web-6.4.2.jar:6.4.2]
	at org.springframework.security.web.authentication.logout.LogoutFilter.doFilter(LogoutFilter.java:107) ~[spring-security-web-6.4.2.jar:6.4.2]
	at org.springframework.security.web.authentication.logout.LogoutFilter.doFilter(LogoutFilter.java:93) ~[spring-security-web-6.4.2.jar:6.4.2]
	at org.springframework.security.web.FilterChainProxy$VirtualFilterChain.doFilter(FilterChainProxy.java:374) ~[spring-security-web-6.4.2.jar:6.4.2]
	at org.springframework.web.filter.CorsFilter.doFilterInternal(CorsFilter.java:91) ~[spring-web-6.2.2.jar:6.2.2]
	at org.springframework.web.filter.OncePerRequestFilter.doFilter(OncePerRequestFilter.java:116) ~[spring-web-6.2.2.jar:6.2.2]
	at org.springframework.security.web.FilterChainProxy$VirtualFilterChain.doFilter(FilterChainProxy.java:374) ~[spring-security-web-6.4.2.jar:6.4.2]
	at org.springframework.security.web.header.HeaderWriterFilter.doHeadersAfter(HeaderWriterFilter.java:90) ~[spring-security-web-6.4.2.jar:6.4.2]
	at org.springframework.security.web.header.HeaderWriterFilter.doFilterInternal(HeaderWriterFilter.java:75) ~[spring-security-web-6.4.2.jar:6.4.2]
	at org.springframework.web.filter.OncePerRequestFilter.doFilter(OncePerRequestFilter.java:116) ~[spring-web-6.2.2.jar:6.2.2]
	at org.springframework.security.web.FilterChainProxy$VirtualFilterChain.doFilter(FilterChainProxy.java:374) ~[spring-security-web-6.4.2.jar:6.4.2]
	at org.springframework.security.web.context.SecurityContextHolderFilter.doFilter(SecurityContextHolderFilter.java:82) ~[spring-security-web-6.4.2.jar:6.4.2]
	at org.springframework.security.web.context.SecurityContextHolderFilter.doFilter(SecurityContextHolderFilter.java:69) ~[spring-security-web-6.4.2.jar:6.4.2]
	at org.springframework.security.web.FilterChainProxy$VirtualFilterChain.doFilter(FilterChainProxy.java:374) ~[spring-security-web-6.4.2.jar:6.4.2]
	at org.springframework.security.web.context.request.async.WebAsyncManagerIntegrationFilter.doFilterInternal(WebAsyncManagerIntegrationFilter.java:62) ~[spring-security-web-6.4.2.jar:6.4.2]
	at org.springframework.web.filter.OncePerRequestFilter.doFilter(OncePerRequestFilter.java:116) ~[spring-web-6.2.2.jar:6.2.2]
	at org.springframework.security.web.FilterChainProxy$VirtualFilterChain.doFilter(FilterChainProxy.java:374) ~[spring-security-web-6.4.2.jar:6.4.2]
	at org.springframework.security.web.session.DisableEncodeUrlFilter.doFilterInternal(DisableEncodeUrlFilter.java:42) ~[spring-security-web-6.4.2.jar:6.4.2]
	at org.springframework.web.filter.OncePerRequestFilter.doFilter(OncePerRequestFilter.java:116) ~[spring-web-6.2.2.jar:6.2.2]
	at org.springframework.security.web.FilterChainProxy$VirtualFilterChain.doFilter(FilterChainProxy.java:374) ~[spring-security-web-6.4.2.jar:6.4.2]
	at org.springframework.security.web.FilterChainProxy.doFilterInternal(FilterChainProxy.java:233) ~[spring-security-web-6.4.2.jar:6.4.2]
	at org.springframework.security.web.FilterChainProxy.doFilter(FilterChainProxy.java:191) ~[spring-security-web-6.4.2.jar:6.4.2]
	at org.springframework.web.filter.CompositeFilter$VirtualFilterChain.doFilter(CompositeFilter.java:113) ~[spring-web-6.2.2.jar:6.2.2]
	at org.springframework.web.servlet.handler.HandlerMappingIntrospector.lambda$createCacheFilter$3(HandlerMappingIntrospector.java:243) ~[spring-webmvc-6.2.2.jar:6.2.2]
	at org.springframework.web.filter.CompositeFilter$VirtualFilterChain.doFilter(CompositeFilter.java:113) ~[spring-web-6.2.2.jar:6.2.2]
	at org.springframework.web.filter.CompositeFilter.doFilter(CompositeFilter.java:74) ~[spring-web-6.2.2.jar:6.2.2]
	at org.springframework.security.config.annotation.web.configuration.WebMvcSecurityConfiguration$CompositeFilterChainProxy.doFilter(WebMvcSecurityConfiguration.java:238) ~[spring-security-config-6.4.2.jar:6.4.2]
	at org.springframework.web.filter.DelegatingFilterProxy.invokeDelegate(DelegatingFilterProxy.java:362) ~[spring-web-6.2.2.jar:6.2.2]
	at org.springframework.web.filter.DelegatingFilterProxy.doFilter(DelegatingFilterProxy.java:278) ~[spring-web-6.2.2.jar:6.2.2]
	at org.apache.catalina.core.ApplicationFilterChain.internalDoFilter(ApplicationFilterChain.java:164) ~[tomcat-embed-core-10.1.34.jar:10.1.34]
	at org.apache.catalina.core.ApplicationFilterChain.doFilter(ApplicationFilterChain.java:140) ~[tomcat-embed-core-10.1.34.jar:10.1.34]
	at org.springframework.web.filter.RequestContextFilter.doFilterInternal(RequestContextFilter.java:100) ~[spring-web-6.2.2.jar:6.2.2]
	at org.springframework.web.filter.OncePerRequestFilter.doFilter(OncePerRequestFilter.java:116) ~[spring-web-6.2.2.jar:6.2.2]
	at org.apache.catalina.core.ApplicationFilterChain.internalDoFilter(ApplicationFilterChain.java:164) ~[tomcat-embed-core-10.1.34.jar:10.1.34]
	at org.apache.catalina.core.ApplicationFilterChain.doFilter(ApplicationFilterChain.java:140) ~[tomcat-embed-core-10.1.34.jar:10.1.34]
	at org.springframework.web.filter.FormContentFilter.doFilterInternal(FormContentFilter.java:93) ~[spring-web-6.2.2.jar:6.2.2]
	at org.springframework.web.filter.OncePerRequestFilter.doFilter(OncePerRequestFilter.java:116) ~[spring-web-6.2.2.jar:6.2.2]
	at org.apache.catalina.core.ApplicationFilterChain.internalDoFilter(ApplicationFilterChain.java:164) ~[tomcat-embed-core-10.1.34.jar:10.1.34]
	at org.apache.catalina.core.ApplicationFilterChain.doFilter(ApplicationFilterChain.java:140) ~[tomcat-embed-core-10.1.34.jar:10.1.34]
	at org.springframework.web.filter.CharacterEncodingFilter.doFilterInternal(CharacterEncodingFilter.java:201) ~[spring-web-6.2.2.jar:6.2.2]
	at org.springframework.web.filter.OncePerRequestFilter.doFilter(OncePerRequestFilter.java:116) ~[spring-web-6.2.2.jar:6.2.2]
	at org.apache.catalina.core.ApplicationFilterChain.internalDoFilter(ApplicationFilterChain.java:164) ~[tomcat-embed-core-10.1.34.jar:10.1.34]
	at org.apache.catalina.core.ApplicationFilterChain.doFilter(ApplicationFilterChain.java:140) ~[tomcat-embed-core-10.1.34.jar:10.1.34]
	at org.apache.catalina.core.StandardWrapperValve.invoke(StandardWrapperValve.java:167) ~[tomcat-embed-core-10.1.34.jar:10.1.34]
	at org.apache.catalina.core.StandardContextValve.invoke(StandardContextValve.java:90) ~[tomcat-embed-core-10.1.34.jar:10.1.34]
	at org.apache.catalina.authenticator.AuthenticatorBase.invoke(AuthenticatorBase.java:483) ~[tomcat-embed-core-10.1.34.jar:10.1.34]
	at org.apache.catalina.core.StandardHostValve.invoke(StandardHostValve.java:115) ~[tomcat-embed-core-10.1.34.jar:10.1.34]
	at org.apache.catalina.valves.ErrorReportValve.invoke(ErrorReportValve.java:93) ~[tomcat-embed-core-10.1.34.jar:10.1.34]
	at org.apache.catalina.core.StandardEngineValve.invoke(StandardEngineValve.java:74) ~[tomcat-embed-core-10.1.34.jar:10.1.34]
	at org.apache.catalina.connector.CoyoteAdapter.service(CoyoteAdapter.java:344) ~[tomcat-embed-core-10.1.34.jar:10.1.34]
	at org.apache.coyote.http11.Http11Processor.service(Http11Processor.java:397) ~[tomcat-embed-core-10.1.34.jar:10.1.34]
	at org.apache.coyote.AbstractProcessorLight.process(AbstractProcessorLight.java:63) ~[tomcat-embed-core-10.1.34.jar:10.1.34]
	at org.apache.coyote.AbstractProtocol$ConnectionHandler.process(AbstractProtocol.java:905) ~[tomcat-embed-core-10.1.34.jar:10.1.34]
	at org.apache.tomcat.util.net.NioEndpoint$SocketProcessor.doRun(NioEndpoint.java:1741) ~[tomcat-embed-core-10.1.34.jar:10.1.34]
	at org.apache.tomcat.util.net.SocketProcessorBase.run(SocketProcessorBase.java:52) ~[tomcat-embed-core-10.1.34.jar:10.1.34]
	at org.apache.tomcat.util.threads.ThreadPoolExecutor.runWorker(ThreadPoolExecutor.java:1190) ~[tomcat-embed-core-10.1.34.jar:10.1.34]
	at org.apache.tomcat.util.threads.ThreadPoolExecutor$Worker.run(ThreadPoolExecutor.java:659) ~[tomcat-embed-core-10.1.34.jar:10.1.34]
	at org.apache.tomcat.util.threads.TaskThread$WrappingRunnable.run(TaskThread.java:63) ~[tomcat-embed-core-10.1.34.jar:10.1.34]
	at java.base/java.lang.Thread.run(Thread.java:1583) ~[na:na]

2026-10-01T10:34:48.489+07:00  WARN 31696 --- [school-manager] [http-nio-8080-exec-1] .m.m.a.ExceptionHandlerExceptionResolver : Resolved [org.springframework.transaction.UnexpectedRollbackException: Transaction silently rolled back because it has been marked as rollback-only]
2026-10-01T10:34:48.502+07:00 DEBUG 31696 --- [school-manager] [http-nio-8080-exec-3] org.hibernate.SQL                        : select m1_0.id,m1_0.class_name,m1_0.code,m1_0.email,m1_0.must_change_password,m1_0.name,m1_0.password,m1_0.role,m1_0.subject from members m1_0 where m1_0.code=?
2026-10-01T10:34:48.504+07:00 DEBUG 31696 --- [school-manager] [http-nio-8080-exec-3] org.hibernate.SQL                        : select m1_0.id,m1_0.class_name,m1_0.code,m1_0.email,m1_0.must_change_password,m1_0.name,m1_0.password,m1_0.role,m1_0.subject from members m1_0 where lower(m1_0.email)=lower(?)
2026-10-01T10:34:48.506+07:00 DEBUG 31696 --- [school-manager] [http-nio-8080-exec-3] org.hibernate.SQL                        : select sc1_0.id from school_classes sc1_0 where sc1_0.code=? limit ?
2026-10-01T10:34:48.510+07:00 DEBUG 31696 --- [school-manager] [http-nio-8080-exec-3] org.hibernate.SQL                        : insert into members (class_name,code,email,must_change_password,name,password,role,subject) values (?,?,?,?,?,?,?,?)
2026-10-01T10:34:48.516+07:00 DEBUG 31696 --- [school-manager] [http-nio-8080-exec-3] org.hibernate.SQL                        : select count(g1_0.id)>0 from grades g1_0 where g1_0.student_id=? or lower(g1_0.student_code)=lower(?)
2026-10-01T10:34:48.518+07:00 DEBUG 31696 --- [school-manager] [http-nio-8080-exec-3] org.hibernate.SQL                        : select count(g1_0.id)>0 from grades g1_0 where lower(g1_0.student_code)=lower(?) or lower(g1_0.student_id)=lower(?)
2026-10-01T10:34:48.520+07:00 DEBUG 31696 --- [school-manager] [http-nio-8080-exec-3] org.hibernate.SQL                        : insert into grades (english,english_final,english_m15,english_mid,english_oral,gpa,literature,literature_final,literature_m15,literature_mid,literature_oral,math,math_final,math_m15,math_mid,math_oral,student_code,student_id) values (?,?,?,?,?,?,?,?,?,?,?,?,?,?,?,?,?,?)
2026-10-01T10:34:48.520+07:00  WARN 31696 --- [school-manager] [http-nio-8080-exec-3] o.h.engine.jdbc.spi.SqlExceptionHelper   : SQL Error: 1452, SQLState: 23000
2026-10-01T10:34:48.520+07:00 ERROR 31696 --- [school-manager] [http-nio-8080-exec-3] o.h.engine.jdbc.spi.SqlExceptionHelper   : Cannot add or update a child row: a foreign key constraint fails (`school_db`.`grades`, CONSTRAINT `fk_grade_student_code` FOREIGN KEY (`student_id`) REFERENCES `members` (`code`) ON DELETE CASCADE)
2026-10-01T10:34:48.520+07:00  WARN 31696 --- [school-manager] [http-nio-8080-exec-3] c.s.m.service.impl.SchoolServiceImpl     : Không thể khởi tạo bản ghi điểm ban đầu cho học sinh HS188: could not execute statement [Cannot add or update a child row: a foreign key constraint fails (`school_db`.`grades`, CONSTRAINT `fk_grade_student_code` FOREIGN KEY (`student_id`) REFERENCES `members` (`code`) ON DELETE CASCADE)] [insert into grades (english,english_final,english_m15,english_mid,english_oral,gpa,literature,literature_final,literature_m15,literature_mid,literature_oral,math,math_final,math_m15,math_mid,math_oral,student_code,student_id) values (?,?,?,?,?,?,?,?,?,?,?,?,?,?,?,?,?,?)]; SQL [insert into grades (english,english_final,english_m15,english_mid,english_oral,gpa,literature,literature_final,literature_m15,literature_mid,literature_oral,math,math_final,math_m15,math_mid,math_oral,student_code,student_id) values (?,?,?,?,?,?,?,?,?,?,?,?,?,?,?,?,?,?)]; constraint [null]
2026-10-01T10:34:48.529+07:00 ERROR 31696 --- [school-manager] [http-nio-8080-exec-3] c.s.m.exception.GlobalExceptionHandler   : Unhandled Exception: 

org.springframework.transaction.UnexpectedRollbackException: Transaction silently rolled back because it has been marked as rollback-only
	at org.springframework.transaction.support.AbstractPlatformTransactionManager.processCommit(AbstractPlatformTransactionManager.java:804) ~[spring-tx-6.2.2.jar:6.2.2]
	at org.springframework.transaction.support.AbstractPlatformTransactionManager.commit(AbstractPlatformTransactionManager.java:758) ~[spring-tx-6.2.2.jar:6.2.2]
	at org.springframework.transaction.interceptor.TransactionAspectSupport.commitTransactionAfterReturning(TransactionAspectSupport.java:698) ~[spring-tx-6.2.2.jar:6.2.2]
	at org.springframework.transaction.interceptor.TransactionAspectSupport.invokeWithinTransaction(TransactionAspectSupport.java:416) ~[spring-tx-6.2.2.jar:6.2.2]
	at org.springframework.transaction.interceptor.TransactionInterceptor.invoke(TransactionInterceptor.java:119) ~[spring-tx-6.2.2.jar:6.2.2]
	at org.springframework.aop.framework.ReflectiveMethodInvocation.proceed(ReflectiveMethodInvocation.java:184) ~[spring-aop-6.2.2.jar:6.2.2]
	at org.springframework.aop.framework.CglibAopProxy$DynamicAdvisedInterceptor.intercept(CglibAopProxy.java:727) ~[spring-aop-6.2.2.jar:6.2.2]
	at com.school.manager.service.impl.SchoolServiceImpl$$SpringCGLIB$$0.createStudent(<generated>) ~[classes/:na]
	at com.school.manager.controller.SchoolController.createStudent(SchoolController.java:110) ~[classes/:na]
	at java.base/jdk.internal.reflect.DirectMethodHandleAccessor.invoke(DirectMethodHandleAccessor.java:103) ~[na:na]
	at java.base/java.lang.reflect.Method.invoke(Method.java:580) ~[na:na]
	at org.springframework.web.method.support.InvocableHandlerMethod.doInvoke(InvocableHandlerMethod.java:257) ~[spring-web-6.2.2.jar:6.2.2]
	at org.springframework.web.method.support.InvocableHandlerMethod.invokeForRequest(InvocableHandlerMethod.java:190) ~[spring-web-6.2.2.jar:6.2.2]
	at org.springframework.web.servlet.mvc.method.annotation.ServletInvocableHandlerMethod.invokeAndHandle(ServletInvocableHandlerMethod.java:118) ~[spring-webmvc-6.2.2.jar:6.2.2]
	at org.springframework.web.servlet.mvc.method.annotation.RequestMappingHandlerAdapter.invokeHandlerMethod(RequestMappingHandlerAdapter.java:986) ~[spring-webmvc-6.2.2.jar:6.2.2]
	at org.springframework.web.servlet.mvc.method.annotation.RequestMappingHandlerAdapter.handleInternal(RequestMappingHandlerAdapter.java:891) ~[spring-webmvc-6.2.2.jar:6.2.2]
	at org.springframework.web.servlet.mvc.method.AbstractHandlerMethodAdapter.handle(AbstractHandlerMethodAdapter.java:87) ~[spring-webmvc-6.2.2.jar:6.2.2]
	at org.springframework.web.servlet.DispatcherServlet.doDispatch(DispatcherServlet.java:1088) ~[spring-webmvc-6.2.2.jar:6.2.2]
	at org.springframework.web.servlet.DispatcherServlet.doService(DispatcherServlet.java:978) ~[spring-webmvc-6.2.2.jar:6.2.2]
	at org.springframework.web.servlet.FrameworkServlet.processRequest(FrameworkServlet.java:1014) ~[spring-webmvc-6.2.2.jar:6.2.2]
	at org.springframework.web.servlet.FrameworkServlet.doPost(FrameworkServlet.java:914) ~[spring-webmvc-6.2.2.jar:6.2.2]
	at jakarta.servlet.http.HttpServlet.service(HttpServlet.java:590) ~[tomcat-embed-core-10.1.34.jar:6.0]
	at org.springframework.web.servlet.FrameworkServlet.service(FrameworkServlet.java:885) ~[spring-webmvc-6.2.2.jar:6.2.2]
	at jakarta.servlet.http.HttpServlet.service(HttpServlet.java:658) ~[tomcat-embed-core-10.1.34.jar:6.0]
	at org.apache.catalina.core.ApplicationFilterChain.internalDoFilter(ApplicationFilterChain.java:195) ~[tomcat-embed-core-10.1.34.jar:10.1.34]
	at org.apache.catalina.core.ApplicationFilterChain.doFilter(ApplicationFilterChain.java:140) ~[tomcat-embed-core-10.1.34.jar:10.1.34]
	at org.apache.tomcat.websocket.server.WsFilter.doFilter(WsFilter.java:51) ~[tomcat-embed-websocket-10.1.34.jar:10.1.34]
	at org.apache.catalina.core.ApplicationFilterChain.internalDoFilter(ApplicationFilterChain.java:164) ~[tomcat-embed-core-10.1.34.jar:10.1.34]
	at org.apache.catalina.core.ApplicationFilterChain.doFilter(ApplicationFilterChain.java:140) ~[tomcat-embed-core-10.1.34.jar:10.1.34]
	at org.springframework.web.filter.CompositeFilter$VirtualFilterChain.doFilter(CompositeFilter.java:108) ~[spring-web-6.2.2.jar:6.2.2]
	at org.springframework.security.web.FilterChainProxy.lambda$doFilterInternal$3(FilterChainProxy.java:231) ~[spring-security-web-6.4.2.jar:6.4.2]
	at org.springframework.security.web.FilterChainProxy$VirtualFilterChain.doFilter(FilterChainProxy.java:365) ~[spring-security-web-6.4.2.jar:6.4.2]
	at org.springframework.security.web.access.ExceptionTranslationFilter.doFilter(ExceptionTranslationFilter.java:126) ~[spring-security-web-6.4.2.jar:6.4.2]
	at org.springframework.security.web.access.ExceptionTranslationFilter.doFilter(ExceptionTranslationFilter.java:120) ~[spring-security-web-6.4.2.jar:6.4.2]
	at org.springframework.security.web.FilterChainProxy$VirtualFilterChain.doFilter(FilterChainProxy.java:374) ~[spring-security-web-6.4.2.jar:6.4.2]
	at org.springframework.security.web.authentication.AnonymousAuthenticationFilter.doFilter(AnonymousAuthenticationFilter.java:100) ~[spring-security-web-6.4.2.jar:6.4.2]
	at org.springframework.security.web.FilterChainProxy$VirtualFilterChain.doFilter(FilterChainProxy.java:374) ~[spring-security-web-6.4.2.jar:6.4.2]
	at org.springframework.security.web.servletapi.SecurityContextHolderAwareRequestFilter.doFilter(SecurityContextHolderAwareRequestFilter.java:179) ~[spring-security-web-6.4.2.jar:6.4.2]
	at org.springframework.security.web.FilterChainProxy$VirtualFilterChain.doFilter(FilterChainProxy.java:374) ~[spring-security-web-6.4.2.jar:6.4.2]
	at org.springframework.security.web.savedrequest.RequestCacheAwareFilter.doFilter(RequestCacheAwareFilter.java:63) ~[spring-security-web-6.4.2.jar:6.4.2]
	at org.springframework.security.web.FilterChainProxy$VirtualFilterChain.doFilter(FilterChainProxy.java:374) ~[spring-security-web-6.4.2.jar:6.4.2]
	at org.springframework.security.web.authentication.logout.LogoutFilter.doFilter(LogoutFilter.java:107) ~[spring-security-web-6.4.2.jar:6.4.2]
	at org.springframework.security.web.authentication.logout.LogoutFilter.doFilter(LogoutFilter.java:93) ~[spring-security-web-6.4.2.jar:6.4.2]
	at org.springframework.security.web.FilterChainProxy$VirtualFilterChain.doFilter(FilterChainProxy.java:374) ~[spring-security-web-6.4.2.jar:6.4.2]
	at org.springframework.web.filter.CorsFilter.doFilterInternal(CorsFilter.java:91) ~[spring-web-6.2.2.jar:6.2.2]
	at org.springframework.web.filter.OncePerRequestFilter.doFilter(OncePerRequestFilter.java:116) ~[spring-web-6.2.2.jar:6.2.2]
	at org.springframework.security.web.FilterChainProxy$VirtualFilterChain.doFilter(FilterChainProxy.java:374) ~[spring-security-web-6.4.2.jar:6.4.2]
	at org.springframework.security.web.header.HeaderWriterFilter.doHeadersAfter(HeaderWriterFilter.java:90) ~[spring-security-web-6.4.2.jar:6.4.2]
	at org.springframework.security.web.header.HeaderWriterFilter.doFilterInternal(HeaderWriterFilter.java:75) ~[spring-security-web-6.4.2.jar:6.4.2]
	at org.springframework.web.filter.OncePerRequestFilter.doFilter(OncePerRequestFilter.java:116) ~[spring-web-6.2.2.jar:6.2.2]
	at org.springframework.security.web.FilterChainProxy$VirtualFilterChain.doFilter(FilterChainProxy.java:374) ~[spring-security-web-6.4.2.jar:6.4.2]
	at org.springframework.security.web.context.SecurityContextHolderFilter.doFilter(SecurityContextHolderFilter.java:82) ~[spring-security-web-6.4.2.jar:6.4.2]
	at org.springframework.security.web.context.SecurityContextHolderFilter.doFilter(SecurityContextHolderFilter.java:69) ~[spring-security-web-6.4.2.jar:6.4.2]
	at org.springframework.security.web.FilterChainProxy$VirtualFilterChain.doFilter(FilterChainProxy.java:374) ~[spring-security-web-6.4.2.jar:6.4.2]
	at org.springframework.security.web.context.request.async.WebAsyncManagerIntegrationFilter.doFilterInternal(WebAsyncManagerIntegrationFilter.java:62) ~[spring-security-web-6.4.2.jar:6.4.2]
	at org.springframework.web.filter.OncePerRequestFilter.doFilter(OncePerRequestFilter.java:116) ~[spring-web-6.2.2.jar:6.2.2]
	at org.springframework.security.web.FilterChainProxy$VirtualFilterChain.doFilter(FilterChainProxy.java:374) ~[spring-security-web-6.4.2.jar:6.4.2]
	at org.springframework.security.web.session.DisableEncodeUrlFilter.doFilterInternal(DisableEncodeUrlFilter.java:42) ~[spring-security-web-6.4.2.jar:6.4.2]
	at org.springframework.web.filter.OncePerRequestFilter.doFilter(OncePerRequestFilter.java:116) ~[spring-web-6.2.2.jar:6.2.2]
	at org.springframework.security.web.FilterChainProxy$VirtualFilterChain.doFilter(FilterChainProxy.java:374) ~[spring-security-web-6.4.2.jar:6.4.2]
	at org.springframework.security.web.FilterChainProxy.doFilterInternal(FilterChainProxy.java:233) ~[spring-security-web-6.4.2.jar:6.4.2]
	at org.springframework.security.web.FilterChainProxy.doFilter(FilterChainProxy.java:191) ~[spring-security-web-6.4.2.jar:6.4.2]
	at org.springframework.web.filter.CompositeFilter$VirtualFilterChain.doFilter(CompositeFilter.java:113) ~[spring-web-6.2.2.jar:6.2.2]
	at org.springframework.web.servlet.handler.HandlerMappingIntrospector.lambda$createCacheFilter$3(HandlerMappingIntrospector.java:243) ~[spring-webmvc-6.2.2.jar:6.2.2]
	at org.springframework.web.filter.CompositeFilter$VirtualFilterChain.doFilter(CompositeFilter.java:113) ~[spring-web-6.2.2.jar:6.2.2]
	at org.springframework.web.filter.CompositeFilter.doFilter(CompositeFilter.java:74) ~[spring-web-6.2.2.jar:6.2.2]
	at org.springframework.security.config.annotation.web.configuration.WebMvcSecurityConfiguration$CompositeFilterChainProxy.doFilter(WebMvcSecurityConfiguration.java:238) ~[spring-security-config-6.4.2.jar:6.4.2]
	at org.springframework.web.filter.DelegatingFilterProxy.invokeDelegate(DelegatingFilterProxy.java:362) ~[spring-web-6.2.2.jar:6.2.2]
	at org.springframework.web.filter.DelegatingFilterProxy.doFilter(DelegatingFilterProxy.java:278) ~[spring-web-6.2.2.jar:6.2.2]
	at org.apache.catalina.core.ApplicationFilterChain.internalDoFilter(ApplicationFilterChain.java:164) ~[tomcat-embed-core-10.1.34.jar:10.1.34]
	at org.apache.catalina.core.ApplicationFilterChain.doFilter(ApplicationFilterChain.java:140) ~[tomcat-embed-core-10.1.34.jar:10.1.34]
	at org.springframework.web.filter.RequestContextFilter.doFilterInternal(RequestContextFilter.java:100) ~[spring-web-6.2.2.jar:6.2.2]
	at org.springframework.web.filter.OncePerRequestFilter.doFilter(OncePerRequestFilter.java:116) ~[spring-web-6.2.2.jar:6.2.2]
	at org.apache.catalina.core.ApplicationFilterChain.internalDoFilter(ApplicationFilterChain.java:164) ~[tomcat-embed-core-10.1.34.jar:10.1.34]
	at org.apache.catalina.core.ApplicationFilterChain.doFilter(ApplicationFilterChain.java:140) ~[tomcat-embed-core-10.1.34.jar:10.1.34]
	at org.springframework.web.filter.FormContentFilter.doFilterInternal(FormContentFilter.java:93) ~[spring-web-6.2.2.jar:6.2.2]
	at org.springframework.web.filter.OncePerRequestFilter.doFilter(OncePerRequestFilter.java:116) ~[spring-web-6.2.2.jar:6.2.2]
	at org.apache.catalina.core.ApplicationFilterChain.internalDoFilter(ApplicationFilterChain.java:164) ~[tomcat-embed-core-10.1.34.jar:10.1.34]
	at org.apache.catalina.core.ApplicationFilterChain.doFilter(ApplicationFilterChain.java:140) ~[tomcat-embed-core-10.1.34.jar:10.1.34]
	at org.springframework.web.filter.CharacterEncodingFilter.doFilterInternal(CharacterEncodingFilter.java:201) ~[spring-web-6.2.2.jar:6.2.2]
	at org.springframework.web.filter.OncePerRequestFilter.doFilter(OncePerRequestFilter.java:116) ~[spring-web-6.2.2.jar:6.2.2]
	at org.apache.catalina.core.ApplicationFilterChain.internalDoFilter(ApplicationFilterChain.java:164) ~[tomcat-embed-core-10.1.34.jar:10.1.34]
	at org.apache.catalina.core.ApplicationFilterChain.doFilter(ApplicationFilterChain.java:140) ~[tomcat-embed-core-10.1.34.jar:10.1.34]
	at org.apache.catalina.core.StandardWrapperValve.invoke(StandardWrapperValve.java:167) ~[tomcat-embed-core-10.1.34.jar:10.1.34]
	at org.apache.catalina.core.StandardContextValve.invoke(StandardContextValve.java:90) ~[tomcat-embed-core-10.1.34.jar:10.1.34]
	at org.apache.catalina.authenticator.AuthenticatorBase.invoke(AuthenticatorBase.java:483) ~[tomcat-embed-core-10.1.34.jar:10.1.34]
	at org.apache.catalina.core.StandardHostValve.invoke(StandardHostValve.java:115) ~[tomcat-embed-core-10.1.34.jar:10.1.34]
	at org.apache.catalina.valves.ErrorReportValve.invoke(ErrorReportValve.java:93) ~[tomcat-embed-core-10.1.34.jar:10.1.34]
	at org.apache.catalina.core.StandardEngineValve.invoke(StandardEngineValve.java:74) ~[tomcat-embed-core-10.1.34.jar:10.1.34]
	at org.apache.catalina.connector.CoyoteAdapter.service(CoyoteAdapter.java:344) ~[tomcat-embed-core-10.1.34.jar:10.1.34]
	at org.apache.coyote.http11.Http11Processor.service(Http11Processor.java:397) ~[tomcat-embed-core-10.1.34.jar:10.1.34]
	at org.apache.coyote.AbstractProcessorLight.process(AbstractProcessorLight.java:63) ~[tomcat-embed-core-10.1.34.jar:10.1.34]
	at org.apache.coyote.AbstractProtocol$ConnectionHandler.process(AbstractProtocol.java:905) ~[tomcat-embed-core-10.1.34.jar:10.1.34]
	at org.apache.tomcat.util.net.NioEndpoint$SocketProcessor.doRun(NioEndpoint.java:1741) ~[tomcat-embed-core-10.1.34.jar:10.1.34]
	at org.apache.tomcat.util.net.SocketProcessorBase.run(SocketProcessorBase.java:52) ~[tomcat-embed-core-10.1.34.jar:10.1.34]
	at org.apache.tomcat.util.threads.ThreadPoolExecutor.runWorker(ThreadPoolExecutor.java:1190) ~[tomcat-embed-core-10.1.34.jar:10.1.34]
	at org.apache.tomcat.util.threads.ThreadPoolExecutor$Worker.run(ThreadPoolExecutor.java:659) ~[tomcat-embed-core-10.1.34.jar:10.1.34]
	at org.apache.tomcat.util.threads.TaskThread$WrappingRunnable.run(TaskThread.java:63) ~[tomcat-embed-core-10.1.34.jar:10.1.34]
	at java.base/java.lang.Thread.run(Thread.java:1583) ~[na:na]

2026-10-01T10:34:48.531+07:00  WARN 31696 --- [school-manager] [http-nio-8080-exec-3] .m.m.a.ExceptionHandlerExceptionResolver : Resolved [org.springframework.transaction.UnexpectedRollbackException: Transaction silently rolled back because it has been marked as rollback-only]
2026-10-01T10:34:48.559+07:00 DEBUG 31696 --- [school-manager] [http-nio-8080-exec-5] org.hibernate.SQL                        : select distinct g1_0.id,g1_0.english,g1_0.english_final,g1_0.english_m15,g1_0.english_mid,g1_0.english_oral,g1_0.gpa,g1_0.literature,g1_0.literature_final,g1_0.literature_m15,g1_0.literature_mid,g1_0.literature_oral,g1_0.math,g1_0.math_final,g1_0.math_m15,g1_0.math_mid,g1_0.math_oral,g1_0.student_code,g1_0.student_id from grades g1_0 where (g1_0.student_id in ((select m1_0.code from members m1_0 where lower(m1_0.role)=?)) or g1_0.student_id in ((select m2_0.id from members m2_0 where lower(m2_0.role)=?)) or g1_0.student_code in ((select m3_0.code from members m3_0 where lower(m3_0.role)=?))) limit ?,?
2026-10-01T10:34:48.569+07:00 DEBUG 31696 --- [school-manager] [http-nio-8080-exec-5] org.hibernate.SQL                        : select count(g1_0.id) from grades g1_0 where (g1_0.student_id in ((select m1_0.code from members m1_0 where lower(m1_0.role)=?)) or g1_0.student_id in ((select m2_0.id from members m2_0 where lower(m2_0.role)=?)) or g1_0.student_code in ((select m3_0.code from members m3_0 where lower(m3_0.role)=?)))
2026-10-01T10:34:48.573+07:00 DEBUG 31696 --- [school-manager] [http-nio-8080-exec-5] org.hibernate.SQL                        : select m1_0.id,m1_0.class_name,m1_0.code,m1_0.email,m1_0.must_change_password,m1_0.name,m1_0.password,m1_0.role,m1_0.subject from members m1_0
2026-10-01T10:34:48.585+07:00 DEBUG 31696 --- [school-manager] [http-nio-8080-exec-5] org.hibernate.SQL                        : select ac1_0.member_id,ac1_0.class_id from member_assigned_classes ac1_0 where ac1_0.member_id in (?,?,?,?,?,?,?,?,?,?,?,?,?,?,?,?,?,?,?,?,?,?,?,?,?,?,?,?,?,?,?,?,?,?,?,?,?,?,?,?,?,?,?,?,?,?,?,?,?,?)
2026-10-01T10:34:50.442+07:00 DEBUG 31696 --- [school-manager] [http-nio-8080-exec-4] org.hibernate.SQL                        : select distinct g1_0.id,g1_0.english,g1_0.english_final,g1_0.english_m15,g1_0.english_mid,g1_0.english_oral,g1_0.gpa,g1_0.literature,g1_0.literature_final,g1_0.literature_m15,g1_0.literature_mid,g1_0.literature_oral,g1_0.math,g1_0.math_final,g1_0.math_m15,g1_0.math_mid,g1_0.math_oral,g1_0.student_code,g1_0.student_id from grades g1_0 where (g1_0.student_id in ((select m1_0.code from members m1_0 where lower(m1_0.role)=?)) or g1_0.student_id in ((select m2_0.id from members m2_0 where lower(m2_0.role)=?)) or g1_0.student_code in ((select m3_0.code from members m3_0 where lower(m3_0.role)=?))) limit ?,?
2026-10-01T10:34:50.446+07:00 DEBUG 31696 --- [school-manager] [http-nio-8080-exec-4] org.hibernate.SQL                        : select count(g1_0.id) from grades g1_0 where (g1_0.student_id in ((select m1_0.code from members m1_0 where lower(m1_0.role)=?)) or g1_0.student_id in ((select m2_0.id from members m2_0 where lower(m2_0.role)=?)) or g1_0.student_code in ((select m3_0.code from members m3_0 where lower(m3_0.role)=?)))
2026-10-01T10:34:50.449+07:00 DEBUG 31696 --- [school-manager] [http-nio-8080-exec-4] org.hibernate.SQL                        : select m1_0.id,m1_0.class_name,m1_0.code,m1_0.email,m1_0.must_change_password,m1_0.name,m1_0.password,m1_0.role,m1_0.subject from members m1_0
2026-10-01T10:34:50.456+07:00 DEBUG 31696 --- [school-manager] [http-nio-8080-exec-4] org.hibernate.SQL                        : select ac1_0.member_id,ac1_0.class_id from member_assigned_classes ac1_0 where ac1_0.member_id in (?,?,?,?,?,?,?,?,?,?,?,?,?,?,?,?,?,?,?,?,?,?,?,?,?,?,?,?,?,?,?,?,?,?,?,?,?,?,?,?,?,?,?,?,?,?,?,?,?,?)
2026-10-01T10:34:51.123+07:00 DEBUG 31696 --- [school-manager] [http-nio-8080-exec-2] org.hibernate.SQL                        : select distinct g1_0.id,g1_0.english,g1_0.english_final,g1_0.english_m15,g1_0.english_mid,g1_0.english_oral,g1_0.gpa,g1_0.literature,g1_0.literature_final,g1_0.literature_m15,g1_0.literature_mid,g1_0.literature_oral,g1_0.math,g1_0.math_final,g1_0.math_m15,g1_0.math_mid,g1_0.math_oral,g1_0.student_code,g1_0.student_id from grades g1_0 where (g1_0.student_id in ((select m1_0.code from members m1_0 where lower(m1_0.role)=?)) or g1_0.student_id in ((select m2_0.id from members m2_0 where lower(m2_0.role)=?)) or g1_0.student_code in ((select m3_0.code from members m3_0 where lower(m3_0.role)=?))) limit ?,?
2026-10-01T10:34:51.128+07:00 DEBUG 31696 --- [school-manager] [http-nio-8080-exec-2] org.hibernate.SQL                        : select m1_0.id,m1_0.class_name,m1_0.code,m1_0.email,m1_0.must_change_password,m1_0.name,m1_0.password,m1_0.role,m1_0.subject from members m1_0
2026-10-01T10:34:51.133+07:00 DEBUG 31696 --- [school-manager] [http-nio-8080-exec-2] org.hibernate.SQL                        : select ac1_0.member_id,ac1_0.class_id from member_assigned_classes ac1_0 where ac1_0.member_id in (?,?,?,?,?,?,?,?,?,?,?,?,?,?,?,?,?,?,?,?,?,?,?,?,?,?,?,?,?,?,?,?,?,?,?,?,?,?,?,?,?,?,?,?,?,?,?,?,?,?)
2026-10-01T10:50:06.508+07:00 DEBUG 31696 --- [school-manager] [http-nio-8080-exec-7] org.hibernate.SQL                        : select m1_0.class_name,count(m1_0.id) from members m1_0 where m1_0.role='student' and m1_0.class_name is not null group by m1_0.class_name
2026-10-01T10:50:06.514+07:00 DEBUG 31696 --- [school-manager] [http-nio-8080-exec-7] org.hibernate.SQL                        : select ac1_0.class_id,count(distinct m1_0.id) from members m1_0 join member_assigned_classes ac1_0 on m1_0.id=ac1_0.member_id where m1_0.role='teacher' group by ac1_0.class_id
2026-10-01T10:50:06.519+07:00 DEBUG 31696 --- [school-manager] [http-nio-8080-exec-7] org.hibernate.SQL                        : select sc1_0.id,sc1_0.code,sc1_0.name from school_classes sc1_0
2026-10-01T10:50:25.384+07:00 DEBUG 31696 --- [school-manager] [http-nio-8080-exec-10] org.hibernate.SQL                        : select m1_0.id,m1_0.class_name,m1_0.code,m1_0.email,m1_0.must_change_password,m1_0.name,m1_0.password,m1_0.role,m1_0.subject from members m1_0 where m1_0.code=?
2026-10-01T10:50:25.391+07:00 DEBUG 31696 --- [school-manager] [http-nio-8080-exec-10] org.hibernate.SQL                        : select m1_0.id,m1_0.class_name,m1_0.code,m1_0.email,m1_0.must_change_password,m1_0.name,m1_0.password,m1_0.role,m1_0.subject from members m1_0 where lower(m1_0.email)=lower(?)
2026-10-01T10:50:25.399+07:00 DEBUG 31696 --- [school-manager] [http-nio-8080-exec-10] org.hibernate.SQL                        : insert into members (class_name,code,email,must_change_password,name,password,role,subject) values (?,?,?,?,?,?,?,?)
2026-10-01T10:50:25.407+07:00 DEBUG 31696 --- [school-manager] [http-nio-8080-exec-10] org.hibernate.SQL                        : select count(g1_0.id)>0 from grades g1_0 where g1_0.student_id=? or lower(g1_0.student_code)=lower(?)
2026-10-01T10:50:25.417+07:00 DEBUG 31696 --- [school-manager] [http-nio-8080-exec-10] org.hibernate.SQL                        : select count(g1_0.id)>0 from grades g1_0 where lower(g1_0.student_code)=lower(?) or lower(g1_0.student_id)=lower(?)
2026-10-01T10:50:25.423+07:00 DEBUG 31696 --- [school-manager] [http-nio-8080-exec-10] org.hibernate.SQL                        : insert into grades (english,english_final,english_m15,english_mid,english_oral,gpa,literature,literature_final,literature_m15,literature_mid,literature_oral,math,math_final,math_m15,math_mid,math_oral,student_code,student_id) values (?,?,?,?,?,?,?,?,?,?,?,?,?,?,?,?,?,?)
2026-10-01T10:50:25.432+07:00  WARN 31696 --- [school-manager] [http-nio-8080-exec-10] o.h.engine.jdbc.spi.SqlExceptionHelper   : SQL Error: 1452, SQLState: 23000
2026-10-01T10:50:25.432+07:00 ERROR 31696 --- [school-manager] [http-nio-8080-exec-10] o.h.engine.jdbc.spi.SqlExceptionHelper   : Cannot add or update a child row: a foreign key constraint fails (`school_db`.`grades`, CONSTRAINT `fk_grade_student_code` FOREIGN KEY (`student_id`) REFERENCES `members` (`code`) ON DELETE CASCADE)
2026-10-01T10:50:25.434+07:00  WARN 31696 --- [school-manager] [http-nio-8080-exec-10] c.s.m.service.impl.SchoolServiceImpl     : Không thể khởi tạo bản ghi điểm ban đầu cho học sinh HS188: could not execute statement [Cannot add or update a child row: a foreign key constraint fails (`school_db`.`grades`, CONSTRAINT `fk_grade_student_code` FOREIGN KEY (`student_id`) REFERENCES `members` (`code`) ON DELETE CASCADE)] [insert into grades (english,english_final,english_m15,english_mid,english_oral,gpa,literature,literature_final,literature_m15,literature_mid,literature_oral,math,math_final,math_m15,math_mid,math_oral,student_code,student_id) values (?,?,?,?,?,?,?,?,?,?,?,?,?,?,?,?,?,?)]; SQL [insert into grades (english,english_final,english_m15,english_mid,english_oral,gpa,literature,literature_final,literature_m15,literature_mid,literature_oral,math,math_final,math_m15,math_mid,math_oral,student_code,student_id) values (?,?,?,?,?,?,?,?,?,?,?,?,?,?,?,?,?,?)]; constraint [null]
2026-10-01T10:50:25.449+07:00 ERROR 31696 --- [school-manager] [http-nio-8080-exec-10] c.s.m.exception.GlobalExceptionHandler   : Unhandled Exception: 

org.springframework.transaction.UnexpectedRollbackException: Transaction silently rolled back because it has been marked as rollback-only
	at org.springframework.transaction.support.AbstractPlatformTransactionManager.processCommit(AbstractPlatformTransactionManager.java:804) ~[spring-tx-6.2.2.jar:6.2.2]
	at org.springframework.transaction.support.AbstractPlatformTransactionManager.commit(AbstractPlatformTransactionManager.java:758) ~[spring-tx-6.2.2.jar:6.2.2]
	at org.springframework.transaction.interceptor.TransactionAspectSupport.commitTransactionAfterReturning(TransactionAspectSupport.java:698) ~[spring-tx-6.2.2.jar:6.2.2]
	at org.springframework.transaction.interceptor.TransactionAspectSupport.invokeWithinTransaction(TransactionAspectSupport.java:416) ~[spring-tx-6.2.2.jar:6.2.2]
	at org.springframework.transaction.interceptor.TransactionInterceptor.invoke(TransactionInterceptor.java:119) ~[spring-tx-6.2.2.jar:6.2.2]
	at org.springframework.aop.framework.ReflectiveMethodInvocation.proceed(ReflectiveMethodInvocation.java:184) ~[spring-aop-6.2.2.jar:6.2.2]
	at org.springframework.aop.framework.CglibAopProxy$DynamicAdvisedInterceptor.intercept(CglibAopProxy.java:727) ~[spring-aop-6.2.2.jar:6.2.2]
	at com.school.manager.service.impl.SchoolServiceImpl$$SpringCGLIB$$0.createStudent(<generated>) ~[classes/:na]
	at com.school.manager.controller.SchoolController.createStudent(SchoolController.java:110) ~[classes/:na]
	at java.base/jdk.internal.reflect.DirectMethodHandleAccessor.invoke(DirectMethodHandleAccessor.java:103) ~[na:na]
	at java.base/java.lang.reflect.Method.invoke(Method.java:580) ~[na:na]
	at org.springframework.web.method.support.InvocableHandlerMethod.doInvoke(InvocableHandlerMethod.java:257) ~[spring-web-6.2.2.jar:6.2.2]
	at org.springframework.web.method.support.InvocableHandlerMethod.invokeForRequest(InvocableHandlerMethod.java:190) ~[spring-web-6.2.2.jar:6.2.2]
	at org.springframework.web.servlet.mvc.method.annotation.ServletInvocableHandlerMethod.invokeAndHandle(ServletInvocableHandlerMethod.java:118) ~[spring-webmvc-6.2.2.jar:6.2.2]
	at org.springframework.web.servlet.mvc.method.annotation.RequestMappingHandlerAdapter.invokeHandlerMethod(RequestMappingHandlerAdapter.java:986) ~[spring-webmvc-6.2.2.jar:6.2.2]
	at org.springframework.web.servlet.mvc.method.annotation.RequestMappingHandlerAdapter.handleInternal(RequestMappingHandlerAdapter.java:891) ~[spring-webmvc-6.2.2.jar:6.2.2]
	at org.springframework.web.servlet.mvc.method.AbstractHandlerMethodAdapter.handle(AbstractHandlerMethodAdapter.java:87) ~[spring-webmvc-6.2.2.jar:6.2.2]
	at org.springframework.web.servlet.DispatcherServlet.doDispatch(DispatcherServlet.java:1088) ~[spring-webmvc-6.2.2.jar:6.2.2]
	at org.springframework.web.servlet.DispatcherServlet.doService(DispatcherServlet.java:978) ~[spring-webmvc-6.2.2.jar:6.2.2]
	at org.springframework.web.servlet.FrameworkServlet.processRequest(FrameworkServlet.java:1014) ~[spring-webmvc-6.2.2.jar:6.2.2]
	at org.springframework.web.servlet.FrameworkServlet.doPost(FrameworkServlet.java:914) ~[spring-webmvc-6.2.2.jar:6.2.2]
	at jakarta.servlet.http.HttpServlet.service(HttpServlet.java:590) ~[tomcat-embed-core-10.1.34.jar:6.0]
	at org.springframework.web.servlet.FrameworkServlet.service(FrameworkServlet.java:885) ~[spring-webmvc-6.2.2.jar:6.2.2]
	at jakarta.servlet.http.HttpServlet.service(HttpServlet.java:658) ~[tomcat-embed-core-10.1.34.jar:6.0]
	at org.apache.catalina.core.ApplicationFilterChain.internalDoFilter(ApplicationFilterChain.java:195) ~[tomcat-embed-core-10.1.34.jar:10.1.34]
	at org.apache.catalina.core.ApplicationFilterChain.doFilter(ApplicationFilterChain.java:140) ~[tomcat-embed-core-10.1.34.jar:10.1.34]
	at org.apache.tomcat.websocket.server.WsFilter.doFilter(WsFilter.java:51) ~[tomcat-embed-websocket-10.1.34.jar:10.1.34]
	at org.apache.catalina.core.ApplicationFilterChain.internalDoFilter(ApplicationFilterChain.java:164) ~[tomcat-embed-core-10.1.34.jar:10.1.34]
	at org.apache.catalina.core.ApplicationFilterChain.doFilter(ApplicationFilterChain.java:140) ~[tomcat-embed-core-10.1.34.jar:10.1.34]
	at org.springframework.web.filter.CompositeFilter$VirtualFilterChain.doFilter(CompositeFilter.java:108) ~[spring-web-6.2.2.jar:6.2.2]
	at org.springframework.security.web.FilterChainProxy.lambda$doFilterInternal$3(FilterChainProxy.java:231) ~[spring-security-web-6.4.2.jar:6.4.2]
	at org.springframework.security.web.FilterChainProxy$VirtualFilterChain.doFilter(FilterChainProxy.java:365) ~[spring-security-web-6.4.2.jar:6.4.2]
	at org.springframework.security.web.access.ExceptionTranslationFilter.doFilter(ExceptionTranslationFilter.java:126) ~[spring-security-web-6.4.2.jar:6.4.2]
	at org.springframework.security.web.access.ExceptionTranslationFilter.doFilter(ExceptionTranslationFilter.java:120) ~[spring-security-web-6.4.2.jar:6.4.2]
	at org.springframework.security.web.FilterChainProxy$VirtualFilterChain.doFilter(FilterChainProxy.java:374) ~[spring-security-web-6.4.2.jar:6.4.2]
	at org.springframework.security.web.authentication.AnonymousAuthenticationFilter.doFilter(AnonymousAuthenticationFilter.java:100) ~[spring-security-web-6.4.2.jar:6.4.2]
	at org.springframework.security.web.FilterChainProxy$VirtualFilterChain.doFilter(FilterChainProxy.java:374) ~[spring-security-web-6.4.2.jar:6.4.2]
	at org.springframework.security.web.servletapi.SecurityContextHolderAwareRequestFilter.doFilter(SecurityContextHolderAwareRequestFilter.java:179) ~[spring-security-web-6.4.2.jar:6.4.2]
	at org.springframework.security.web.FilterChainProxy$VirtualFilterChain.doFilter(FilterChainProxy.java:374) ~[spring-security-web-6.4.2.jar:6.4.2]
	at org.springframework.security.web.savedrequest.RequestCacheAwareFilter.doFilter(RequestCacheAwareFilter.java:63) ~[spring-security-web-6.4.2.jar:6.4.2]
	at org.springframework.security.web.FilterChainProxy$VirtualFilterChain.doFilter(FilterChainProxy.java:374) ~[spring-security-web-6.4.2.jar:6.4.2]
	at org.springframework.security.web.authentication.logout.LogoutFilter.doFilter(LogoutFilter.java:107) ~[spring-security-web-6.4.2.jar:6.4.2]
	at org.springframework.security.web.authentication.logout.LogoutFilter.doFilter(LogoutFilter.java:93) ~[spring-security-web-6.4.2.jar:6.4.2]
	at org.springframework.security.web.FilterChainProxy$VirtualFilterChain.doFilter(FilterChainProxy.java:374) ~[spring-security-web-6.4.2.jar:6.4.2]
	at org.springframework.web.filter.CorsFilter.doFilterInternal(CorsFilter.java:91) ~[spring-web-6.2.2.jar:6.2.2]
	at org.springframework.web.filter.OncePerRequestFilter.doFilter(OncePerRequestFilter.java:116) ~[spring-web-6.2.2.jar:6.2.2]
	at org.springframework.security.web.FilterChainProxy$VirtualFilterChain.doFilter(FilterChainProxy.java:374) ~[spring-security-web-6.4.2.jar:6.4.2]
	at org.springframework.security.web.header.HeaderWriterFilter.doHeadersAfter(HeaderWriterFilter.java:90) ~[spring-security-web-6.4.2.jar:6.4.2]
	at org.springframework.security.web.header.HeaderWriterFilter.doFilterInternal(HeaderWriterFilter.java:75) ~[spring-security-web-6.4.2.jar:6.4.2]
	at org.springframework.web.filter.OncePerRequestFilter.doFilter(OncePerRequestFilter.java:116) ~[spring-web-6.2.2.jar:6.2.2]
	at org.springframework.security.web.FilterChainProxy$VirtualFilterChain.doFilter(FilterChainProxy.java:374) ~[spring-security-web-6.4.2.jar:6.4.2]
	at org.springframework.security.web.context.SecurityContextHolderFilter.doFilter(SecurityContextHolderFilter.java:82) ~[spring-security-web-6.4.2.jar:6.4.2]
	at org.springframework.security.web.context.SecurityContextHolderFilter.doFilter(SecurityContextHolderFilter.java:69) ~[spring-security-web-6.4.2.jar:6.4.2]
	at org.springframework.security.web.FilterChainProxy$VirtualFilterChain.doFilter(FilterChainProxy.java:374) ~[spring-security-web-6.4.2.jar:6.4.2]
	at org.springframework.security.web.context.request.async.WebAsyncManagerIntegrationFilter.doFilterInternal(WebAsyncManagerIntegrationFilter.java:62) ~[spring-security-web-6.4.2.jar:6.4.2]
	at org.springframework.web.filter.OncePerRequestFilter.doFilter(OncePerRequestFilter.java:116) ~[spring-web-6.2.2.jar:6.2.2]
	at org.springframework.security.web.FilterChainProxy$VirtualFilterChain.doFilter(FilterChainProxy.java:374) ~[spring-security-web-6.4.2.jar:6.4.2]
	at org.springframework.security.web.session.DisableEncodeUrlFilter.doFilterInternal(DisableEncodeUrlFilter.java:42) ~[spring-security-web-6.4.2.jar:6.4.2]
	at org.springframework.web.filter.OncePerRequestFilter.doFilter(OncePerRequestFilter.java:116) ~[spring-web-6.2.2.jar:6.2.2]
	at org.springframework.security.web.FilterChainProxy$VirtualFilterChain.doFilter(FilterChainProxy.java:374) ~[spring-security-web-6.4.2.jar:6.4.2]
	at org.springframework.security.web.FilterChainProxy.doFilterInternal(FilterChainProxy.java:233) ~[spring-security-web-6.4.2.jar:6.4.2]
	at org.springframework.security.web.FilterChainProxy.doFilter(FilterChainProxy.java:191) ~[spring-security-web-6.4.2.jar:6.4.2]
	at org.springframework.web.filter.CompositeFilter$VirtualFilterChain.doFilter(CompositeFilter.java:113) ~[spring-web-6.2.2.jar:6.2.2]
	at org.springframework.web.servlet.handler.HandlerMappingIntrospector.lambda$createCacheFilter$3(HandlerMappingIntrospector.java:243) ~[spring-webmvc-6.2.2.jar:6.2.2]
	at org.springframework.web.filter.CompositeFilter$VirtualFilterChain.doFilter(CompositeFilter.java:113) ~[spring-web-6.2.2.jar:6.2.2]
	at org.springframework.web.filter.CompositeFilter.doFilter(CompositeFilter.java:74) ~[spring-web-6.2.2.jar:6.2.2]
	at org.springframework.security.config.annotation.web.configuration.WebMvcSecurityConfiguration$CompositeFilterChainProxy.doFilter(WebMvcSecurityConfiguration.java:238) ~[spring-security-config-6.4.2.jar:6.4.2]
	at org.springframework.web.filter.DelegatingFilterProxy.invokeDelegate(DelegatingFilterProxy.java:362) ~[spring-web-6.2.2.jar:6.2.2]
	at org.springframework.web.filter.DelegatingFilterProxy.doFilter(DelegatingFilterProxy.java:278) ~[spring-web-6.2.2.jar:6.2.2]
	at org.apache.catalina.core.ApplicationFilterChain.internalDoFilter(ApplicationFilterChain.java:164) ~[tomcat-embed-core-10.1.34.jar:10.1.34]
	at org.apache.catalina.core.ApplicationFilterChain.doFilter(ApplicationFilterChain.java:140) ~[tomcat-embed-core-10.1.34.jar:10.1.34]
	at org.springframework.web.filter.RequestContextFilter.doFilterInternal(RequestContextFilter.java:100) ~[spring-web-6.2.2.jar:6.2.2]
	at org.springframework.web.filter.OncePerRequestFilter.doFilter(OncePerRequestFilter.java:116) ~[spring-web-6.2.2.jar:6.2.2]
	at org.apache.catalina.core.ApplicationFilterChain.internalDoFilter(ApplicationFilterChain.java:164) ~[tomcat-embed-core-10.1.34.jar:10.1.34]
	at org.apache.catalina.core.ApplicationFilterChain.doFilter(ApplicationFilterChain.java:140) ~[tomcat-embed-core-10.1.34.jar:10.1.34]
	at org.springframework.web.filter.FormContentFilter.doFilterInternal(FormContentFilter.java:93) ~[spring-web-6.2.2.jar:6.2.2]
	at org.springframework.web.filter.OncePerRequestFilter.doFilter(OncePerRequestFilter.java:116) ~[spring-web-6.2.2.jar:6.2.2]
	at org.apache.catalina.core.ApplicationFilterChain.internalDoFilter(ApplicationFilterChain.java:164) ~[tomcat-embed-core-10.1.34.jar:10.1.34]
	at org.apache.catalina.core.ApplicationFilterChain.doFilter(ApplicationFilterChain.java:140) ~[tomcat-embed-core-10.1.34.jar:10.1.34]
	at org.springframework.web.filter.CharacterEncodingFilter.doFilterInternal(CharacterEncodingFilter.java:201) ~[spring-web-6.2.2.jar:6.2.2]
	at org.springframework.web.filter.OncePerRequestFilter.doFilter(OncePerRequestFilter.java:116) ~[spring-web-6.2.2.jar:6.2.2]
	at org.apache.catalina.core.ApplicationFilterChain.internalDoFilter(ApplicationFilterChain.java:164) ~[tomcat-embed-core-10.1.34.jar:10.1.34]
	at org.apache.catalina.core.ApplicationFilterChain.doFilter(ApplicationFilterChain.java:140) ~[tomcat-embed-core-10.1.34.jar:10.1.34]
	at org.apache.catalina.core.StandardWrapperValve.invoke(StandardWrapperValve.java:167) ~[tomcat-embed-core-10.1.34.jar:10.1.34]
	at org.apache.catalina.core.StandardContextValve.invoke(StandardContextValve.java:90) ~[tomcat-embed-core-10.1.34.jar:10.1.34]
	at org.apache.catalina.authenticator.AuthenticatorBase.invoke(AuthenticatorBase.java:483) ~[tomcat-embed-core-10.1.34.jar:10.1.34]
	at org.apache.catalina.core.StandardHostValve.invoke(StandardHostValve.java:115) ~[tomcat-embed-core-10.1.34.jar:10.1.34]
	at org.apache.catalina.valves.ErrorReportValve.invoke(ErrorReportValve.java:93) ~[tomcat-embed-core-10.1.34.jar:10.1.34]
	at org.apache.catalina.core.StandardEngineValve.invoke(StandardEngineValve.java:74) ~[tomcat-embed-core-10.1.34.jar:10.1.34]
	at org.apache.catalina.connector.CoyoteAdapter.service(CoyoteAdapter.java:344) ~[tomcat-embed-core-10.1.34.jar:10.1.34]
	at org.apache.coyote.http11.Http11Processor.service(Http11Processor.java:397) ~[tomcat-embed-core-10.1.34.jar:10.1.34]
	at org.apache.coyote.AbstractProcessorLight.process(AbstractProcessorLight.java:63) ~[tomcat-embed-core-10.1.34.jar:10.1.34]
	at org.apache.coyote.AbstractProtocol$ConnectionHandler.process(AbstractProtocol.java:905) ~[tomcat-embed-core-10.1.34.jar:10.1.34]
	at org.apache.tomcat.util.net.NioEndpoint$SocketProcessor.doRun(NioEndpoint.java:1741) ~[tomcat-embed-core-10.1.34.jar:10.1.34]
	at org.apache.tomcat.util.net.SocketProcessorBase.run(SocketProcessorBase.java:52) ~[tomcat-embed-core-10.1.34.jar:10.1.34]
	at org.apache.tomcat.util.threads.ThreadPoolExecutor.runWorker(ThreadPoolExecutor.java:1190) ~[tomcat-embed-core-10.1.34.jar:10.1.34]
	at org.apache.tomcat.util.threads.ThreadPoolExecutor$Worker.run(ThreadPoolExecutor.java:659) ~[tomcat-embed-core-10.1.34.jar:10.1.34]
	at org.apache.tomcat.util.threads.TaskThread$WrappingRunnable.run(TaskThread.java:63) ~[tomcat-embed-core-10.1.34.jar:10.1.34]
	at java.base/java.lang.Thread.run(Thread.java:1583) ~[na:na]

2026-10-01T10:50:25.455+07:00  WARN 31696 --- [school-manager] [http-nio-8080-exec-10] .m.m.a.ExceptionHandlerExceptionResolver : Resolved [org.springframework.transaction.UnexpectedRollbackException: Transaction silently rolled back because it has been marked as rollback-only]
2026-10-01T10:50:25.494+07:00 DEBUG 31696 --- [school-manager] [http-nio-8080-exec-8] org.hibernate.SQL                        : select m1_0.id,m1_0.class_name,m1_0.code,m1_0.email,m1_0.must_change_password,m1_0.name,m1_0.password,m1_0.role,m1_0.subject from members m1_0 where m1_0.code=?
2026-10-01T10:50:25.506+07:00 DEBUG 31696 --- [school-manager] [http-nio-8080-exec-8] org.hibernate.SQL                        : select m1_0.id,m1_0.class_name,m1_0.code,m1_0.email,m1_0.must_change_password,m1_0.name,m1_0.password,m1_0.role,m1_0.subject from members m1_0 where lower(m1_0.email)=lower(?)
2026-10-01T10:50:25.516+07:00 DEBUG 31696 --- [school-manager] [http-nio-8080-exec-8] org.hibernate.SQL                        : insert into members (class_name,code,email,must_change_password,name,password,role,subject) values (?,?,?,?,?,?,?,?)
2026-10-01T10:50:25.523+07:00 DEBUG 31696 --- [school-manager] [http-nio-8080-exec-8] org.hibernate.SQL                        : select count(g1_0.id)>0 from grades g1_0 where g1_0.student_id=? or lower(g1_0.student_code)=lower(?)
2026-10-01T10:50:25.532+07:00 DEBUG 31696 --- [school-manager] [http-nio-8080-exec-8] org.hibernate.SQL                        : select count(g1_0.id)>0 from grades g1_0 where lower(g1_0.student_code)=lower(?) or lower(g1_0.student_id)=lower(?)
2026-10-01T10:50:25.540+07:00 DEBUG 31696 --- [school-manager] [http-nio-8080-exec-8] org.hibernate.SQL                        : insert into grades (english,english_final,english_m15,english_mid,english_oral,gpa,literature,literature_final,literature_m15,literature_mid,literature_oral,math,math_final,math_m15,math_mid,math_oral,student_code,student_id) values (?,?,?,?,?,?,?,?,?,?,?,?,?,?,?,?,?,?)
2026-10-01T10:50:25.543+07:00  WARN 31696 --- [school-manager] [http-nio-8080-exec-8] o.h.engine.jdbc.spi.SqlExceptionHelper   : SQL Error: 1452, SQLState: 23000
2026-10-01T10:50:25.544+07:00 ERROR 31696 --- [school-manager] [http-nio-8080-exec-8] o.h.engine.jdbc.spi.SqlExceptionHelper   : Cannot add or update a child row: a foreign key constraint fails (`school_db`.`grades`, CONSTRAINT `fk_grade_student_code` FOREIGN KEY (`student_id`) REFERENCES `members` (`code`) ON DELETE CASCADE)
2026-10-01T10:50:25.544+07:00  WARN 31696 --- [school-manager] [http-nio-8080-exec-8] c.s.m.service.impl.SchoolServiceImpl     : Không thể khởi tạo bản ghi điểm ban đầu cho học sinh HS188: could not execute statement [Cannot add or update a child row: a foreign key constraint fails (`school_db`.`grades`, CONSTRAINT `fk_grade_student_code` FOREIGN KEY (`student_id`) REFERENCES `members` (`code`) ON DELETE CASCADE)] [insert into grades (english,english_final,english_m15,english_mid,english_oral,gpa,literature,literature_final,literature_m15,literature_mid,literature_oral,math,math_final,math_m15,math_mid,math_oral,student_code,student_id) values (?,?,?,?,?,?,?,?,?,?,?,?,?,?,?,?,?,?)]; SQL [insert into grades (english,english_final,english_m15,english_mid,english_oral,gpa,literature,literature_final,literature_m15,literature_mid,literature_oral,math,math_final,math_m15,math_mid,math_oral,student_code,student_id) values (?,?,?,?,?,?,?,?,?,?,?,?,?,?,?,?,?,?)]; constraint [null]
2026-10-01T10:50:25.559+07:00 ERROR 31696 --- [school-manager] [http-nio-8080-exec-8] c.s.m.exception.GlobalExceptionHandler   : Unhandled Exception: 

org.springframework.transaction.UnexpectedRollbackException: Transaction silently rolled back because it has been marked as rollback-only
	at org.springframework.transaction.support.AbstractPlatformTransactionManager.processCommit(AbstractPlatformTransactionManager.java:804) ~[spring-tx-6.2.2.jar:6.2.2]
	at org.springframework.transaction.support.AbstractPlatformTransactionManager.commit(AbstractPlatformTransactionManager.java:758) ~[spring-tx-6.2.2.jar:6.2.2]
	at org.springframework.transaction.interceptor.TransactionAspectSupport.commitTransactionAfterReturning(TransactionAspectSupport.java:698) ~[spring-tx-6.2.2.jar:6.2.2]
	at org.springframework.transaction.interceptor.TransactionAspectSupport.invokeWithinTransaction(TransactionAspectSupport.java:416) ~[spring-tx-6.2.2.jar:6.2.2]
	at org.springframework.transaction.interceptor.TransactionInterceptor.invoke(TransactionInterceptor.java:119) ~[spring-tx-6.2.2.jar:6.2.2]
	at org.springframework.aop.framework.ReflectiveMethodInvocation.proceed(ReflectiveMethodInvocation.java:184) ~[spring-aop-6.2.2.jar:6.2.2]
	at org.springframework.aop.framework.CglibAopProxy$DynamicAdvisedInterceptor.intercept(CglibAopProxy.java:727) ~[spring-aop-6.2.2.jar:6.2.2]
	at com.school.manager.service.impl.SchoolServiceImpl$$SpringCGLIB$$0.createStudent(<generated>) ~[classes/:na]
	at com.school.manager.controller.SchoolController.createStudent(SchoolController.java:110) ~[classes/:na]
	at java.base/jdk.internal.reflect.DirectMethodHandleAccessor.invoke(DirectMethodHandleAccessor.java:103) ~[na:na]
	at java.base/java.lang.reflect.Method.invoke(Method.java:580) ~[na:na]
	at org.springframework.web.method.support.InvocableHandlerMethod.doInvoke(InvocableHandlerMethod.java:257) ~[spring-web-6.2.2.jar:6.2.2]
	at org.springframework.web.method.support.InvocableHandlerMethod.invokeForRequest(InvocableHandlerMethod.java:190) ~[spring-web-6.2.2.jar:6.2.2]
	at org.springframework.web.servlet.mvc.method.annotation.ServletInvocableHandlerMethod.invokeAndHandle(ServletInvocableHandlerMethod.java:118) ~[spring-webmvc-6.2.2.jar:6.2.2]
	at org.springframework.web.servlet.mvc.method.annotation.RequestMappingHandlerAdapter.invokeHandlerMethod(RequestMappingHandlerAdapter.java:986) ~[spring-webmvc-6.2.2.jar:6.2.2]
	at org.springframework.web.servlet.mvc.method.annotation.RequestMappingHandlerAdapter.handleInternal(RequestMappingHandlerAdapter.java:891) ~[spring-webmvc-6.2.2.jar:6.2.2]
	at org.springframework.web.servlet.mvc.method.AbstractHandlerMethodAdapter.handle(AbstractHandlerMethodAdapter.java:87) ~[spring-webmvc-6.2.2.jar:6.2.2]
	at org.springframework.web.servlet.DispatcherServlet.doDispatch(DispatcherServlet.java:1088) ~[spring-webmvc-6.2.2.jar:6.2.2]
	at org.springframework.web.servlet.DispatcherServlet.doService(DispatcherServlet.java:978) ~[spring-webmvc-6.2.2.jar:6.2.2]
	at org.springframework.web.servlet.FrameworkServlet.processRequest(FrameworkServlet.java:1014) ~[spring-webmvc-6.2.2.jar:6.2.2]
	at org.springframework.web.servlet.FrameworkServlet.doPost(FrameworkServlet.java:914) ~[spring-webmvc-6.2.2.jar:6.2.2]
	at jakarta.servlet.http.HttpServlet.service(HttpServlet.java:590) ~[tomcat-embed-core-10.1.34.jar:6.0]
	at org.springframework.web.servlet.FrameworkServlet.service(FrameworkServlet.java:885) ~[spring-webmvc-6.2.2.jar:6.2.2]
	at jakarta.servlet.http.HttpServlet.service(HttpServlet.java:658) ~[tomcat-embed-core-10.1.34.jar:6.0]
	at org.apache.catalina.core.ApplicationFilterChain.internalDoFilter(ApplicationFilterChain.java:195) ~[tomcat-embed-core-10.1.34.jar:10.1.34]
	at org.apache.catalina.core.ApplicationFilterChain.doFilter(ApplicationFilterChain.java:140) ~[tomcat-embed-core-10.1.34.jar:10.1.34]
	at org.apache.tomcat.websocket.server.WsFilter.doFilter(WsFilter.java:51) ~[tomcat-embed-websocket-10.1.34.jar:10.1.34]
	at org.apache.catalina.core.ApplicationFilterChain.internalDoFilter(ApplicationFilterChain.java:164) ~[tomcat-embed-core-10.1.34.jar:10.1.34]
	at org.apache.catalina.core.ApplicationFilterChain.doFilter(ApplicationFilterChain.java:140) ~[tomcat-embed-core-10.1.34.jar:10.1.34]
	at org.springframework.web.filter.CompositeFilter$VirtualFilterChain.doFilter(CompositeFilter.java:108) ~[spring-web-6.2.2.jar:6.2.2]
	at org.springframework.security.web.FilterChainProxy.lambda$doFilterInternal$3(FilterChainProxy.java:231) ~[spring-security-web-6.4.2.jar:6.4.2]
	at org.springframework.security.web.FilterChainProxy$VirtualFilterChain.doFilter(FilterChainProxy.java:365) ~[spring-security-web-6.4.2.jar:6.4.2]
	at org.springframework.security.web.access.ExceptionTranslationFilter.doFilter(ExceptionTranslationFilter.java:126) ~[spring-security-web-6.4.2.jar:6.4.2]
	at org.springframework.security.web.access.ExceptionTranslationFilter.doFilter(ExceptionTranslationFilter.java:120) ~[spring-security-web-6.4.2.jar:6.4.2]
	at org.springframework.security.web.FilterChainProxy$VirtualFilterChain.doFilter(FilterChainProxy.java:374) ~[spring-security-web-6.4.2.jar:6.4.2]
	at org.springframework.security.web.authentication.AnonymousAuthenticationFilter.doFilter(AnonymousAuthenticationFilter.java:100) ~[spring-security-web-6.4.2.jar:6.4.2]
	at org.springframework.security.web.FilterChainProxy$VirtualFilterChain.doFilter(FilterChainProxy.java:374) ~[spring-security-web-6.4.2.jar:6.4.2]
	at org.springframework.security.web.servletapi.SecurityContextHolderAwareRequestFilter.doFilter(SecurityContextHolderAwareRequestFilter.java:179) ~[spring-security-web-6.4.2.jar:6.4.2]
	at org.springframework.security.web.FilterChainProxy$VirtualFilterChain.doFilter(FilterChainProxy.java:374) ~[spring-security-web-6.4.2.jar:6.4.2]
	at org.springframework.security.web.savedrequest.RequestCacheAwareFilter.doFilter(RequestCacheAwareFilter.java:63) ~[spring-security-web-6.4.2.jar:6.4.2]
	at org.springframework.security.web.FilterChainProxy$VirtualFilterChain.doFilter(FilterChainProxy.java:374) ~[spring-security-web-6.4.2.jar:6.4.2]
	at org.springframework.security.web.authentication.logout.LogoutFilter.doFilter(LogoutFilter.java:107) ~[spring-security-web-6.4.2.jar:6.4.2]
	at org.springframework.security.web.authentication.logout.LogoutFilter.doFilter(LogoutFilter.java:93) ~[spring-security-web-6.4.2.jar:6.4.2]
	at org.springframework.security.web.FilterChainProxy$VirtualFilterChain.doFilter(FilterChainProxy.java:374) ~[spring-security-web-6.4.2.jar:6.4.2]
	at org.springframework.web.filter.CorsFilter.doFilterInternal(CorsFilter.java:91) ~[spring-web-6.2.2.jar:6.2.2]
	at org.springframework.web.filter.OncePerRequestFilter.doFilter(OncePerRequestFilter.java:116) ~[spring-web-6.2.2.jar:6.2.2]
	at org.springframework.security.web.FilterChainProxy$VirtualFilterChain.doFilter(FilterChainProxy.java:374) ~[spring-security-web-6.4.2.jar:6.4.2]
	at org.springframework.security.web.header.HeaderWriterFilter.doHeadersAfter(HeaderWriterFilter.java:90) ~[spring-security-web-6.4.2.jar:6.4.2]
	at org.springframework.security.web.header.HeaderWriterFilter.doFilterInternal(HeaderWriterFilter.java:75) ~[spring-security-web-6.4.2.jar:6.4.2]
	at org.springframework.web.filter.OncePerRequestFilter.doFilter(OncePerRequestFilter.java:116) ~[spring-web-6.2.2.jar:6.2.2]
	at org.springframework.security.web.FilterChainProxy$VirtualFilterChain.doFilter(FilterChainProxy.java:374) ~[spring-security-web-6.4.2.jar:6.4.2]
	at org.springframework.security.web.context.SecurityContextHolderFilter.doFilter(SecurityContextHolderFilter.java:82) ~[spring-security-web-6.4.2.jar:6.4.2]
	at org.springframework.security.web.context.SecurityContextHolderFilter.doFilter(SecurityContextHolderFilter.java:69) ~[spring-security-web-6.4.2.jar:6.4.2]
	at org.springframework.security.web.FilterChainProxy$VirtualFilterChain.doFilter(FilterChainProxy.java:374) ~[spring-security-web-6.4.2.jar:6.4.2]
	at org.springframework.security.web.context.request.async.WebAsyncManagerIntegrationFilter.doFilterInternal(WebAsyncManagerIntegrationFilter.java:62) ~[spring-security-web-6.4.2.jar:6.4.2]
	at org.springframework.web.filter.OncePerRequestFilter.doFilter(OncePerRequestFilter.java:116) ~[spring-web-6.2.2.jar:6.2.2]
	at org.springframework.security.web.FilterChainProxy$VirtualFilterChain.doFilter(FilterChainProxy.java:374) ~[spring-security-web-6.4.2.jar:6.4.2]
	at org.springframework.security.web.session.DisableEncodeUrlFilter.doFilterInternal(DisableEncodeUrlFilter.java:42) ~[spring-security-web-6.4.2.jar:6.4.2]
	at org.springframework.web.filter.OncePerRequestFilter.doFilter(OncePerRequestFilter.java:116) ~[spring-web-6.2.2.jar:6.2.2]
	at org.springframework.security.web.FilterChainProxy$VirtualFilterChain.doFilter(FilterChainProxy.java:374) ~[spring-security-web-6.4.2.jar:6.4.2]
	at org.springframework.security.web.FilterChainProxy.doFilterInternal(FilterChainProxy.java:233) ~[spring-security-web-6.4.2.jar:6.4.2]
	at org.springframework.security.web.FilterChainProxy.doFilter(FilterChainProxy.java:191) ~[spring-security-web-6.4.2.jar:6.4.2]
	at org.springframework.web.filter.CompositeFilter$VirtualFilterChain.doFilter(CompositeFilter.java:113) ~[spring-web-6.2.2.jar:6.2.2]
	at org.springframework.web.servlet.handler.HandlerMappingIntrospector.lambda$createCacheFilter$3(HandlerMappingIntrospector.java:243) ~[spring-webmvc-6.2.2.jar:6.2.2]
	at org.springframework.web.filter.CompositeFilter$VirtualFilterChain.doFilter(CompositeFilter.java:113) ~[spring-web-6.2.2.jar:6.2.2]
	at org.springframework.web.filter.CompositeFilter.doFilter(CompositeFilter.java:74) ~[spring-web-6.2.2.jar:6.2.2]
	at org.springframework.security.config.annotation.web.configuration.WebMvcSecurityConfiguration$CompositeFilterChainProxy.doFilter(WebMvcSecurityConfiguration.java:238) ~[spring-security-config-6.4.2.jar:6.4.2]
	at org.springframework.web.filter.DelegatingFilterProxy.invokeDelegate(DelegatingFilterProxy.java:362) ~[spring-web-6.2.2.jar:6.2.2]
	at org.springframework.web.filter.DelegatingFilterProxy.doFilter(DelegatingFilterProxy.java:278) ~[spring-web-6.2.2.jar:6.2.2]
	at org.apache.catalina.core.ApplicationFilterChain.internalDoFilter(ApplicationFilterChain.java:164) ~[tomcat-embed-core-10.1.34.jar:10.1.34]
	at org.apache.catalina.core.ApplicationFilterChain.doFilter(ApplicationFilterChain.java:140) ~[tomcat-embed-core-10.1.34.jar:10.1.34]
	at org.springframework.web.filter.RequestContextFilter.doFilterInternal(RequestContextFilter.java:100) ~[spring-web-6.2.2.jar:6.2.2]
	at org.springframework.web.filter.OncePerRequestFilter.doFilter(OncePerRequestFilter.java:116) ~[spring-web-6.2.2.jar:6.2.2]
	at org.apache.catalina.core.ApplicationFilterChain.internalDoFilter(ApplicationFilterChain.java:164) ~[tomcat-embed-core-10.1.34.jar:10.1.34]
	at org.apache.catalina.core.ApplicationFilterChain.doFilter(ApplicationFilterChain.java:140) ~[tomcat-embed-core-10.1.34.jar:10.1.34]
	at org.springframework.web.filter.FormContentFilter.doFilterInternal(FormContentFilter.java:93) ~[spring-web-6.2.2.jar:6.2.2]
	at org.springframework.web.filter.OncePerRequestFilter.doFilter(OncePerRequestFilter.java:116) ~[spring-web-6.2.2.jar:6.2.2]
	at org.apache.catalina.core.ApplicationFilterChain.internalDoFilter(ApplicationFilterChain.java:164) ~[tomcat-embed-core-10.1.34.jar:10.1.34]
	at org.apache.catalina.core.ApplicationFilterChain.doFilter(ApplicationFilterChain.java:140) ~[tomcat-embed-core-10.1.34.jar:10.1.34]
	at org.springframework.web.filter.CharacterEncodingFilter.doFilterInternal(CharacterEncodingFilter.java:201) ~[spring-web-6.2.2.jar:6.2.2]
	at org.springframework.web.filter.OncePerRequestFilter.doFilter(OncePerRequestFilter.java:116) ~[spring-web-6.2.2.jar:6.2.2]
	at org.apache.catalina.core.ApplicationFilterChain.internalDoFilter(ApplicationFilterChain.java:164) ~[tomcat-embed-core-10.1.34.jar:10.1.34]
	at org.apache.catalina.core.ApplicationFilterChain.doFilter(ApplicationFilterChain.java:140) ~[tomcat-embed-core-10.1.34.jar:10.1.34]
	at org.apache.catalina.core.StandardWrapperValve.invoke(StandardWrapperValve.java:167) ~[tomcat-embed-core-10.1.34.jar:10.1.34]
	at org.apache.catalina.core.StandardContextValve.invoke(StandardContextValve.java:90) ~[tomcat-embed-core-10.1.34.jar:10.1.34]
	at org.apache.catalina.authenticator.AuthenticatorBase.invoke(AuthenticatorBase.java:483) ~[tomcat-embed-core-10.1.34.jar:10.1.34]
	at org.apache.catalina.core.StandardHostValve.invoke(StandardHostValve.java:115) ~[tomcat-embed-core-10.1.34.jar:10.1.34]
	at org.apache.catalina.valves.ErrorReportValve.invoke(ErrorReportValve.java:93) ~[tomcat-embed-core-10.1.34.jar:10.1.34]
	at org.apache.catalina.core.StandardEngineValve.invoke(StandardEngineValve.java:74) ~[tomcat-embed-core-10.1.34.jar:10.1.34]
	at org.apache.catalina.connector.CoyoteAdapter.service(CoyoteAdapter.java:344) ~[tomcat-embed-core-10.1.34.jar:10.1.34]
	at org.apache.coyote.http11.Http11Processor.service(Http11Processor.java:397) ~[tomcat-embed-core-10.1.34.jar:10.1.34]
	at org.apache.coyote.AbstractProcessorLight.process(AbstractProcessorLight.java:63) ~[tomcat-embed-core-10.1.34.jar:10.1.34]
	at org.apache.coyote.AbstractProtocol$ConnectionHandler.process(AbstractProtocol.java:905) ~[tomcat-embed-core-10.1.34.jar:10.1.34]
	at org.apache.tomcat.util.net.NioEndpoint$SocketProcessor.doRun(NioEndpoint.java:1741) ~[tomcat-embed-core-10.1.34.jar:10.1.34]
	at org.apache.tomcat.util.net.SocketProcessorBase.run(SocketProcessorBase.java:52) ~[tomcat-embed-core-10.1.34.jar:10.1.34]
	at org.apache.tomcat.util.threads.ThreadPoolExecutor.runWorker(ThreadPoolExecutor.java:1190) ~[tomcat-embed-core-10.1.34.jar:10.1.34]
	at org.apache.tomcat.util.threads.ThreadPoolExecutor$Worker.run(ThreadPoolExecutor.java:659) ~[tomcat-embed-core-10.1.34.jar:10.1.34]
	at org.apache.tomcat.util.threads.TaskThread$WrappingRunnable.run(TaskThread.java:63) ~[tomcat-embed-core-10.1.34.jar:10.1.34]
	at java.base/java.lang.Thread.run(Thread.java:1583) ~[na:na]

2026-10-01T10:50:25.566+07:00  WARN 31696 --- [school-manager] [http-nio-8080-exec-8] .m.m.a.ExceptionHandlerExceptionResolver : Resolved [org.springframework.transaction.UnexpectedRollbackException: Transaction silently rolled back because it has been marked as rollback-only]
2026-10-01T10:50:48.812+07:00 DEBUG 31696 --- [school-manager] [http-nio-8080-exec-9] org.hibernate.SQL                        : select m1_0.id,m1_0.class_name,m1_0.code,m1_0.email,m1_0.must_change_password,m1_0.name,m1_0.password,m1_0.role,m1_0.subject from members m1_0 where m1_0.code=?
2026-10-01T10:50:48.816+07:00 DEBUG 31696 --- [school-manager] [http-nio-8080-exec-9] org.hibernate.SQL                        : select m1_0.id,m1_0.class_name,m1_0.code,m1_0.email,m1_0.must_change_password,m1_0.name,m1_0.password,m1_0.role,m1_0.subject from members m1_0 where lower(m1_0.email)=lower(?)
2026-10-01T10:50:48.826+07:00 DEBUG 31696 --- [school-manager] [http-nio-8080-exec-9] org.hibernate.SQL                        : insert into members (class_name,code,email,must_change_password,name,password,role,subject) values (?,?,?,?,?,?,?,?)
2026-10-01T10:50:48.833+07:00 DEBUG 31696 --- [school-manager] [http-nio-8080-exec-9] org.hibernate.SQL                        : select count(g1_0.id)>0 from grades g1_0 where g1_0.student_id=? or lower(g1_0.student_code)=lower(?)
2026-10-01T10:50:48.841+07:00 DEBUG 31696 --- [school-manager] [http-nio-8080-exec-9] org.hibernate.SQL                        : select count(g1_0.id)>0 from grades g1_0 where lower(g1_0.student_code)=lower(?) or lower(g1_0.student_id)=lower(?)
2026-10-01T10:50:48.847+07:00 DEBUG 31696 --- [school-manager] [http-nio-8080-exec-9] org.hibernate.SQL                        : insert into grades (english,english_final,english_m15,english_mid,english_oral,gpa,literature,literature_final,literature_m15,literature_mid,literature_oral,math,math_final,math_m15,math_mid,math_oral,student_code,student_id) values (?,?,?,?,?,?,?,?,?,?,?,?,?,?,?,?,?,?)
2026-10-01T10:50:48.852+07:00  WARN 31696 --- [school-manager] [http-nio-8080-exec-9] o.h.engine.jdbc.spi.SqlExceptionHelper   : SQL Error: 1452, SQLState: 23000
2026-10-01T10:50:48.853+07:00 ERROR 31696 --- [school-manager] [http-nio-8080-exec-9] o.h.engine.jdbc.spi.SqlExceptionHelper   : Cannot add or update a child row: a foreign key constraint fails (`school_db`.`grades`, CONSTRAINT `fk_grade_student_code` FOREIGN KEY (`student_id`) REFERENCES `members` (`code`) ON DELETE CASCADE)
2026-10-01T10:50:48.856+07:00  WARN 31696 --- [school-manager] [http-nio-8080-exec-9] c.s.m.service.impl.SchoolServiceImpl     : Không thể khởi tạo bản ghi điểm ban đầu cho học sinh HS189: could not execute statement [Cannot add or update a child row: a foreign key constraint fails (`school_db`.`grades`, CONSTRAINT `fk_grade_student_code` FOREIGN KEY (`student_id`) REFERENCES `members` (`code`) ON DELETE CASCADE)] [insert into grades (english,english_final,english_m15,english_mid,english_oral,gpa,literature,literature_final,literature_m15,literature_mid,literature_oral,math,math_final,math_m15,math_mid,math_oral,student_code,student_id) values (?,?,?,?,?,?,?,?,?,?,?,?,?,?,?,?,?,?)]; SQL [insert into grades (english,english_final,english_m15,english_mid,english_oral,gpa,literature,literature_final,literature_m15,literature_mid,literature_oral,math,math_final,math_m15,math_mid,math_oral,student_code,student_id) values (?,?,?,?,?,?,?,?,?,?,?,?,?,?,?,?,?,?)]; constraint [null]
2026-10-01T10:50:48.869+07:00 ERROR 31696 --- [school-manager] [http-nio-8080-exec-9] c.s.m.exception.GlobalExceptionHandler   : Unhandled Exception: 

org.springframework.transaction.UnexpectedRollbackException: Transaction silently rolled back because it has been marked as rollback-only
	at org.springframework.transaction.support.AbstractPlatformTransactionManager.processCommit(AbstractPlatformTransactionManager.java:804) ~[spring-tx-6.2.2.jar:6.2.2]
	at org.springframework.transaction.support.AbstractPlatformTransactionManager.commit(AbstractPlatformTransactionManager.java:758) ~[spring-tx-6.2.2.jar:6.2.2]
	at org.springframework.transaction.interceptor.TransactionAspectSupport.commitTransactionAfterReturning(TransactionAspectSupport.java:698) ~[spring-tx-6.2.2.jar:6.2.2]
	at org.springframework.transaction.interceptor.TransactionAspectSupport.invokeWithinTransaction(TransactionAspectSupport.java:416) ~[spring-tx-6.2.2.jar:6.2.2]
	at org.springframework.transaction.interceptor.TransactionInterceptor.invoke(TransactionInterceptor.java:119) ~[spring-tx-6.2.2.jar:6.2.2]
	at org.springframework.aop.framework.ReflectiveMethodInvocation.proceed(ReflectiveMethodInvocation.java:184) ~[spring-aop-6.2.2.jar:6.2.2]
	at org.springframework.aop.framework.CglibAopProxy$DynamicAdvisedInterceptor.intercept(CglibAopProxy.java:727) ~[spring-aop-6.2.2.jar:6.2.2]
	at com.school.manager.service.impl.SchoolServiceImpl$$SpringCGLIB$$0.createStudent(<generated>) ~[classes/:na]
	at com.school.manager.controller.SchoolController.createStudent(SchoolController.java:110) ~[classes/:na]
	at java.base/jdk.internal.reflect.DirectMethodHandleAccessor.invoke(DirectMethodHandleAccessor.java:103) ~[na:na]
	at java.base/java.lang.reflect.Method.invoke(Method.java:580) ~[na:na]
	at org.springframework.web.method.support.InvocableHandlerMethod.doInvoke(InvocableHandlerMethod.java:257) ~[spring-web-6.2.2.jar:6.2.2]
	at org.springframework.web.method.support.InvocableHandlerMethod.invokeForRequest(InvocableHandlerMethod.java:190) ~[spring-web-6.2.2.jar:6.2.2]
	at org.springframework.web.servlet.mvc.method.annotation.ServletInvocableHandlerMethod.invokeAndHandle(ServletInvocableHandlerMethod.java:118) ~[spring-webmvc-6.2.2.jar:6.2.2]
	at org.springframework.web.servlet.mvc.method.annotation.RequestMappingHandlerAdapter.invokeHandlerMethod(RequestMappingHandlerAdapter.java:986) ~[spring-webmvc-6.2.2.jar:6.2.2]
	at org.springframework.web.servlet.mvc.method.annotation.RequestMappingHandlerAdapter.handleInternal(RequestMappingHandlerAdapter.java:891) ~[spring-webmvc-6.2.2.jar:6.2.2]
	at org.springframework.web.servlet.mvc.method.AbstractHandlerMethodAdapter.handle(AbstractHandlerMethodAdapter.java:87) ~[spring-webmvc-6.2.2.jar:6.2.2]
	at org.springframework.web.servlet.DispatcherServlet.doDispatch(DispatcherServlet.java:1088) ~[spring-webmvc-6.2.2.jar:6.2.2]
	at org.springframework.web.servlet.DispatcherServlet.doService(DispatcherServlet.java:978) ~[spring-webmvc-6.2.2.jar:6.2.2]
	at org.springframework.web.servlet.FrameworkServlet.processRequest(FrameworkServlet.java:1014) ~[spring-webmvc-6.2.2.jar:6.2.2]
	at org.springframework.web.servlet.FrameworkServlet.doPost(FrameworkServlet.java:914) ~[spring-webmvc-6.2.2.jar:6.2.2]
	at jakarta.servlet.http.HttpServlet.service(HttpServlet.java:590) ~[tomcat-embed-core-10.1.34.jar:6.0]
	at org.springframework.web.servlet.FrameworkServlet.service(FrameworkServlet.java:885) ~[spring-webmvc-6.2.2.jar:6.2.2]
	at jakarta.servlet.http.HttpServlet.service(HttpServlet.java:658) ~[tomcat-embed-core-10.1.34.jar:6.0]
	at org.apache.catalina.core.ApplicationFilterChain.internalDoFilter(ApplicationFilterChain.java:195) ~[tomcat-embed-core-10.1.34.jar:10.1.34]
	at org.apache.catalina.core.ApplicationFilterChain.doFilter(ApplicationFilterChain.java:140) ~[tomcat-embed-core-10.1.34.jar:10.1.34]
	at org.apache.tomcat.websocket.server.WsFilter.doFilter(WsFilter.java:51) ~[tomcat-embed-websocket-10.1.34.jar:10.1.34]
	at org.apache.catalina.core.ApplicationFilterChain.internalDoFilter(ApplicationFilterChain.java:164) ~[tomcat-embed-core-10.1.34.jar:10.1.34]
	at org.apache.catalina.core.ApplicationFilterChain.doFilter(ApplicationFilterChain.java:140) ~[tomcat-embed-core-10.1.34.jar:10.1.34]
	at org.springframework.web.filter.CompositeFilter$VirtualFilterChain.doFilter(CompositeFilter.java:108) ~[spring-web-6.2.2.jar:6.2.2]
	at org.springframework.security.web.FilterChainProxy.lambda$doFilterInternal$3(FilterChainProxy.java:231) ~[spring-security-web-6.4.2.jar:6.4.2]
	at org.springframework.security.web.FilterChainProxy$VirtualFilterChain.doFilter(FilterChainProxy.java:365) ~[spring-security-web-6.4.2.jar:6.4.2]
	at org.springframework.security.web.access.ExceptionTranslationFilter.doFilter(ExceptionTranslationFilter.java:126) ~[spring-security-web-6.4.2.jar:6.4.2]
	at org.springframework.security.web.access.ExceptionTranslationFilter.doFilter(ExceptionTranslationFilter.java:120) ~[spring-security-web-6.4.2.jar:6.4.2]
	at org.springframework.security.web.FilterChainProxy$VirtualFilterChain.doFilter(FilterChainProxy.java:374) ~[spring-security-web-6.4.2.jar:6.4.2]
	at org.springframework.security.web.authentication.AnonymousAuthenticationFilter.doFilter(AnonymousAuthenticationFilter.java:100) ~[spring-security-web-6.4.2.jar:6.4.2]
	at org.springframework.security.web.FilterChainProxy$VirtualFilterChain.doFilter(FilterChainProxy.java:374) ~[spring-security-web-6.4.2.jar:6.4.2]
	at org.springframework.security.web.servletapi.SecurityContextHolderAwareRequestFilter.doFilter(SecurityContextHolderAwareRequestFilter.java:179) ~[spring-security-web-6.4.2.jar:6.4.2]
	at org.springframework.security.web.FilterChainProxy$VirtualFilterChain.doFilter(FilterChainProxy.java:374) ~[spring-security-web-6.4.2.jar:6.4.2]
	at org.springframework.security.web.savedrequest.RequestCacheAwareFilter.doFilter(RequestCacheAwareFilter.java:63) ~[spring-security-web-6.4.2.jar:6.4.2]
	at org.springframework.security.web.FilterChainProxy$VirtualFilterChain.doFilter(FilterChainProxy.java:374) ~[spring-security-web-6.4.2.jar:6.4.2]
	at org.springframework.security.web.authentication.logout.LogoutFilter.doFilter(LogoutFilter.java:107) ~[spring-security-web-6.4.2.jar:6.4.2]
	at org.springframework.security.web.authentication.logout.LogoutFilter.doFilter(LogoutFilter.java:93) ~[spring-security-web-6.4.2.jar:6.4.2]
	at org.springframework.security.web.FilterChainProxy$VirtualFilterChain.doFilter(FilterChainProxy.java:374) ~[spring-security-web-6.4.2.jar:6.4.2]
	at org.springframework.web.filter.CorsFilter.doFilterInternal(CorsFilter.java:91) ~[spring-web-6.2.2.jar:6.2.2]
	at org.springframework.web.filter.OncePerRequestFilter.doFilter(OncePerRequestFilter.java:116) ~[spring-web-6.2.2.jar:6.2.2]
	at org.springframework.security.web.FilterChainProxy$VirtualFilterChain.doFilter(FilterChainProxy.java:374) ~[spring-security-web-6.4.2.jar:6.4.2]
	at org.springframework.security.web.header.HeaderWriterFilter.doHeadersAfter(HeaderWriterFilter.java:90) ~[spring-security-web-6.4.2.jar:6.4.2]
	at org.springframework.security.web.header.HeaderWriterFilter.doFilterInternal(HeaderWriterFilter.java:75) ~[spring-security-web-6.4.2.jar:6.4.2]
	at org.springframework.web.filter.OncePerRequestFilter.doFilter(OncePerRequestFilter.java:116) ~[spring-web-6.2.2.jar:6.2.2]
	at org.springframework.security.web.FilterChainProxy$VirtualFilterChain.doFilter(FilterChainProxy.java:374) ~[spring-security-web-6.4.2.jar:6.4.2]
	at org.springframework.security.web.context.SecurityContextHolderFilter.doFilter(SecurityContextHolderFilter.java:82) ~[spring-security-web-6.4.2.jar:6.4.2]
	at org.springframework.security.web.context.SecurityContextHolderFilter.doFilter(SecurityContextHolderFilter.java:69) ~[spring-security-web-6.4.2.jar:6.4.2]
	at org.springframework.security.web.FilterChainProxy$VirtualFilterChain.doFilter(FilterChainProxy.java:374) ~[spring-security-web-6.4.2.jar:6.4.2]
	at org.springframework.security.web.context.request.async.WebAsyncManagerIntegrationFilter.doFilterInternal(WebAsyncManagerIntegrationFilter.java:62) ~[spring-security-web-6.4.2.jar:6.4.2]
	at org.springframework.web.filter.OncePerRequestFilter.doFilter(OncePerRequestFilter.java:116) ~[spring-web-6.2.2.jar:6.2.2]
	at org.springframework.security.web.FilterChainProxy$VirtualFilterChain.doFilter(FilterChainProxy.java:374) ~[spring-security-web-6.4.2.jar:6.4.2]
	at org.springframework.security.web.session.DisableEncodeUrlFilter.doFilterInternal(DisableEncodeUrlFilter.java:42) ~[spring-security-web-6.4.2.jar:6.4.2]
	at org.springframework.web.filter.OncePerRequestFilter.doFilter(OncePerRequestFilter.java:116) ~[spring-web-6.2.2.jar:6.2.2]
	at org.springframework.security.web.FilterChainProxy$VirtualFilterChain.doFilter(FilterChainProxy.java:374) ~[spring-security-web-6.4.2.jar:6.4.2]
	at org.springframework.security.web.FilterChainProxy.doFilterInternal(FilterChainProxy.java:233) ~[spring-security-web-6.4.2.jar:6.4.2]
	at org.springframework.security.web.FilterChainProxy.doFilter(FilterChainProxy.java:191) ~[spring-security-web-6.4.2.jar:6.4.2]
	at org.springframework.web.filter.CompositeFilter$VirtualFilterChain.doFilter(CompositeFilter.java:113) ~[spring-web-6.2.2.jar:6.2.2]
	at org.springframework.web.servlet.handler.HandlerMappingIntrospector.lambda$createCacheFilter$3(HandlerMappingIntrospector.java:243) ~[spring-webmvc-6.2.2.jar:6.2.2]
	at org.springframework.web.filter.CompositeFilter$VirtualFilterChain.doFilter(CompositeFilter.java:113) ~[spring-web-6.2.2.jar:6.2.2]
	at org.springframework.web.filter.CompositeFilter.doFilter(CompositeFilter.java:74) ~[spring-web-6.2.2.jar:6.2.2]
	at org.springframework.security.config.annotation.web.configuration.WebMvcSecurityConfiguration$CompositeFilterChainProxy.doFilter(WebMvcSecurityConfiguration.java:238) ~[spring-security-config-6.4.2.jar:6.4.2]
	at org.springframework.web.filter.DelegatingFilterProxy.invokeDelegate(DelegatingFilterProxy.java:362) ~[spring-web-6.2.2.jar:6.2.2]
	at org.springframework.web.filter.DelegatingFilterProxy.doFilter(DelegatingFilterProxy.java:278) ~[spring-web-6.2.2.jar:6.2.2]
	at org.apache.catalina.core.ApplicationFilterChain.internalDoFilter(ApplicationFilterChain.java:164) ~[tomcat-embed-core-10.1.34.jar:10.1.34]
	at org.apache.catalina.core.ApplicationFilterChain.doFilter(ApplicationFilterChain.java:140) ~[tomcat-embed-core-10.1.34.jar:10.1.34]
	at org.springframework.web.filter.RequestContextFilter.doFilterInternal(RequestContextFilter.java:100) ~[spring-web-6.2.2.jar:6.2.2]
	at org.springframework.web.filter.OncePerRequestFilter.doFilter(OncePerRequestFilter.java:116) ~[spring-web-6.2.2.jar:6.2.2]
	at org.apache.catalina.core.ApplicationFilterChain.internalDoFilter(ApplicationFilterChain.java:164) ~[tomcat-embed-core-10.1.34.jar:10.1.34]
	at org.apache.catalina.core.ApplicationFilterChain.doFilter(ApplicationFilterChain.java:140) ~[tomcat-embed-core-10.1.34.jar:10.1.34]
	at org.springframework.web.filter.FormContentFilter.doFilterInternal(FormContentFilter.java:93) ~[spring-web-6.2.2.jar:6.2.2]
	at org.springframework.web.filter.OncePerRequestFilter.doFilter(OncePerRequestFilter.java:116) ~[spring-web-6.2.2.jar:6.2.2]
	at org.apache.catalina.core.ApplicationFilterChain.internalDoFilter(ApplicationFilterChain.java:164) ~[tomcat-embed-core-10.1.34.jar:10.1.34]
	at org.apache.catalina.core.ApplicationFilterChain.doFilter(ApplicationFilterChain.java:140) ~[tomcat-embed-core-10.1.34.jar:10.1.34]
	at org.springframework.web.filter.CharacterEncodingFilter.doFilterInternal(CharacterEncodingFilter.java:201) ~[spring-web-6.2.2.jar:6.2.2]
	at org.springframework.web.filter.OncePerRequestFilter.doFilter(OncePerRequestFilter.java:116) ~[spring-web-6.2.2.jar:6.2.2]
	at org.apache.catalina.core.ApplicationFilterChain.internalDoFilter(ApplicationFilterChain.java:164) ~[tomcat-embed-core-10.1.34.jar:10.1.34]
	at org.apache.catalina.core.ApplicationFilterChain.doFilter(ApplicationFilterChain.java:140) ~[tomcat-embed-core-10.1.34.jar:10.1.34]
	at org.apache.catalina.core.StandardWrapperValve.invoke(StandardWrapperValve.java:167) ~[tomcat-embed-core-10.1.34.jar:10.1.34]
	at org.apache.catalina.core.StandardContextValve.invoke(StandardContextValve.java:90) ~[tomcat-embed-core-10.1.34.jar:10.1.34]
	at org.apache.catalina.authenticator.AuthenticatorBase.invoke(AuthenticatorBase.java:483) ~[tomcat-embed-core-10.1.34.jar:10.1.34]
	at org.apache.catalina.core.StandardHostValve.invoke(StandardHostValve.java:115) ~[tomcat-embed-core-10.1.34.jar:10.1.34]
	at org.apache.catalina.valves.ErrorReportValve.invoke(ErrorReportValve.java:93) ~[tomcat-embed-core-10.1.34.jar:10.1.34]
	at org.apache.catalina.core.StandardEngineValve.invoke(StandardEngineValve.java:74) ~[tomcat-embed-core-10.1.34.jar:10.1.34]
	at org.apache.catalina.connector.CoyoteAdapter.service(CoyoteAdapter.java:344) ~[tomcat-embed-core-10.1.34.jar:10.1.34]
	at org.apache.coyote.http11.Http11Processor.service(Http11Processor.java:397) ~[tomcat-embed-core-10.1.34.jar:10.1.34]
	at org.apache.coyote.AbstractProcessorLight.process(AbstractProcessorLight.java:63) ~[tomcat-embed-core-10.1.34.jar:10.1.34]
	at org.apache.coyote.AbstractProtocol$ConnectionHandler.process(AbstractProtocol.java:905) ~[tomcat-embed-core-10.1.34.jar:10.1.34]
	at org.apache.tomcat.util.net.NioEndpoint$SocketProcessor.doRun(NioEndpoint.java:1741) ~[tomcat-embed-core-10.1.34.jar:10.1.34]
	at org.apache.tomcat.util.net.SocketProcessorBase.run(SocketProcessorBase.java:52) ~[tomcat-embed-core-10.1.34.jar:10.1.34]
	at org.apache.tomcat.util.threads.ThreadPoolExecutor.runWorker(ThreadPoolExecutor.java:1190) ~[tomcat-embed-core-10.1.34.jar:10.1.34]
	at org.apache.tomcat.util.threads.ThreadPoolExecutor$Worker.run(ThreadPoolExecutor.java:659) ~[tomcat-embed-core-10.1.34.jar:10.1.34]
	at org.apache.tomcat.util.threads.TaskThread$WrappingRunnable.run(TaskThread.java:63) ~[tomcat-embed-core-10.1.34.jar:10.1.34]
	at java.base/java.lang.Thread.run(Thread.java:1583) ~[na:na]

2026-10-01T10:50:48.876+07:00  WARN 31696 --- [school-manager] [http-nio-8080-exec-9] .m.m.a.ExceptionHandlerExceptionResolver : Resolved [org.springframework.transaction.UnexpectedRollbackException: Transaction silently rolled back because it has been marked as rollback-only]
2026-10-01T10:50:48.915+07:00 DEBUG 31696 --- [school-manager] [http-nio-8080-exec-1] org.hibernate.SQL                        : select distinct g1_0.id,g1_0.english,g1_0.english_final,g1_0.english_m15,g1_0.english_mid,g1_0.english_oral,g1_0.gpa,g1_0.literature,g1_0.literature_final,g1_0.literature_m15,g1_0.literature_mid,g1_0.literature_oral,g1_0.math,g1_0.math_final,g1_0.math_m15,g1_0.math_mid,g1_0.math_oral,g1_0.student_code,g1_0.student_id from grades g1_0 where (g1_0.student_id in ((select m1_0.code from members m1_0 where lower(m1_0.role)=?)) or g1_0.student_id in ((select m2_0.id from members m2_0 where lower(m2_0.role)=?)) or g1_0.student_code in ((select m3_0.code from members m3_0 where lower(m3_0.role)=?))) limit ?,?
2026-10-01T10:50:48.920+07:00 DEBUG 31696 --- [school-manager] [http-nio-8080-exec-1] org.hibernate.SQL                        : select m1_0.id,m1_0.class_name,m1_0.code,m1_0.email,m1_0.must_change_password,m1_0.name,m1_0.password,m1_0.role,m1_0.subject from members m1_0
2026-10-01T10:50:48.925+07:00 DEBUG 31696 --- [school-manager] [http-nio-8080-exec-1] org.hibernate.SQL                        : select ac1_0.member_id,ac1_0.class_id from member_assigned_classes ac1_0 where ac1_0.member_id in (?,?,?,?,?,?,?,?,?,?,?,?,?,?,?,?,?,?,?,?,?,?,?,?,?,?,?,?,?,?,?,?,?,?,?,?,?,?,?,?,?,?,?,?,?,?,?,?,?,?)
2026-10-01T11:36:06.446+07:00  WARN 31696 --- [school-manager] [HikariPool-1 housekeeper] com.zaxxer.hikari.pool.HikariPool        : HikariPool-1 - Thread starvation or clock leap detected (housekeeper delta=1m24s740ms237µs400ns).
2026-10-01T11:52:56.406+07:00  WARN 31696 --- [school-manager] [HikariPool-1 housekeeper] com.zaxxer.hikari.pool.HikariPool        : HikariPool-1 - Thread starvation or clock leap detected (housekeeper delta=1m49s692ms607µs100ns).
2026-10-01T11:56:57.223+07:00  WARN 31696 --- [school-manager] [HikariPool-1 housekeeper] com.zaxxer.hikari.pool.HikariPool        : HikariPool-1 - Thread starvation or clock leap detected (housekeeper delta=2m782ms141µs100ns).
2026-10-01T12:00:58.993+07:00  WARN 31696 --- [school-manager] [HikariPool-1 housekeeper] com.zaxxer.hikari.pool.HikariPool        : HikariPool-1 - Thread starvation or clock leap detected (housekeeper delta=2m1s751ms658µs900ns).
2026-10-01T12:17:04.059+07:00  WARN 31696 --- [school-manager] [HikariPool-1 housekeeper] com.zaxxer.hikari.pool.HikariPool        : HikariPool-1 - Thread starvation or clock leap detected (housekeeper delta=1m34s867ms880µs300ns).
2026-10-01T12:21:04.904+07:00  WARN 31696 --- [school-manager] [HikariPool-1 housekeeper] com.zaxxer.hikari.pool.HikariPool        : HikariPool-1 - Thread starvation or clock leap detected (housekeeper delta=2m824ms121µs400ns).
2026-10-01T12:24:39.799+07:00  WARN 31696 --- [school-manager] [HikariPool-1 housekeeper] com.zaxxer.hikari.pool.HikariPool        : HikariPool-1 - Thread starvation or clock leap detected (housekeeper delta=1m34s890ms57µs500ns).
2026-10-01T12:29:06.585+07:00  WARN 31696 --- [school-manager] [HikariPool-1 housekeeper] com.zaxxer.hikari.pool.HikariPool        : HikariPool-1 - Thread starvation or clock leap detected (housekeeper delta=2m26s771ms42µs).
2026-10-01T12:33:10.116+07:00  WARN 31696 --- [school-manager] [HikariPool-1 housekeeper] com.zaxxer.hikari.pool.HikariPool        : HikariPool-1 - Thread starvation or clock leap detected (housekeeper delta=2m3s497ms852µs).
2026-10-01T12:37:10.850+07:00  WARN 31696 --- [school-manager] [HikariPool-1 housekeeper] com.zaxxer.hikari.pool.HikariPool        : HikariPool-1 - Thread starvation or clock leap detected (housekeeper delta=2m716ms642µs700ns).
2026-10-01T12:45:05.528+07:00  WARN 31696 --- [school-manager] [HikariPool-1 housekeeper] com.zaxxer.hikari.pool.HikariPool        : HikariPool-1 - Thread starvation or clock leap detected (housekeeper delta=3m19s730ms386µs500ns).
2026-10-01T12:49:46.482+07:00  WARN 31696 --- [school-manager] [HikariPool-1 housekeeper] com.zaxxer.hikari.pool.HikariPool        : HikariPool-1 - Thread starvation or clock leap detected (housekeeper delta=2m40s945ms343µs400ns).
2026-10-01T12:53:47.270+07:00  WARN 31696 --- [school-manager] [HikariPool-1 housekeeper] com.zaxxer.hikari.pool.HikariPool        : HikariPool-1 - Thread starvation or clock leap detected (housekeeper delta=2m765ms821µs).
2026-10-01T12:58:27.077+07:00  WARN 31696 --- [school-manager] [HikariPool-1 housekeeper] com.zaxxer.hikari.pool.HikariPool        : HikariPool-1 - Thread starvation or clock leap detected (housekeeper delta=2m39s798ms702µs400ns).
2026-10-01T13:03:06.984+07:00  WARN 31696 --- [school-manager] [HikariPool-1 housekeeper] com.zaxxer.hikari.pool.HikariPool        : HikariPool-1 - Thread starvation or clock leap detected (housekeeper delta=2m39s886ms336µs800ns).
2026-10-01T13:20:30.933+07:00  WARN 31696 --- [school-manager] [HikariPool-1 housekeeper] com.zaxxer.hikari.pool.HikariPool        : HikariPool-1 - Thread starvation or clock leap detected (housekeeper delta=2m53s771ms874µs700ns).
2026-10-01T13:24:39.255+07:00  WARN 31696 --- [school-manager] [HikariPool-1 housekeeper] com.zaxxer.hikari.pool.HikariPool        : HikariPool-1 - Thread starvation or clock leap detected (housekeeper delta=2m8s284ms975µs).
2026-10-01T13:49:10.062+07:00  INFO 31696 --- [school-manager] [SpringApplicationShutdownHook] o.s.b.w.e.tomcat.GracefulShutdown        : Commencing graceful shutdown. Waiting for active requests to complete
2026-10-01T13:49:10.069+07:00  INFO 31696 --- [school-manager] [tomcat-shutdown] o.s.b.w.e.tomcat.GracefulShutdown        : Graceful shutdown complete
2026-10-01T13:49:10.078+07:00  INFO 31696 --- [school-manager] [SpringApplicationShutdownHook] j.LocalContainerEntityManagerFactoryBean : Closing JPA EntityManagerFactory for persistence unit 'default'
2026-10-01T13:49:10.088+07:00  INFO 31696 --- [school-manager] [SpringApplicationShutdownHook] com.zaxxer.hikari.HikariDataSource       : HikariPool-1 - Shutdown initiated...
2026-10-01T13:49:10.099+07:00  INFO 31696 --- [school-manager] [SpringApplicationShutdownHook] com.zaxxer.hikari.HikariDataSource       : HikariPool-1 - Shutdown completed.
2026-10-01T13:49:20.433+07:00  INFO 29996 --- [school-manager] [restartedMain] .e.DevToolsPropertyDefaultsPostProcessor : Devtools property defaults active! Set 'spring.devtools.add-properties' to 'false' to disable
2026-10-01T13:49:20.435+07:00  INFO 29996 --- [school-manager] [restartedMain] .e.DevToolsPropertyDefaultsPostProcessor : For additional web related logging consider setting the 'logging.level.web' property to 'DEBUG'
2026-10-01T13:49:21.394+07:00  INFO 29996 --- [school-manager] [restartedMain] .s.d.r.c.RepositoryConfigurationDelegate : Bootstrapping Spring Data JPA repositories in DEFAULT mode.
2026-10-01T13:49:21.469+07:00  INFO 29996 --- [school-manager] [restartedMain] .s.d.r.c.RepositoryConfigurationDelegate : Finished Spring Data repository scanning in 64 ms. Found 3 JPA repository interfaces.
2026-10-01T13:49:21.982+07:00  INFO 29996 --- [school-manager] [restartedMain] o.s.b.w.embedded.tomcat.TomcatWebServer  : Tomcat initialized with port 8080 (http)
2026-10-01T13:49:21.995+07:00  INFO 29996 --- [school-manager] [restartedMain] o.apache.catalina.core.StandardService   : Starting service [Tomcat]
2026-10-01T13:49:21.995+07:00  INFO 29996 --- [school-manager] [restartedMain] o.apache.catalina.core.StandardEngine    : Starting Servlet engine: [Apache Tomcat/10.1.34]
2026-10-01T13:49:22.039+07:00  INFO 29996 --- [school-manager] [restartedMain] o.a.c.c.C.[Tomcat].[localhost].[/]       : Initializing Spring embedded WebApplicationContext
2026-10-01T13:49:22.039+07:00  INFO 29996 --- [school-manager] [restartedMain] w.s.c.ServletWebServerApplicationContext : Root WebApplicationContext: initialization completed in 1603 ms
2026-10-01T13:49:22.165+07:00  INFO 29996 --- [school-manager] [restartedMain] o.hibernate.jpa.internal.util.LogHelper  : HHH000204: Processing PersistenceUnitInfo [name: default]
2026-10-01T13:49:22.230+07:00  INFO 29996 --- [school-manager] [restartedMain] org.hibernate.Version                    : HHH000412: Hibernate ORM core version 6.6.5.Final
2026-10-01T13:49:22.263+07:00  INFO 29996 --- [school-manager] [restartedMain] o.h.c.internal.RegionFactoryInitiator    : HHH000026: Second-level cache disabled
2026-10-01T13:49:22.553+07:00  INFO 29996 --- [school-manager] [restartedMain] o.s.o.j.p.SpringPersistenceUnitInfo      : No LoadTimeWeaver setup: ignoring JPA class transformer
2026-10-01T13:49:22.584+07:00  INFO 29996 --- [school-manager] [restartedMain] com.zaxxer.hikari.HikariDataSource       : HikariPool-1 - Starting...
2026-10-01T13:49:22.732+07:00  INFO 29996 --- [school-manager] [restartedMain] com.zaxxer.hikari.pool.HikariPool        : HikariPool-1 - Added connection com.mysql.cj.jdbc.ConnectionImpl@51a2e97a
2026-10-01T13:49:22.734+07:00  INFO 29996 --- [school-manager] [restartedMain] com.zaxxer.hikari.HikariDataSource       : HikariPool-1 - Start completed.
2026-10-01T13:49:22.870+07:00  INFO 29996 --- [school-manager] [restartedMain] org.hibernate.orm.connections.pooling    : HHH10001005: Database info:
	Database JDBC URL [Connecting through datasource 'HikariDataSource (HikariPool-1)']
	Database driver: undefined/unknown
	Database version: 8.0.46
	Autocommit mode: undefined/unknown
	Isolation level: undefined/unknown
	Minimum pool size: undefined/unknown
	Maximum pool size: undefined/unknown
2026-10-01T13:49:23.773+07:00  INFO 29996 --- [school-manager] [restartedMain] o.h.e.t.j.p.i.JtaPlatformInitiator       : HHH000489: No JTA platform available (set 'hibernate.transaction.jta.platform' to enable JTA platform integration)
2026-10-01T13:49:23.900+07:00  INFO 29996 --- [school-manager] [restartedMain] j.LocalContainerEntityManagerFactoryBean : Initialized JPA EntityManagerFactory for persistence unit 'default'
2026-10-01T13:49:24.136+07:00  INFO 29996 --- [school-manager] [restartedMain] o.s.d.j.r.query.QueryEnhancerFactory     : Hibernate is in classpath; If applicable, HQL parser will be used.
2026-10-01T13:49:25.027+07:00  WARN 29996 --- [school-manager] [restartedMain] JpaBaseConfiguration$JpaWebConfiguration : spring.jpa.open-in-view is enabled by default. Therefore, database queries may be performed during view rendering. Explicitly configure spring.jpa.open-in-view to disable this warning
2026-10-01T13:49:25.042+07:00  WARN 29996 --- [school-manager] [restartedMain] .s.s.UserDetailsServiceAutoConfiguration : 

Using generated security password: e76f3905-92ea-4215-b655-99f9e277828b

This generated password is for development use only. Your security configuration must be updated before running your application in production.

2026-10-01T13:49:25.085+07:00  INFO 29996 --- [school-manager] [restartedMain] r$InitializeUserDetailsManagerConfigurer : Global AuthenticationManager configured with UserDetailsService bean with name inMemoryUserDetailsManager
2026-10-01T13:49:25.464+07:00  INFO 29996 --- [school-manager] [restartedMain] o.s.b.a.h2.H2ConsoleAutoConfiguration    : H2 console available at '/h2-console'. Database available at 'jdbc:mysql://localhost:3306/school_db?useSSL=false&serverTimezone=UTC&allowPublicKeyRetrieval=true'
2026-10-01T13:49:25.519+07:00  INFO 29996 --- [school-manager] [restartedMain] o.s.b.d.a.OptionalLiveReloadServer       : LiveReload server is running on port 35729
2026-10-01T13:49:25.550+07:00  INFO 29996 --- [school-manager] [restartedMain] o.s.b.w.embedded.tomcat.TomcatWebServer  : Tomcat started on port 8080 (http) with context path '/'
2026-10-01T13:49:25.698+07:00 DEBUG 29996 --- [school-manager] [restartedMain] org.hibernate.SQL                        : select count(*) from members m1_0
2026-10-01T13:49:25.719+07:00 DEBUG 29996 --- [school-manager] [restartedMain] org.hibernate.SQL                        : select count(*) from school_classes sc1_0
2026-10-01T13:50:25.374+07:00  INFO 29996 --- [school-manager] [http-nio-8080-exec-1] o.a.c.c.C.[Tomcat].[localhost].[/]       : Initializing Spring DispatcherServlet 'dispatcherServlet'
2026-10-01T13:50:25.375+07:00  INFO 29996 --- [school-manager] [http-nio-8080-exec-1] o.s.web.servlet.DispatcherServlet        : Initializing Servlet 'dispatcherServlet'
2026-10-01T13:50:25.376+07:00  INFO 29996 --- [school-manager] [http-nio-8080-exec-1] o.s.web.servlet.DispatcherServlet        : Completed initialization in 1 ms
2026-10-01T13:50:25.483+07:00 DEBUG 29996 --- [school-manager] [http-nio-8080-exec-1] org.hibernate.SQL                        : select distinct m1_0.id,m1_0.class_name,m1_0.code,m1_0.email,m1_0.must_change_password,m1_0.name,m1_0.password,m1_0.role,m1_0.subject from members m1_0 where 1=1 limit ?,?
2026-10-01T13:50:25.535+07:00 DEBUG 29996 --- [school-manager] [http-nio-8080-exec-1] org.hibernate.SQL                        : select distinct count(distinct m1_0.id) from members m1_0 where 1=1
2026-10-01T13:50:25.545+07:00 DEBUG 29996 --- [school-manager] [http-nio-8080-exec-1] org.hibernate.SQL                        : select ac1_0.member_id,ac1_0.class_id from member_assigned_classes ac1_0 where ac1_0.member_id in (?,?,?,?,?,?,?,?,?,?,?,?,?,?,?,?,?,?,?,?,?,?,?,?,?,?,?,?,?,?,?,?,?,?,?,?,?,?,?,?,?,?,?,?,?,?,?,?,?,?)
2026-10-01T13:50:30.530+07:00 DEBUG 29996 --- [school-manager] [http-nio-8080-exec-3] org.hibernate.SQL                        : select distinct m1_0.id,m1_0.class_name,m1_0.code,m1_0.email,m1_0.must_change_password,m1_0.name,m1_0.password,m1_0.role,m1_0.subject from members m1_0 where 1=1 limit ?,?
2026-10-01T13:50:30.540+07:00 DEBUG 29996 --- [school-manager] [http-nio-8080-exec-3] org.hibernate.SQL                        : select distinct count(distinct m1_0.id) from members m1_0 where 1=1
2026-10-01T13:50:30.546+07:00 DEBUG 29996 --- [school-manager] [http-nio-8080-exec-3] org.hibernate.SQL                        : select ac1_0.member_id,ac1_0.class_id from member_assigned_classes ac1_0 where ac1_0.member_id in (?,?,?,?,?,?,?,?,?,?,?,?,?,?,?,?,?,?,?,?,?,?,?,?,?,?,?,?,?,?,?,?,?,?,?,?,?,?,?,?,?,?,?,?,?,?,?,?,?,?)
2026-10-01T13:50:35.150+07:00 DEBUG 29996 --- [school-manager] [http-nio-8080-exec-2] org.hibernate.SQL                        : select m1_0.class_name,count(m1_0.id) from members m1_0 where m1_0.role='student' and m1_0.class_name is not null group by m1_0.class_name
2026-10-01T13:50:35.199+07:00 DEBUG 29996 --- [school-manager] [http-nio-8080-exec-2] org.hibernate.SQL                        : select ac1_0.class_id,count(distinct m1_0.id) from members m1_0 join member_assigned_classes ac1_0 on m1_0.id=ac1_0.member_id where m1_0.role='teacher' group by ac1_0.class_id
2026-10-01T13:50:35.204+07:00 DEBUG 29996 --- [school-manager] [http-nio-8080-exec-2] org.hibernate.SQL                        : select sc1_0.id,sc1_0.code,sc1_0.name from school_classes sc1_0
2026-10-01T13:50:37.029+07:00 DEBUG 29996 --- [school-manager] [http-nio-8080-exec-4] org.hibernate.SQL                        : select distinct g1_0.id,g1_0.english,g1_0.english_final,g1_0.english_m15,g1_0.english_mid,g1_0.english_oral,g1_0.gpa,g1_0.literature,g1_0.literature_final,g1_0.literature_m15,g1_0.literature_mid,g1_0.literature_oral,g1_0.math,g1_0.math_final,g1_0.math_m15,g1_0.math_mid,g1_0.math_oral,g1_0.student_code,g1_0.student_id from grades g1_0 where (g1_0.student_id in ((select m1_0.code from members m1_0 where lower(m1_0.role)=?)) or g1_0.student_id in ((select m2_0.id from members m2_0 where lower(m2_0.role)=?)) or g1_0.student_code in ((select m3_0.code from members m3_0 where lower(m3_0.role)=?))) limit ?,?
2026-10-01T13:50:37.068+07:00 DEBUG 29996 --- [school-manager] [http-nio-8080-exec-4] org.hibernate.SQL                        : select count(g1_0.id) from grades g1_0 where (g1_0.student_id in ((select m1_0.code from members m1_0 where lower(m1_0.role)=?)) or g1_0.student_id in ((select m2_0.id from members m2_0 where lower(m2_0.role)=?)) or g1_0.student_code in ((select m3_0.code from members m3_0 where lower(m3_0.role)=?)))
2026-10-01T13:50:37.075+07:00 DEBUG 29996 --- [school-manager] [http-nio-8080-exec-4] org.hibernate.SQL                        : select m1_0.id,m1_0.class_name,m1_0.code,m1_0.email,m1_0.must_change_password,m1_0.name,m1_0.password,m1_0.role,m1_0.subject from members m1_0
2026-10-01T13:50:37.100+07:00 DEBUG 29996 --- [school-manager] [http-nio-8080-exec-4] org.hibernate.SQL                        : select ac1_0.member_id,ac1_0.class_id from member_assigned_classes ac1_0 where ac1_0.member_id in (?,?,?,?,?,?,?,?,?,?,?,?,?,?,?,?,?,?,?,?,?,?,?,?,?,?,?,?,?,?,?,?,?,?,?,?,?,?,?,?,?,?,?,?,?,?,?,?,?,?)
2026-10-01T13:50:41.081+07:00 DEBUG 29996 --- [school-manager] [http-nio-8080-exec-5] org.hibernate.SQL                        : select distinct g1_0.id,g1_0.english,g1_0.english_final,g1_0.english_m15,g1_0.english_mid,g1_0.english_oral,g1_0.gpa,g1_0.literature,g1_0.literature_final,g1_0.literature_m15,g1_0.literature_mid,g1_0.literature_oral,g1_0.math,g1_0.math_final,g1_0.math_m15,g1_0.math_mid,g1_0.math_oral,g1_0.student_code,g1_0.student_id from grades g1_0 where (g1_0.student_id in ((select m1_0.code from members m1_0 where lower(m1_0.role)=?)) or g1_0.student_id in ((select m2_0.id from members m2_0 where lower(m2_0.role)=?)) or g1_0.student_code in ((select m3_0.code from members m3_0 where lower(m3_0.role)=?))) limit ?,?
2026-10-01T13:50:41.087+07:00 DEBUG 29996 --- [school-manager] [http-nio-8080-exec-5] org.hibernate.SQL                        : select count(g1_0.id) from grades g1_0 where (g1_0.student_id in ((select m1_0.code from members m1_0 where lower(m1_0.role)=?)) or g1_0.student_id in ((select m2_0.id from members m2_0 where lower(m2_0.role)=?)) or g1_0.student_code in ((select m3_0.code from members m3_0 where lower(m3_0.role)=?)))
2026-10-01T13:50:41.091+07:00 DEBUG 29996 --- [school-manager] [http-nio-8080-exec-5] org.hibernate.SQL                        : select m1_0.id,m1_0.class_name,m1_0.code,m1_0.email,m1_0.must_change_password,m1_0.name,m1_0.password,m1_0.role,m1_0.subject from members m1_0
2026-10-01T13:50:41.111+07:00 DEBUG 29996 --- [school-manager] [http-nio-8080-exec-5] org.hibernate.SQL                        : select ac1_0.member_id,ac1_0.class_id from member_assigned_classes ac1_0 where ac1_0.member_id in (?,?,?,?,?,?,?,?,?,?,?,?,?,?,?,?,?,?,?,?,?,?,?,?,?,?,?,?,?,?,?,?,?,?,?,?,?,?,?,?,?,?,?,?,?,?,?,?,?,?)
2026-10-01T13:50:41.757+07:00 DEBUG 29996 --- [school-manager] [http-nio-8080-exec-6] org.hibernate.SQL                        : select distinct g1_0.id,g1_0.english,g1_0.english_final,g1_0.english_m15,g1_0.english_mid,g1_0.english_oral,g1_0.gpa,g1_0.literature,g1_0.literature_final,g1_0.literature_m15,g1_0.literature_mid,g1_0.literature_oral,g1_0.math,g1_0.math_final,g1_0.math_m15,g1_0.math_mid,g1_0.math_oral,g1_0.student_code,g1_0.student_id from grades g1_0 where (g1_0.student_id in ((select m1_0.code from members m1_0 where lower(m1_0.role)=?)) or g1_0.student_id in ((select m2_0.id from members m2_0 where lower(m2_0.role)=?)) or g1_0.student_code in ((select m3_0.code from members m3_0 where lower(m3_0.role)=?))) limit ?,?
2026-10-01T13:50:41.764+07:00 DEBUG 29996 --- [school-manager] [http-nio-8080-exec-6] org.hibernate.SQL                        : select m1_0.id,m1_0.class_name,m1_0.code,m1_0.email,m1_0.must_change_password,m1_0.name,m1_0.password,m1_0.role,m1_0.subject from members m1_0
2026-10-01T13:50:41.771+07:00 DEBUG 29996 --- [school-manager] [http-nio-8080-exec-6] org.hibernate.SQL                        : select ac1_0.member_id,ac1_0.class_id from member_assigned_classes ac1_0 where ac1_0.member_id in (?,?,?,?,?,?,?,?,?,?,?,?,?,?,?,?,?,?,?,?,?,?,?,?,?,?,?,?,?,?,?,?,?,?,?,?,?,?,?,?,?,?,?,?,?,?,?,?,?,?)
2026-10-01T13:51:04.748+07:00 DEBUG 29996 --- [school-manager] [http-nio-8080-exec-7] org.hibernate.SQL                        : select m1_0.id,m1_0.class_name,m1_0.code,m1_0.email,m1_0.must_change_password,m1_0.name,m1_0.password,m1_0.role,m1_0.subject from members m1_0 where lower(m1_0.code)=lower(?)
2026-10-01T13:51:04.767+07:00 DEBUG 29996 --- [school-manager] [http-nio-8080-exec-7] org.hibernate.SQL                        : delete g1_0 from grades g1_0 where lower(g1_0.student_code)=lower(?)
2026-10-01T13:51:04.777+07:00 DEBUG 29996 --- [school-manager] [http-nio-8080-exec-7] org.hibernate.SQL                        : delete g1_0 from grades g1_0 where g1_0.student_id=?
2026-10-01T13:51:04.800+07:00 DEBUG 29996 --- [school-manager] [http-nio-8080-exec-7] org.hibernate.SQL                        : delete from member_assigned_classes where member_id=?
2026-10-01T13:51:04.814+07:00 DEBUG 29996 --- [school-manager] [http-nio-8080-exec-7] org.hibernate.SQL                        : delete from members where id=?
2026-10-01T13:51:04.874+07:00 DEBUG 29996 --- [school-manager] [http-nio-8080-exec-8] org.hibernate.SQL                        : select distinct g1_0.id,g1_0.english,g1_0.english_final,g1_0.english_m15,g1_0.english_mid,g1_0.english_oral,g1_0.gpa,g1_0.literature,g1_0.literature_final,g1_0.literature_m15,g1_0.literature_mid,g1_0.literature_oral,g1_0.math,g1_0.math_final,g1_0.math_m15,g1_0.math_mid,g1_0.math_oral,g1_0.student_code,g1_0.student_id from grades g1_0 where (g1_0.student_id in ((select m1_0.code from members m1_0 where lower(m1_0.role)=?)) or g1_0.student_id in ((select m2_0.id from members m2_0 where lower(m2_0.role)=?)) or g1_0.student_code in ((select m3_0.code from members m3_0 where lower(m3_0.role)=?))) limit ?,?
2026-10-01T13:51:04.880+07:00 DEBUG 29996 --- [school-manager] [http-nio-8080-exec-8] org.hibernate.SQL                        : select m1_0.id,m1_0.class_name,m1_0.code,m1_0.email,m1_0.must_change_password,m1_0.name,m1_0.password,m1_0.role,m1_0.subject from members m1_0
2026-10-01T13:51:04.888+07:00 DEBUG 29996 --- [school-manager] [http-nio-8080-exec-8] org.hibernate.SQL                        : select ac1_0.member_id,ac1_0.class_id from member_assigned_classes ac1_0 where ac1_0.member_id in (?,?,?,?,?,?,?,?,?,?,?,?,?,?,?,?,?,?,?,?,?,?,?,?,?,?,?,?,?,?,?,?,?,?,?,?,?,?,?,?,?,?,?,?,?,?,?,?,?,?)
2026-10-01T13:51:06.868+07:00 DEBUG 29996 --- [school-manager] [http-nio-8080-exec-9] org.hibernate.SQL                        : select m1_0.class_name,count(m1_0.id) from members m1_0 where m1_0.role='student' and m1_0.class_name is not null group by m1_0.class_name
2026-10-01T13:51:06.871+07:00 DEBUG 29996 --- [school-manager] [http-nio-8080-exec-9] org.hibernate.SQL                        : select ac1_0.class_id,count(distinct m1_0.id) from members m1_0 join member_assigned_classes ac1_0 on m1_0.id=ac1_0.member_id where m1_0.role='teacher' group by ac1_0.class_id
2026-10-01T13:51:06.875+07:00 DEBUG 29996 --- [school-manager] [http-nio-8080-exec-9] org.hibernate.SQL                        : select sc1_0.id,sc1_0.code,sc1_0.name from school_classes sc1_0
2026-10-01T13:51:29.580+07:00 DEBUG 29996 --- [school-manager] [http-nio-8080-exec-10] org.hibernate.SQL                        : select m1_0.id,m1_0.class_name,m1_0.code,m1_0.email,m1_0.must_change_password,m1_0.name,m1_0.password,m1_0.role,m1_0.subject from members m1_0 where m1_0.code=?
2026-10-01T13:51:29.584+07:00 DEBUG 29996 --- [school-manager] [http-nio-8080-exec-10] org.hibernate.SQL                        : select m1_0.id,m1_0.class_name,m1_0.code,m1_0.email,m1_0.must_change_password,m1_0.name,m1_0.password,m1_0.role,m1_0.subject from members m1_0 where lower(m1_0.email)=lower(?)
2026-10-01T13:51:29.604+07:00 DEBUG 29996 --- [school-manager] [http-nio-8080-exec-10] org.hibernate.SQL                        : insert into members (class_name,code,email,must_change_password,name,password,role,subject) values (?,?,?,?,?,?,?,?)
2026-10-01T13:51:29.642+07:00 DEBUG 29996 --- [school-manager] [http-nio-8080-exec-10] org.hibernate.SQL                        : select g1_0.id,g1_0.english,g1_0.english_final,g1_0.english_m15,g1_0.english_mid,g1_0.english_oral,g1_0.gpa,g1_0.literature,g1_0.literature_final,g1_0.literature_m15,g1_0.literature_mid,g1_0.literature_oral,g1_0.math,g1_0.math_final,g1_0.math_m15,g1_0.math_mid,g1_0.math_oral,g1_0.student_code,g1_0.student_id from grades g1_0 where lower(g1_0.student_code)=lower(?) or lower(g1_0.student_id)=lower(?)
2026-10-01T13:51:29.654+07:00 DEBUG 29996 --- [school-manager] [http-nio-8080-exec-10] org.hibernate.SQL                        : select g1_0.id,g1_0.english,g1_0.english_final,g1_0.english_m15,g1_0.english_mid,g1_0.english_oral,g1_0.gpa,g1_0.literature,g1_0.literature_final,g1_0.literature_m15,g1_0.literature_mid,g1_0.literature_oral,g1_0.math,g1_0.math_final,g1_0.math_m15,g1_0.math_mid,g1_0.math_oral,g1_0.student_code,g1_0.student_id from grades g1_0 where g1_0.student_id=? or lower(g1_0.student_code)=lower(?)
2026-10-01T13:51:29.660+07:00 DEBUG 29996 --- [school-manager] [http-nio-8080-exec-10] org.hibernate.SQL                        : insert into grades (english,english_final,english_m15,english_mid,english_oral,gpa,literature,literature_final,literature_m15,literature_mid,literature_oral,math,math_final,math_m15,math_mid,math_oral,student_code,student_id) values (?,?,?,?,?,?,?,?,?,?,?,?,?,?,?,?,?,?)
2026-10-01T13:51:29.740+07:00 DEBUG 29996 --- [school-manager] [http-nio-8080-exec-1] org.hibernate.SQL                        : select distinct g1_0.id,g1_0.english,g1_0.english_final,g1_0.english_m15,g1_0.english_mid,g1_0.english_oral,g1_0.gpa,g1_0.literature,g1_0.literature_final,g1_0.literature_m15,g1_0.literature_mid,g1_0.literature_oral,g1_0.math,g1_0.math_final,g1_0.math_m15,g1_0.math_mid,g1_0.math_oral,g1_0.student_code,g1_0.student_id from grades g1_0 where (g1_0.student_id in ((select m1_0.code from members m1_0 where lower(m1_0.role)=?)) or g1_0.student_id in ((select m2_0.id from members m2_0 where lower(m2_0.role)=?)) or g1_0.student_code in ((select m3_0.code from members m3_0 where lower(m3_0.role)=?))) limit ?,?
2026-10-01T13:51:29.747+07:00 DEBUG 29996 --- [school-manager] [http-nio-8080-exec-1] org.hibernate.SQL                        : select m1_0.id,m1_0.class_name,m1_0.code,m1_0.email,m1_0.must_change_password,m1_0.name,m1_0.password,m1_0.role,m1_0.subject from members m1_0
2026-10-01T13:51:29.751+07:00 DEBUG 29996 --- [school-manager] [http-nio-8080-exec-1] org.hibernate.SQL                        : select ac1_0.member_id,ac1_0.class_id from member_assigned_classes ac1_0 where ac1_0.member_id in (?,?,?,?,?,?,?,?,?,?,?,?,?,?,?,?,?,?,?,?,?,?,?,?,?,?,?,?,?,?,?,?,?,?,?,?,?,?,?,?,?,?,?,?,?,?,?,?,?,?)
2026-10-01T14:05:49.351+07:00 DEBUG 29996 --- [school-manager] [http-nio-8080-exec-2] org.hibernate.SQL                        : select distinct m1_0.id,m1_0.class_name,m1_0.code,m1_0.email,m1_0.must_change_password,m1_0.name,m1_0.password,m1_0.role,m1_0.subject from members m1_0 where lower(m1_0.role)=? limit ?,?
2026-10-01T14:05:49.361+07:00 DEBUG 29996 --- [school-manager] [http-nio-8080-exec-2] org.hibernate.SQL                        : select distinct count(distinct m1_0.id) from members m1_0 where lower(m1_0.role)=?
2026-10-01T14:05:49.377+07:00 DEBUG 29996 --- [school-manager] [http-nio-8080-exec-2] org.hibernate.SQL                        : select ac1_0.member_id,ac1_0.class_id from member_assigned_classes ac1_0 where ac1_0.member_id in (?,?,?,?,?,?,?,?,?,?,?,?,?,?,?,?,?,?,?,?,?,?,?,?,?,?,?,?,?,?,?,?,?,?,?,?,?,?,?,?,?,?,?,?,?,?,?,?,?,?)
2026-10-01T14:05:53.484+07:00 DEBUG 29996 --- [school-manager] [http-nio-8080-exec-4] org.hibernate.SQL                        : select m1_0.class_name,count(m1_0.id) from members m1_0 where m1_0.role='student' and m1_0.class_name is not null group by m1_0.class_name
2026-10-01T14:05:53.488+07:00 DEBUG 29996 --- [school-manager] [http-nio-8080-exec-4] org.hibernate.SQL                        : select ac1_0.class_id,count(distinct m1_0.id) from members m1_0 join member_assigned_classes ac1_0 on m1_0.id=ac1_0.member_id where m1_0.role='teacher' group by ac1_0.class_id
2026-10-01T14:05:53.493+07:00 DEBUG 29996 --- [school-manager] [http-nio-8080-exec-4] org.hibernate.SQL                        : select sc1_0.id,sc1_0.code,sc1_0.name from school_classes sc1_0
2026-10-01T14:05:54.635+07:00 DEBUG 29996 --- [school-manager] [http-nio-8080-exec-5] org.hibernate.SQL                        : select distinct m1_0.id,m1_0.class_name,m1_0.code,m1_0.email,m1_0.must_change_password,m1_0.name,m1_0.password,m1_0.role,m1_0.subject from members m1_0 where lower(m1_0.role)=? limit ?,?
2026-10-01T14:05:54.640+07:00 DEBUG 29996 --- [school-manager] [http-nio-8080-exec-5] org.hibernate.SQL                        : select distinct count(distinct m1_0.id) from members m1_0 where lower(m1_0.role)=?
2026-10-01T14:05:54.646+07:00 DEBUG 29996 --- [school-manager] [http-nio-8080-exec-5] org.hibernate.SQL                        : select ac1_0.member_id,ac1_0.class_id from member_assigned_classes ac1_0 where ac1_0.member_id in (?,?,?,?,?,?,?,?,?,?,?,?,?,?,?,?,?,?,?,?,?,?,?,?,?,?,?,?,?,?,?,?,?,?,?,?,?,?,?,?,?,?,?,?,?,?,?,?,?,?)
2026-10-01T14:07:31.846+07:00 DEBUG 29996 --- [school-manager] [http-nio-8080-exec-7] org.hibernate.SQL                        : select m1_0.id,m1_0.class_name,m1_0.code,m1_0.email,m1_0.must_change_password,m1_0.name,m1_0.password,m1_0.role,m1_0.subject from members m1_0 where lower(m1_0.email)=lower(?)
2026-10-01T14:07:31.850+07:00 DEBUG 29996 --- [school-manager] [http-nio-8080-exec-7] org.hibernate.SQL                        : select ac1_0.member_id,ac1_0.class_id from member_assigned_classes ac1_0 where ac1_0.member_id=?
2026-10-01T14:07:31.896+07:00 DEBUG 29996 --- [school-manager] [http-nio-8080-exec-8] org.hibernate.SQL                        : select m1_0.id,m1_0.class_name,m1_0.code,m1_0.email,m1_0.must_change_password,m1_0.name,m1_0.password,m1_0.role,m1_0.subject from members m1_0 where m1_0.id=?
2026-10-01T14:07:31.903+07:00 DEBUG 29996 --- [school-manager] [http-nio-8080-exec-8] org.hibernate.SQL                        : select distinct g1_0.id,g1_0.english,g1_0.english_final,g1_0.english_m15,g1_0.english_mid,g1_0.english_oral,g1_0.gpa,g1_0.literature,g1_0.literature_final,g1_0.literature_m15,g1_0.literature_mid,g1_0.literature_oral,g1_0.math,g1_0.math_final,g1_0.math_m15,g1_0.math_mid,g1_0.math_oral,g1_0.student_code,g1_0.student_id from grades g1_0 where (g1_0.student_id in ((select m1_0.code from members m1_0 where lower(m1_0.role)=? and (m1_0.class_name in (?)))) or g1_0.student_id in ((select m2_0.id from members m2_0 where lower(m2_0.role)=? and (m2_0.class_name in (?)))) or g1_0.student_code in ((select m3_0.code from members m3_0 where lower(m3_0.role)=? and (m3_0.class_name in (?))))) limit ?,?
2026-10-01T14:07:31.914+07:00 DEBUG 29996 --- [school-manager] [http-nio-8080-exec-8] org.hibernate.SQL                        : select count(g1_0.id) from grades g1_0 where (g1_0.student_id in ((select m1_0.code from members m1_0 where lower(m1_0.role)=? and (m1_0.class_name in (?)))) or g1_0.student_id in ((select m2_0.id from members m2_0 where lower(m2_0.role)=? and (m2_0.class_name in (?)))) or g1_0.student_code in ((select m3_0.code from members m3_0 where lower(m3_0.role)=? and (m3_0.class_name in (?)))))
2026-10-01T14:07:31.918+07:00 DEBUG 29996 --- [school-manager] [http-nio-8080-exec-8] org.hibernate.SQL                        : select m1_0.id,m1_0.class_name,m1_0.code,m1_0.email,m1_0.must_change_password,m1_0.name,m1_0.password,m1_0.role,m1_0.subject from members m1_0
2026-10-01T14:07:31.924+07:00 DEBUG 29996 --- [school-manager] [http-nio-8080-exec-8] org.hibernate.SQL                        : select ac1_0.member_id,ac1_0.class_id from member_assigned_classes ac1_0 where ac1_0.member_id in (?,?,?,?,?,?,?,?,?,?,?,?,?,?,?,?,?,?,?,?,?,?,?,?,?,?,?,?,?,?,?,?,?,?,?,?,?,?,?,?,?,?,?,?,?,?,?,?,?,?)
2026-10-01T14:07:38.870+07:00 DEBUG 29996 --- [school-manager] [http-nio-8080-exec-9] org.hibernate.SQL                        : select distinct m1_0.id,m1_0.class_name,m1_0.code,m1_0.email,m1_0.must_change_password,m1_0.name,m1_0.password,m1_0.role,m1_0.subject from members m1_0 where (m1_0.class_name in (?) or lower(m1_0.role)=? and (m1_0.id=? or lower(m1_0.code)=?)) limit ?,?
2026-10-01T14:07:38.875+07:00 DEBUG 29996 --- [school-manager] [http-nio-8080-exec-9] org.hibernate.SQL                        : select distinct count(distinct m1_0.id) from members m1_0 where (m1_0.class_name in (?) or lower(m1_0.role)=? and (m1_0.id=? or lower(m1_0.code)=?))
2026-10-01T14:07:38.877+07:00 DEBUG 29996 --- [school-manager] [http-nio-8080-exec-9] org.hibernate.SQL                        : select ac1_0.member_id,ac1_0.class_id from member_assigned_classes ac1_0 where ac1_0.member_id in (?,?,?,?,?,?,?,?,?,?,?,?,?,?,?,?,?,?,?,?,?,?,?,?,?,?,?,?,?,?,?,?,?,?,?,?,?,?,?,?,?,?,?,?,?,?,?,?,?,?)
2026-10-01T14:07:40.853+07:00 DEBUG 29996 --- [school-manager] [http-nio-8080-exec-10] org.hibernate.SQL                        : select m1_0.id,m1_0.class_name,m1_0.code,m1_0.email,m1_0.must_change_password,m1_0.name,m1_0.password,m1_0.role,m1_0.subject from members m1_0 where m1_0.id=?
2026-10-01T14:07:40.857+07:00 DEBUG 29996 --- [school-manager] [http-nio-8080-exec-10] org.hibernate.SQL                        : select distinct g1_0.id,g1_0.english,g1_0.english_final,g1_0.english_m15,g1_0.english_mid,g1_0.english_oral,g1_0.gpa,g1_0.literature,g1_0.literature_final,g1_0.literature_m15,g1_0.literature_mid,g1_0.literature_oral,g1_0.math,g1_0.math_final,g1_0.math_m15,g1_0.math_mid,g1_0.math_oral,g1_0.student_code,g1_0.student_id from grades g1_0 where (g1_0.student_id in ((select m1_0.code from members m1_0 where lower(m1_0.role)=? and (m1_0.class_name in (?)))) or g1_0.student_id in ((select m2_0.id from members m2_0 where lower(m2_0.role)=? and (m2_0.class_name in (?)))) or g1_0.student_code in ((select m3_0.code from members m3_0 where lower(m3_0.role)=? and (m3_0.class_name in (?))))) limit ?,?
2026-10-01T14:07:40.863+07:00 DEBUG 29996 --- [school-manager] [http-nio-8080-exec-10] org.hibernate.SQL                        : select count(g1_0.id) from grades g1_0 where (g1_0.student_id in ((select m1_0.code from members m1_0 where lower(m1_0.role)=? and (m1_0.class_name in (?)))) or g1_0.student_id in ((select m2_0.id from members m2_0 where lower(m2_0.role)=? and (m2_0.class_name in (?)))) or g1_0.student_code in ((select m3_0.code from members m3_0 where lower(m3_0.role)=? and (m3_0.class_name in (?)))))
2026-10-01T14:07:40.870+07:00 DEBUG 29996 --- [school-manager] [http-nio-8080-exec-10] org.hibernate.SQL                        : select m1_0.id,m1_0.class_name,m1_0.code,m1_0.email,m1_0.must_change_password,m1_0.name,m1_0.password,m1_0.role,m1_0.subject from members m1_0
2026-10-01T14:07:40.874+07:00 DEBUG 29996 --- [school-manager] [http-nio-8080-exec-10] org.hibernate.SQL                        : select ac1_0.member_id,ac1_0.class_id from member_assigned_classes ac1_0 where ac1_0.member_id in (?,?,?,?,?,?,?,?,?,?,?,?,?,?,?,?,?,?,?,?,?,?,?,?,?,?,?,?,?,?,?,?,?,?,?,?,?,?,?,?,?,?,?,?,?,?,?,?,?,?)
2026-10-01T14:07:45.280+07:00 DEBUG 29996 --- [school-manager] [http-nio-8080-exec-1] org.hibernate.SQL                        : select m1_0.id,m1_0.class_name,m1_0.code,m1_0.email,m1_0.must_change_password,m1_0.name,m1_0.password,m1_0.role,m1_0.subject from members m1_0 where m1_0.id=?
2026-10-01T14:07:45.286+07:00 DEBUG 29996 --- [school-manager] [http-nio-8080-exec-1] org.hibernate.SQL                        : select distinct g1_0.id,g1_0.english,g1_0.english_final,g1_0.english_m15,g1_0.english_mid,g1_0.english_oral,g1_0.gpa,g1_0.literature,g1_0.literature_final,g1_0.literature_m15,g1_0.literature_mid,g1_0.literature_oral,g1_0.math,g1_0.math_final,g1_0.math_m15,g1_0.math_mid,g1_0.math_oral,g1_0.student_code,g1_0.student_id from grades g1_0 where (g1_0.student_id in ((select m1_0.code from members m1_0 where lower(m1_0.role)=? and (m1_0.class_name in (?)))) or g1_0.student_id in ((select m2_0.id from members m2_0 where lower(m2_0.role)=? and (m2_0.class_name in (?)))) or g1_0.student_code in ((select m3_0.code from members m3_0 where lower(m3_0.role)=? and (m3_0.class_name in (?))))) limit ?,?
2026-10-01T14:07:45.293+07:00 DEBUG 29996 --- [school-manager] [http-nio-8080-exec-1] org.hibernate.SQL                        : select count(g1_0.id) from grades g1_0 where (g1_0.student_id in ((select m1_0.code from members m1_0 where lower(m1_0.role)=? and (m1_0.class_name in (?)))) or g1_0.student_id in ((select m2_0.id from members m2_0 where lower(m2_0.role)=? and (m2_0.class_name in (?)))) or g1_0.student_code in ((select m3_0.code from members m3_0 where lower(m3_0.role)=? and (m3_0.class_name in (?)))))
2026-10-01T14:07:45.298+07:00 DEBUG 29996 --- [school-manager] [http-nio-8080-exec-1] org.hibernate.SQL                        : select m1_0.id,m1_0.class_name,m1_0.code,m1_0.email,m1_0.must_change_password,m1_0.name,m1_0.password,m1_0.role,m1_0.subject from members m1_0
2026-10-01T14:07:45.310+07:00 DEBUG 29996 --- [school-manager] [http-nio-8080-exec-1] org.hibernate.SQL                        : select ac1_0.member_id,ac1_0.class_id from member_assigned_classes ac1_0 where ac1_0.member_id in (?,?,?,?,?,?,?,?,?,?,?,?,?,?,?,?,?,?,?,?,?,?,?,?,?,?,?,?,?,?,?,?,?,?,?,?,?,?,?,?,?,?,?,?,?,?,?,?,?,?)
2026-10-01T14:07:58.724+07:00 DEBUG 29996 --- [school-manager] [http-nio-8080-exec-3] org.hibernate.SQL                        : select m1_0.id,m1_0.class_name,m1_0.code,m1_0.email,m1_0.must_change_password,m1_0.name,m1_0.password,m1_0.role,m1_0.subject from members m1_0 where lower(m1_0.email)=lower(?)
2026-10-01T14:07:58.727+07:00 DEBUG 29996 --- [school-manager] [http-nio-8080-exec-3] org.hibernate.SQL                        : select ac1_0.member_id,ac1_0.class_id from member_assigned_classes ac1_0 where ac1_0.member_id=?
2026-10-01T14:07:58.792+07:00 DEBUG 29996 --- [school-manager] [http-nio-8080-exec-2] org.hibernate.SQL                        : select m1_0.id,m1_0.class_name,m1_0.code,m1_0.email,m1_0.must_change_password,m1_0.name,m1_0.password,m1_0.role,m1_0.subject from members m1_0 where m1_0.id=?
2026-10-01T14:07:58.796+07:00 DEBUG 29996 --- [school-manager] [http-nio-8080-exec-2] org.hibernate.SQL                        : select distinct g1_0.id,g1_0.english,g1_0.english_final,g1_0.english_m15,g1_0.english_mid,g1_0.english_oral,g1_0.gpa,g1_0.literature,g1_0.literature_final,g1_0.literature_m15,g1_0.literature_mid,g1_0.literature_oral,g1_0.math,g1_0.math_final,g1_0.math_m15,g1_0.math_mid,g1_0.math_oral,g1_0.student_code,g1_0.student_id from grades g1_0 where (g1_0.student_id in ((select m1_0.code from members m1_0 where lower(m1_0.role)=? and (m1_0.class_name in (?,?)))) or g1_0.student_id in ((select m2_0.id from members m2_0 where lower(m2_0.role)=? and (m2_0.class_name in (?,?)))) or g1_0.student_code in ((select m3_0.code from members m3_0 where lower(m3_0.role)=? and (m3_0.class_name in (?,?))))) limit ?,?
2026-10-01T14:07:58.804+07:00 DEBUG 29996 --- [school-manager] [http-nio-8080-exec-2] org.hibernate.SQL                        : select count(g1_0.id) from grades g1_0 where (g1_0.student_id in ((select m1_0.code from members m1_0 where lower(m1_0.role)=? and (m1_0.class_name in (?,?)))) or g1_0.student_id in ((select m2_0.id from members m2_0 where lower(m2_0.role)=? and (m2_0.class_name in (?,?)))) or g1_0.student_code in ((select m3_0.code from members m3_0 where lower(m3_0.role)=? and (m3_0.class_name in (?,?)))))
2026-10-01T14:07:58.810+07:00 DEBUG 29996 --- [school-manager] [http-nio-8080-exec-2] org.hibernate.SQL                        : select m1_0.id,m1_0.class_name,m1_0.code,m1_0.email,m1_0.must_change_password,m1_0.name,m1_0.password,m1_0.role,m1_0.subject from members m1_0
2026-10-01T14:07:58.823+07:00 DEBUG 29996 --- [school-manager] [http-nio-8080-exec-2] org.hibernate.SQL                        : select ac1_0.member_id,ac1_0.class_id from member_assigned_classes ac1_0 where ac1_0.member_id in (?,?,?,?,?,?,?,?,?,?,?,?,?,?,?,?,?,?,?,?,?,?,?,?,?,?,?,?,?,?,?,?,?,?,?,?,?,?,?,?,?,?,?,?,?,?,?,?,?,?)
2026-10-01T14:08:04.013+07:00 DEBUG 29996 --- [school-manager] [http-nio-8080-exec-4] org.hibernate.SQL                        : select m1_0.id,m1_0.class_name,m1_0.code,m1_0.email,m1_0.must_change_password,m1_0.name,m1_0.password,m1_0.role,m1_0.subject from members m1_0 where m1_0.id=?
2026-10-01T14:08:04.017+07:00 DEBUG 29996 --- [school-manager] [http-nio-8080-exec-4] org.hibernate.SQL                        : select distinct g1_0.id,g1_0.english,g1_0.english_final,g1_0.english_m15,g1_0.english_mid,g1_0.english_oral,g1_0.gpa,g1_0.literature,g1_0.literature_final,g1_0.literature_m15,g1_0.literature_mid,g1_0.literature_oral,g1_0.math,g1_0.math_final,g1_0.math_m15,g1_0.math_mid,g1_0.math_oral,g1_0.student_code,g1_0.student_id from grades g1_0 where (g1_0.student_id in ((select m1_0.code from members m1_0 where lower(m1_0.role)=? and (m1_0.class_name in (?,?)))) or g1_0.student_id in ((select m2_0.id from members m2_0 where lower(m2_0.role)=? and (m2_0.class_name in (?,?)))) or g1_0.student_code in ((select m3_0.code from members m3_0 where lower(m3_0.role)=? and (m3_0.class_name in (?,?))))) limit ?,?
2026-10-01T14:08:04.030+07:00 DEBUG 29996 --- [school-manager] [http-nio-8080-exec-4] org.hibernate.SQL                        : select count(g1_0.id) from grades g1_0 where (g1_0.student_id in ((select m1_0.code from members m1_0 where lower(m1_0.role)=? and (m1_0.class_name in (?,?)))) or g1_0.student_id in ((select m2_0.id from members m2_0 where lower(m2_0.role)=? and (m2_0.class_name in (?,?)))) or g1_0.student_code in ((select m3_0.code from members m3_0 where lower(m3_0.role)=? and (m3_0.class_name in (?,?)))))
2026-10-01T14:08:04.037+07:00 DEBUG 29996 --- [school-manager] [http-nio-8080-exec-4] org.hibernate.SQL                        : select m1_0.id,m1_0.class_name,m1_0.code,m1_0.email,m1_0.must_change_password,m1_0.name,m1_0.password,m1_0.role,m1_0.subject from members m1_0
2026-10-01T14:08:04.045+07:00 DEBUG 29996 --- [school-manager] [http-nio-8080-exec-4] org.hibernate.SQL                        : select ac1_0.member_id,ac1_0.class_id from member_assigned_classes ac1_0 where ac1_0.member_id in (?,?,?,?,?,?,?,?,?,?,?,?,?,?,?,?,?,?,?,?,?,?,?,?,?,?,?,?,?,?,?,?,?,?,?,?,?,?,?,?,?,?,?,?,?,?,?,?,?,?)
2026-10-01T14:08:04.491+07:00 DEBUG 29996 --- [school-manager] [http-nio-8080-exec-5] org.hibernate.SQL                        : select m1_0.id,m1_0.class_name,m1_0.code,m1_0.email,m1_0.must_change_password,m1_0.name,m1_0.password,m1_0.role,m1_0.subject from members m1_0 where m1_0.id=?
2026-10-01T14:08:04.495+07:00 DEBUG 29996 --- [school-manager] [http-nio-8080-exec-5] org.hibernate.SQL                        : select distinct g1_0.id,g1_0.english,g1_0.english_final,g1_0.english_m15,g1_0.english_mid,g1_0.english_oral,g1_0.gpa,g1_0.literature,g1_0.literature_final,g1_0.literature_m15,g1_0.literature_mid,g1_0.literature_oral,g1_0.math,g1_0.math_final,g1_0.math_m15,g1_0.math_mid,g1_0.math_oral,g1_0.student_code,g1_0.student_id from grades g1_0 where (g1_0.student_id in ((select m1_0.code from members m1_0 where lower(m1_0.role)=? and (m1_0.class_name in (?,?)))) or g1_0.student_id in ((select m2_0.id from members m2_0 where lower(m2_0.role)=? and (m2_0.class_name in (?,?)))) or g1_0.student_code in ((select m3_0.code from members m3_0 where lower(m3_0.role)=? and (m3_0.class_name in (?,?))))) limit ?,?
2026-10-01T14:08:04.501+07:00 DEBUG 29996 --- [school-manager] [http-nio-8080-exec-5] org.hibernate.SQL                        : select count(g1_0.id) from grades g1_0 where (g1_0.student_id in ((select m1_0.code from members m1_0 where lower(m1_0.role)=? and (m1_0.class_name in (?,?)))) or g1_0.student_id in ((select m2_0.id from members m2_0 where lower(m2_0.role)=? and (m2_0.class_name in (?,?)))) or g1_0.student_code in ((select m3_0.code from members m3_0 where lower(m3_0.role)=? and (m3_0.class_name in (?,?)))))
2026-10-01T14:08:04.506+07:00 DEBUG 29996 --- [school-manager] [http-nio-8080-exec-5] org.hibernate.SQL                        : select m1_0.id,m1_0.class_name,m1_0.code,m1_0.email,m1_0.must_change_password,m1_0.name,m1_0.password,m1_0.role,m1_0.subject from members m1_0
2026-10-01T14:08:04.509+07:00 DEBUG 29996 --- [school-manager] [http-nio-8080-exec-5] org.hibernate.SQL                        : select ac1_0.member_id,ac1_0.class_id from member_assigned_classes ac1_0 where ac1_0.member_id in (?,?,?,?,?,?,?,?,?,?,?,?,?,?,?,?,?,?,?,?,?,?,?,?,?,?,?,?,?,?,?,?,?,?,?,?,?,?,?,?,?,?,?,?,?,?,?,?,?,?)
2026-10-01T14:08:04.930+07:00 DEBUG 29996 --- [school-manager] [http-nio-8080-exec-6] org.hibernate.SQL                        : select m1_0.id,m1_0.class_name,m1_0.code,m1_0.email,m1_0.must_change_password,m1_0.name,m1_0.password,m1_0.role,m1_0.subject from members m1_0 where m1_0.id=?
2026-10-01T14:08:04.933+07:00 DEBUG 29996 --- [school-manager] [http-nio-8080-exec-6] org.hibernate.SQL                        : select distinct g1_0.id,g1_0.english,g1_0.english_final,g1_0.english_m15,g1_0.english_mid,g1_0.english_oral,g1_0.gpa,g1_0.literature,g1_0.literature_final,g1_0.literature_m15,g1_0.literature_mid,g1_0.literature_oral,g1_0.math,g1_0.math_final,g1_0.math_m15,g1_0.math_mid,g1_0.math_oral,g1_0.student_code,g1_0.student_id from grades g1_0 where (g1_0.student_id in ((select m1_0.code from members m1_0 where lower(m1_0.role)=? and (m1_0.class_name in (?,?)))) or g1_0.student_id in ((select m2_0.id from members m2_0 where lower(m2_0.role)=? and (m2_0.class_name in (?,?)))) or g1_0.student_code in ((select m3_0.code from members m3_0 where lower(m3_0.role)=? and (m3_0.class_name in (?,?))))) limit ?,?
2026-10-01T14:08:04.938+07:00 DEBUG 29996 --- [school-manager] [http-nio-8080-exec-6] org.hibernate.SQL                        : select count(g1_0.id) from grades g1_0 where (g1_0.student_id in ((select m1_0.code from members m1_0 where lower(m1_0.role)=? and (m1_0.class_name in (?,?)))) or g1_0.student_id in ((select m2_0.id from members m2_0 where lower(m2_0.role)=? and (m2_0.class_name in (?,?)))) or g1_0.student_code in ((select m3_0.code from members m3_0 where lower(m3_0.role)=? and (m3_0.class_name in (?,?)))))
2026-10-01T14:08:04.943+07:00 DEBUG 29996 --- [school-manager] [http-nio-8080-exec-6] org.hibernate.SQL                        : select m1_0.id,m1_0.class_name,m1_0.code,m1_0.email,m1_0.must_change_password,m1_0.name,m1_0.password,m1_0.role,m1_0.subject from members m1_0
2026-10-01T14:08:04.947+07:00 DEBUG 29996 --- [school-manager] [http-nio-8080-exec-6] org.hibernate.SQL                        : select ac1_0.member_id,ac1_0.class_id from member_assigned_classes ac1_0 where ac1_0.member_id in (?,?,?,?,?,?,?,?,?,?,?,?,?,?,?,?,?,?,?,?,?,?,?,?,?,?,?,?,?,?,?,?,?,?,?,?,?,?,?,?,?,?,?,?,?,?,?,?,?,?)
2026-10-01T14:08:08.039+07:00 DEBUG 29996 --- [school-manager] [http-nio-8080-exec-7] org.hibernate.SQL                        : select distinct m1_0.id,m1_0.class_name,m1_0.code,m1_0.email,m1_0.must_change_password,m1_0.name,m1_0.password,m1_0.role,m1_0.subject from members m1_0 where (m1_0.class_name in (?,?) or lower(m1_0.role)=? and (m1_0.id=? or lower(m1_0.code)=?)) limit ?,?
2026-10-01T14:08:08.047+07:00 DEBUG 29996 --- [school-manager] [http-nio-8080-exec-7] org.hibernate.SQL                        : select distinct count(distinct m1_0.id) from members m1_0 where (m1_0.class_name in (?,?) or lower(m1_0.role)=? and (m1_0.id=? or lower(m1_0.code)=?))
2026-10-01T14:08:08.050+07:00 DEBUG 29996 --- [school-manager] [http-nio-8080-exec-7] org.hibernate.SQL                        : select ac1_0.member_id,ac1_0.class_id from member_assigned_classes ac1_0 where ac1_0.member_id in (?,?,?,?,?,?,?,?,?,?,?,?,?,?,?,?,?,?,?,?,?,?,?,?,?,?,?,?,?,?,?,?,?,?,?,?,?,?,?,?,?,?,?,?,?,?,?,?,?,?)
2026-10-01T14:08:22.115+07:00 DEBUG 29996 --- [school-manager] [http-nio-8080-exec-8] org.hibernate.SQL                        : select m1_0.id,m1_0.class_name,m1_0.code,m1_0.email,m1_0.must_change_password,m1_0.name,m1_0.password,m1_0.role,m1_0.subject from members m1_0 where lower(m1_0.email)=lower(?)
2026-10-01T14:08:22.117+07:00 DEBUG 29996 --- [school-manager] [http-nio-8080-exec-8] org.hibernate.SQL                        : select ac1_0.member_id,ac1_0.class_id from member_assigned_classes ac1_0 where ac1_0.member_id=?
2026-10-01T14:08:22.165+07:00 DEBUG 29996 --- [school-manager] [http-nio-8080-exec-9] org.hibernate.SQL                        : select distinct m1_0.id,m1_0.class_name,m1_0.code,m1_0.email,m1_0.must_change_password,m1_0.name,m1_0.password,m1_0.role,m1_0.subject from members m1_0 where 1=1 limit ?,?
2026-10-01T14:08:22.168+07:00 DEBUG 29996 --- [school-manager] [http-nio-8080-exec-9] org.hibernate.SQL                        : select distinct count(distinct m1_0.id) from members m1_0 where 1=1
2026-10-01T14:08:22.170+07:00 DEBUG 29996 --- [school-manager] [http-nio-8080-exec-9] org.hibernate.SQL                        : select ac1_0.member_id,ac1_0.class_id from member_assigned_classes ac1_0 where ac1_0.member_id in (?,?,?,?,?,?,?,?,?,?,?,?,?,?,?,?,?,?,?,?,?,?,?,?,?,?,?,?,?,?,?,?,?,?,?,?,?,?,?,?,?,?,?,?,?,?,?,?,?,?)
2026-10-01T14:08:36.639+07:00 DEBUG 29996 --- [school-manager] [http-nio-8080-exec-10] org.hibernate.SQL                        : select distinct g1_0.id,g1_0.english,g1_0.english_final,g1_0.english_m15,g1_0.english_mid,g1_0.english_oral,g1_0.gpa,g1_0.literature,g1_0.literature_final,g1_0.literature_m15,g1_0.literature_mid,g1_0.literature_oral,g1_0.math,g1_0.math_final,g1_0.math_m15,g1_0.math_mid,g1_0.math_oral,g1_0.student_code,g1_0.student_id from grades g1_0 where (g1_0.student_id in ((select m1_0.code from members m1_0 where lower(m1_0.role)=?)) or g1_0.student_id in ((select m2_0.id from members m2_0 where lower(m2_0.role)=?)) or g1_0.student_code in ((select m3_0.code from members m3_0 where lower(m3_0.role)=?))) limit ?,?
2026-10-01T14:08:36.647+07:00 DEBUG 29996 --- [school-manager] [http-nio-8080-exec-10] org.hibernate.SQL                        : select count(g1_0.id) from grades g1_0 where (g1_0.student_id in ((select m1_0.code from members m1_0 where lower(m1_0.role)=?)) or g1_0.student_id in ((select m2_0.id from members m2_0 where lower(m2_0.role)=?)) or g1_0.student_code in ((select m3_0.code from members m3_0 where lower(m3_0.role)=?)))
2026-10-01T14:08:36.658+07:00 DEBUG 29996 --- [school-manager] [http-nio-8080-exec-10] org.hibernate.SQL                        : select m1_0.id,m1_0.class_name,m1_0.code,m1_0.email,m1_0.must_change_password,m1_0.name,m1_0.password,m1_0.role,m1_0.subject from members m1_0
2026-10-01T14:08:36.664+07:00 DEBUG 29996 --- [school-manager] [http-nio-8080-exec-10] org.hibernate.SQL                        : select ac1_0.member_id,ac1_0.class_id from member_assigned_classes ac1_0 where ac1_0.member_id in (?,?,?,?,?,?,?,?,?,?,?,?,?,?,?,?,?,?,?,?,?,?,?,?,?,?,?,?,?,?,?,?,?,?,?,?,?,?,?,?,?,?,?,?,?,?,?,?,?,?)
2026-10-01T14:08:46.380+07:00 DEBUG 29996 --- [school-manager] [http-nio-8080-exec-1] org.hibernate.SQL                        : select m1_0.id,m1_0.class_name,m1_0.code,m1_0.email,m1_0.must_change_password,m1_0.name,m1_0.password,m1_0.role,m1_0.subject from members m1_0 where lower(m1_0.email)=lower(?)
2026-10-01T14:08:46.383+07:00 DEBUG 29996 --- [school-manager] [http-nio-8080-exec-1] org.hibernate.SQL                        : select ac1_0.member_id,ac1_0.class_id from member_assigned_classes ac1_0 where ac1_0.member_id=?
2026-10-01T14:08:46.467+07:00 DEBUG 29996 --- [school-manager] [http-nio-8080-exec-3] org.hibernate.SQL                        : select m1_0.id,m1_0.class_name,m1_0.code,m1_0.email,m1_0.must_change_password,m1_0.name,m1_0.password,m1_0.role,m1_0.subject from members m1_0 where lower(m1_0.code)=lower(?)
2026-10-01T14:08:46.472+07:00 DEBUG 29996 --- [school-manager] [http-nio-8080-exec-3] org.hibernate.SQL                        : select g1_0.id,g1_0.english,g1_0.english_final,g1_0.english_m15,g1_0.english_mid,g1_0.english_oral,g1_0.gpa,g1_0.literature,g1_0.literature_final,g1_0.literature_m15,g1_0.literature_mid,g1_0.literature_oral,g1_0.math,g1_0.math_final,g1_0.math_m15,g1_0.math_mid,g1_0.math_oral,g1_0.student_code,g1_0.student_id from grades g1_0 where g1_0.student_id=? or lower(g1_0.student_code)=lower(?)
2026-10-01T14:08:46.478+07:00 DEBUG 29996 --- [school-manager] [http-nio-8080-exec-3] org.hibernate.SQL                        : select g1_0.id,g1_0.english,g1_0.english_final,g1_0.english_m15,g1_0.english_mid,g1_0.english_oral,g1_0.gpa,g1_0.literature,g1_0.literature_final,g1_0.literature_m15,g1_0.literature_mid,g1_0.literature_oral,g1_0.math,g1_0.math_final,g1_0.math_m15,g1_0.math_mid,g1_0.math_oral,g1_0.student_code,g1_0.student_id from grades g1_0 where lower(g1_0.student_code)=lower(?) or lower(g1_0.student_id)=lower(?)
2026-10-01T14:09:54.307+07:00 DEBUG 29996 --- [school-manager] [http-nio-8080-exec-4] org.hibernate.SQL                        : select distinct m1_0.id,m1_0.class_name,m1_0.code,m1_0.email,m1_0.must_change_password,m1_0.name,m1_0.password,m1_0.role,m1_0.subject from members m1_0 where 1=1 limit ?,?
2026-10-01T14:09:54.311+07:00 DEBUG 29996 --- [school-manager] [http-nio-8080-exec-4] org.hibernate.SQL                        : select distinct count(distinct m1_0.id) from members m1_0 where 1=1
2026-10-01T14:09:54.323+07:00 DEBUG 29996 --- [school-manager] [http-nio-8080-exec-4] org.hibernate.SQL                        : select ac1_0.member_id,ac1_0.class_id from member_assigned_classes ac1_0 where ac1_0.member_id in (?,?,?,?,?,?,?,?,?,?,?,?,?,?,?,?,?,?,?,?,?,?,?,?,?,?,?,?,?,?,?,?,?,?,?,?,?,?,?,?,?,?,?,?,?,?,?,?,?,?)
2026-10-01T14:10:17.867+07:00 DEBUG 29996 --- [school-manager] [http-nio-8080-exec-5] org.hibernate.SQL                        : select distinct m1_0.id,m1_0.class_name,m1_0.code,m1_0.email,m1_0.must_change_password,m1_0.name,m1_0.password,m1_0.role,m1_0.subject from members m1_0 where 1=1 limit ?,?
2026-10-01T14:10:17.872+07:00 DEBUG 29996 --- [school-manager] [http-nio-8080-exec-5] org.hibernate.SQL                        : select distinct count(distinct m1_0.id) from members m1_0 where 1=1
2026-10-01T14:10:17.878+07:00 DEBUG 29996 --- [school-manager] [http-nio-8080-exec-5] org.hibernate.SQL                        : select ac1_0.member_id,ac1_0.class_id from member_assigned_classes ac1_0 where ac1_0.member_id in (?,?,?,?,?,?,?,?,?,?,?,?,?,?,?,?,?,?,?,?,?,?,?,?,?,?,?,?,?,?,?,?,?,?,?,?,?,?,?,?,?,?,?,?,?,?,?,?,?,?)
2026-10-01T14:11:01.894+07:00 DEBUG 29996 --- [school-manager] [http-nio-8080-exec-6] org.hibernate.SQL                        : select distinct m1_0.id,m1_0.class_name,m1_0.code,m1_0.email,m1_0.must_change_password,m1_0.name,m1_0.password,m1_0.role,m1_0.subject from members m1_0 where 1=1 limit ?,?
2026-10-01T14:11:01.900+07:00 DEBUG 29996 --- [school-manager] [http-nio-8080-exec-6] org.hibernate.SQL                        : select distinct count(distinct m1_0.id) from members m1_0 where 1=1
2026-10-01T14:11:01.909+07:00 DEBUG 29996 --- [school-manager] [http-nio-8080-exec-6] org.hibernate.SQL                        : select ac1_0.member_id,ac1_0.class_id from member_assigned_classes ac1_0 where ac1_0.member_id in (?,?,?,?,?,?,?,?,?,?,?,?,?,?,?,?,?,?,?,?,?,?,?,?,?,?,?,?,?,?,?,?,?,?,?,?,?,?,?,?,?,?,?,?,?,?,?,?,?,?)
2026-10-01T14:11:29.016+07:00 DEBUG 29996 --- [school-manager] [http-nio-8080-exec-7] org.hibernate.SQL                        : select m1_0.id,m1_0.class_name,m1_0.code,m1_0.email,m1_0.must_change_password,m1_0.name,m1_0.password,m1_0.role,m1_0.subject from members m1_0 where lower(m1_0.email)=lower(?)
2026-10-01T14:11:29.019+07:00 DEBUG 29996 --- [school-manager] [http-nio-8080-exec-7] org.hibernate.SQL                        : select ac1_0.member_id,ac1_0.class_id from member_assigned_classes ac1_0 where ac1_0.member_id=?
2026-10-01T14:11:29.090+07:00 DEBUG 29996 --- [school-manager] [http-nio-8080-exec-8] org.hibernate.SQL                        : select distinct m1_0.id,m1_0.class_name,m1_0.code,m1_0.email,m1_0.must_change_password,m1_0.name,m1_0.password,m1_0.role,m1_0.subject from members m1_0 where 1=1 limit ?,?
2026-10-01T14:11:29.095+07:00 DEBUG 29996 --- [school-manager] [http-nio-8080-exec-8] org.hibernate.SQL                        : select distinct count(distinct m1_0.id) from members m1_0 where 1=1
2026-10-01T14:11:29.097+07:00 DEBUG 29996 --- [school-manager] [http-nio-8080-exec-8] org.hibernate.SQL                        : select ac1_0.member_id,ac1_0.class_id from member_assigned_classes ac1_0 where ac1_0.member_id in (?,?,?,?,?,?,?,?,?,?,?,?,?,?,?,?,?,?,?,?,?,?,?,?,?,?,?,?,?,?,?,?,?,?,?,?,?,?,?,?,?,?,?,?,?,?,?,?,?,?)
2026-10-01T14:11:33.055+07:00 DEBUG 29996 --- [school-manager] [http-nio-8080-exec-9] org.hibernate.SQL                        : select m1_0.class_name,count(m1_0.id) from members m1_0 where m1_0.role='student' and m1_0.class_name is not null group by m1_0.class_name
2026-10-01T14:11:33.057+07:00 DEBUG 29996 --- [school-manager] [http-nio-8080-exec-9] org.hibernate.SQL                        : select ac1_0.class_id,count(distinct m1_0.id) from members m1_0 join member_assigned_classes ac1_0 on m1_0.id=ac1_0.member_id where m1_0.role='teacher' group by ac1_0.class_id
2026-10-01T14:11:33.060+07:00 DEBUG 29996 --- [school-manager] [http-nio-8080-exec-9] org.hibernate.SQL                        : select sc1_0.id,sc1_0.code,sc1_0.name from school_classes sc1_0
2026-10-01T14:11:33.730+07:00 DEBUG 29996 --- [school-manager] [http-nio-8080-exec-10] org.hibernate.SQL                        : select distinct m1_0.id,m1_0.class_name,m1_0.code,m1_0.email,m1_0.must_change_password,m1_0.name,m1_0.password,m1_0.role,m1_0.subject from members m1_0 where lower(m1_0.role)=? limit ?,?
2026-10-01T14:11:33.735+07:00 DEBUG 29996 --- [school-manager] [http-nio-8080-exec-10] org.hibernate.SQL                        : select distinct count(distinct m1_0.id) from members m1_0 where lower(m1_0.role)=?
2026-10-01T14:11:33.739+07:00 DEBUG 29996 --- [school-manager] [http-nio-8080-exec-10] org.hibernate.SQL                        : select ac1_0.member_id,ac1_0.class_id from member_assigned_classes ac1_0 where ac1_0.member_id in (?,?,?,?,?,?,?,?,?,?,?,?,?,?,?,?,?,?,?,?,?,?,?,?,?,?,?,?,?,?,?,?,?,?,?,?,?,?,?,?,?,?,?,?,?,?,?,?,?,?)
2026-10-01T14:11:35.395+07:00 DEBUG 29996 --- [school-manager] [http-nio-8080-exec-1] org.hibernate.SQL                        : select distinct g1_0.id,g1_0.english,g1_0.english_final,g1_0.english_m15,g1_0.english_mid,g1_0.english_oral,g1_0.gpa,g1_0.literature,g1_0.literature_final,g1_0.literature_m15,g1_0.literature_mid,g1_0.literature_oral,g1_0.math,g1_0.math_final,g1_0.math_m15,g1_0.math_mid,g1_0.math_oral,g1_0.student_code,g1_0.student_id from grades g1_0 where (g1_0.student_id in ((select m1_0.code from members m1_0 where lower(m1_0.role)=?)) or g1_0.student_id in ((select m2_0.id from members m2_0 where lower(m2_0.role)=?)) or g1_0.student_code in ((select m3_0.code from members m3_0 where lower(m3_0.role)=?))) limit ?,?
2026-10-01T14:11:35.403+07:00 DEBUG 29996 --- [school-manager] [http-nio-8080-exec-1] org.hibernate.SQL                        : select count(g1_0.id) from grades g1_0 where (g1_0.student_id in ((select m1_0.code from members m1_0 where lower(m1_0.role)=?)) or g1_0.student_id in ((select m2_0.id from members m2_0 where lower(m2_0.role)=?)) or g1_0.student_code in ((select m3_0.code from members m3_0 where lower(m3_0.role)=?)))
2026-10-01T14:11:35.408+07:00 DEBUG 29996 --- [school-manager] [http-nio-8080-exec-1] org.hibernate.SQL                        : select m1_0.id,m1_0.class_name,m1_0.code,m1_0.email,m1_0.must_change_password,m1_0.name,m1_0.password,m1_0.role,m1_0.subject from members m1_0
2026-10-01T14:11:35.416+07:00 DEBUG 29996 --- [school-manager] [http-nio-8080-exec-1] org.hibernate.SQL                        : select ac1_0.member_id,ac1_0.class_id from member_assigned_classes ac1_0 where ac1_0.member_id in (?,?,?,?,?,?,?,?,?,?,?,?,?,?,?,?,?,?,?,?,?,?,?,?,?,?,?,?,?,?,?,?,?,?,?,?,?,?,?,?,?,?,?,?,?,?,?,?,?,?)
2026-10-01T14:12:52.926+07:00 DEBUG 29996 --- [school-manager] [http-nio-8080-exec-2] org.hibernate.SQL                        : select distinct m1_0.id,m1_0.class_name,m1_0.code,m1_0.email,m1_0.must_change_password,m1_0.name,m1_0.password,m1_0.role,m1_0.subject from members m1_0 where 1=1 limit ?,?
2026-10-01T14:12:52.933+07:00 DEBUG 29996 --- [school-manager] [http-nio-8080-exec-2] org.hibernate.SQL                        : select distinct count(distinct m1_0.id) from members m1_0 where 1=1
2026-10-01T14:12:52.939+07:00 DEBUG 29996 --- [school-manager] [http-nio-8080-exec-2] org.hibernate.SQL                        : select ac1_0.member_id,ac1_0.class_id from member_assigned_classes ac1_0 where ac1_0.member_id in (?,?,?,?,?,?,?,?,?,?,?,?,?,?,?,?,?,?,?,?,?,?,?,?,?,?,?,?,?,?,?,?,?,?,?,?,?,?,?,?,?,?,?,?,?,?,?,?,?,?)
2026-10-01T14:12:53.010+07:00 DEBUG 29996 --- [school-manager] [http-nio-8080-exec-4] org.hibernate.SQL                        : select distinct m1_0.id,m1_0.class_name,m1_0.code,m1_0.email,m1_0.must_change_password,m1_0.name,m1_0.password,m1_0.role,m1_0.subject from members m1_0 where 1=1 limit ?,?
2026-10-01T14:12:53.015+07:00 DEBUG 29996 --- [school-manager] [http-nio-8080-exec-4] org.hibernate.SQL                        : select distinct count(distinct m1_0.id) from members m1_0 where 1=1
2026-10-01T14:12:53.017+07:00 DEBUG 29996 --- [school-manager] [http-nio-8080-exec-4] org.hibernate.SQL                        : select ac1_0.member_id,ac1_0.class_id from member_assigned_classes ac1_0 where ac1_0.member_id in (?,?,?,?,?,?,?,?,?,?,?,?,?,?,?,?,?,?,?,?,?,?,?,?,?,?,?,?,?,?,?,?,?,?,?,?,?,?,?,?,?,?,?,?,?,?,?,?,?,?)
2026-10-01T14:13:37.875+07:00 DEBUG 29996 --- [school-manager] [http-nio-8080-exec-5] org.hibernate.SQL                        : select distinct m1_0.id,m1_0.class_name,m1_0.code,m1_0.email,m1_0.must_change_password,m1_0.name,m1_0.password,m1_0.role,m1_0.subject from members m1_0 where 1=1 limit ?,?
2026-10-01T14:13:37.881+07:00 DEBUG 29996 --- [school-manager] [http-nio-8080-exec-5] org.hibernate.SQL                        : select distinct count(distinct m1_0.id) from members m1_0 where 1=1
2026-10-01T14:13:37.886+07:00 DEBUG 29996 --- [school-manager] [http-nio-8080-exec-5] org.hibernate.SQL                        : select ac1_0.member_id,ac1_0.class_id from member_assigned_classes ac1_0 where ac1_0.member_id in (?,?,?,?,?,?,?,?,?,?,?,?,?,?,?,?,?,?,?,?,?,?,?,?,?,?,?,?,?,?,?,?,?,?,?,?,?,?,?,?,?,?,?,?,?,?,?,?,?,?)
2026-10-01T14:13:37.920+07:00 DEBUG 29996 --- [school-manager] [http-nio-8080-exec-6] org.hibernate.SQL                        : select distinct m1_0.id,m1_0.class_name,m1_0.code,m1_0.email,m1_0.must_change_password,m1_0.name,m1_0.password,m1_0.role,m1_0.subject from members m1_0 where 1=1 limit ?,?
2026-10-01T14:13:37.930+07:00 DEBUG 29996 --- [school-manager] [http-nio-8080-exec-6] org.hibernate.SQL                        : select distinct count(distinct m1_0.id) from members m1_0 where 1=1
2026-10-01T14:13:37.933+07:00 DEBUG 29996 --- [school-manager] [http-nio-8080-exec-6] org.hibernate.SQL                        : select ac1_0.member_id,ac1_0.class_id from member_assigned_classes ac1_0 where ac1_0.member_id in (?,?,?,?,?,?,?,?,?,?,?,?,?,?,?,?,?,?,?,?,?,?,?,?,?,?,?,?,?,?,?,?,?,?,?,?,?,?,?,?,?,?,?,?,?,?,?,?,?,?)
2026-10-01T14:14:12.910+07:00 DEBUG 29996 --- [school-manager] [http-nio-8080-exec-7] org.hibernate.SQL                        : select distinct m1_0.id,m1_0.class_name,m1_0.code,m1_0.email,m1_0.must_change_password,m1_0.name,m1_0.password,m1_0.role,m1_0.subject from members m1_0 where 1=1 limit ?,?
2026-10-01T14:14:12.918+07:00 DEBUG 29996 --- [school-manager] [http-nio-8080-exec-7] org.hibernate.SQL                        : select distinct count(distinct m1_0.id) from members m1_0 where 1=1
2026-10-01T14:14:12.927+07:00 DEBUG 29996 --- [school-manager] [http-nio-8080-exec-7] org.hibernate.SQL                        : select ac1_0.member_id,ac1_0.class_id from member_assigned_classes ac1_0 where ac1_0.member_id in (?,?,?,?,?,?,?,?,?,?,?,?,?,?,?,?,?,?,?,?,?,?,?,?,?,?,?,?,?,?,?,?,?,?,?,?,?,?,?,?,?,?,?,?,?,?,?,?,?,?)
2026-10-01T14:14:12.935+07:00 DEBUG 29996 --- [school-manager] [http-nio-8080-exec-8] org.hibernate.SQL                        : select distinct m1_0.id,m1_0.class_name,m1_0.code,m1_0.email,m1_0.must_change_password,m1_0.name,m1_0.password,m1_0.role,m1_0.subject from members m1_0 where 1=1 limit ?,?
2026-10-01T14:14:12.949+07:00 DEBUG 29996 --- [school-manager] [http-nio-8080-exec-8] org.hibernate.SQL                        : select distinct count(distinct m1_0.id) from members m1_0 where 1=1
2026-10-01T14:14:12.958+07:00 DEBUG 29996 --- [school-manager] [http-nio-8080-exec-8] org.hibernate.SQL                        : select ac1_0.member_id,ac1_0.class_id from member_assigned_classes ac1_0 where ac1_0.member_id in (?,?,?,?,?,?,?,?,?,?,?,?,?,?,?,?,?,?,?,?,?,?,?,?,?,?,?,?,?,?,?,?,?,?,?,?,?,?,?,?,?,?,?,?,?,?,?,?,?,?)
2026-10-01T14:14:47.971+07:00 DEBUG 29996 --- [school-manager] [http-nio-8080-exec-9] org.hibernate.SQL                        : select distinct m1_0.id,m1_0.class_name,m1_0.code,m1_0.email,m1_0.must_change_password,m1_0.name,m1_0.password,m1_0.role,m1_0.subject from members m1_0 where 1=1 limit ?,?
2026-10-01T14:14:47.982+07:00 DEBUG 29996 --- [school-manager] [http-nio-8080-exec-9] org.hibernate.SQL                        : select distinct count(distinct m1_0.id) from members m1_0 where 1=1
2026-10-01T14:14:47.985+07:00 DEBUG 29996 --- [school-manager] [http-nio-8080-exec-9] org.hibernate.SQL                        : select ac1_0.member_id,ac1_0.class_id from member_assigned_classes ac1_0 where ac1_0.member_id in (?,?,?,?,?,?,?,?,?,?,?,?,?,?,?,?,?,?,?,?,?,?,?,?,?,?,?,?,?,?,?,?,?,?,?,?,?,?,?,?,?,?,?,?,?,?,?,?,?,?)
2026-10-01T14:14:48.751+07:00 DEBUG 29996 --- [school-manager] [http-nio-8080-exec-10] org.hibernate.SQL                        : select distinct m1_0.id,m1_0.class_name,m1_0.code,m1_0.email,m1_0.must_change_password,m1_0.name,m1_0.password,m1_0.role,m1_0.subject from members m1_0 where 1=1 limit ?,?
2026-10-01T14:14:48.755+07:00 DEBUG 29996 --- [school-manager] [http-nio-8080-exec-10] org.hibernate.SQL                        : select distinct count(distinct m1_0.id) from members m1_0 where 1=1
2026-10-01T14:14:48.762+07:00 DEBUG 29996 --- [school-manager] [http-nio-8080-exec-10] org.hibernate.SQL                        : select ac1_0.member_id,ac1_0.class_id from member_assigned_classes ac1_0 where ac1_0.member_id in (?,?,?,?,?,?,?,?,?,?,?,?,?,?,?,?,?,?,?,?,?,?,?,?,?,?,?,?,?,?,?,?,?,?,?,?,?,?,?,?,?,?,?,?,?,?,?,?,?,?)
2026-10-01T14:16:32.724+07:00 DEBUG 29996 --- [school-manager] [http-nio-8080-exec-2] org.hibernate.SQL                        : select distinct m1_0.id,m1_0.class_name,m1_0.code,m1_0.email,m1_0.must_change_password,m1_0.name,m1_0.password,m1_0.role,m1_0.subject from members m1_0 where 1=1 limit ?,?
2026-10-01T14:16:32.732+07:00 DEBUG 29996 --- [school-manager] [http-nio-8080-exec-2] org.hibernate.SQL                        : select distinct count(distinct m1_0.id) from members m1_0 where 1=1
2026-10-01T14:16:32.740+07:00 DEBUG 29996 --- [school-manager] [http-nio-8080-exec-2] org.hibernate.SQL                        : select ac1_0.member_id,ac1_0.class_id from member_assigned_classes ac1_0 where ac1_0.member_id in (?,?,?,?,?,?,?,?,?,?,?,?,?,?,?,?,?,?,?,?,?,?,?,?,?,?,?,?,?,?,?,?,?,?,?,?,?,?,?,?,?,?,?,?,?,?,?,?,?,?)
2026-10-01T14:16:33.666+07:00 DEBUG 29996 --- [school-manager] [http-nio-8080-exec-4] org.hibernate.SQL                        : select distinct m1_0.id,m1_0.class_name,m1_0.code,m1_0.email,m1_0.must_change_password,m1_0.name,m1_0.password,m1_0.role,m1_0.subject from members m1_0 where 1=1 limit ?,?
2026-10-01T14:16:33.678+07:00 DEBUG 29996 --- [school-manager] [http-nio-8080-exec-4] org.hibernate.SQL                        : select distinct count(distinct m1_0.id) from members m1_0 where 1=1
2026-10-01T14:16:33.692+07:00 DEBUG 29996 --- [school-manager] [http-nio-8080-exec-4] org.hibernate.SQL                        : select ac1_0.member_id,ac1_0.class_id from member_assigned_classes ac1_0 where ac1_0.member_id in (?,?,?,?,?,?,?,?,?,?,?,?,?,?,?,?,?,?,?,?,?,?,?,?,?,?,?,?,?,?,?,?,?,?,?,?,?,?,?,?,?,?,?,?,?,?,?,?,?,?)
2026-10-01T14:17:22.878+07:00 DEBUG 29996 --- [school-manager] [http-nio-8080-exec-5] org.hibernate.SQL                        : select distinct m1_0.id,m1_0.class_name,m1_0.code,m1_0.email,m1_0.must_change_password,m1_0.name,m1_0.password,m1_0.role,m1_0.subject from members m1_0 where 1=1 limit ?,?
2026-10-01T14:17:22.887+07:00 DEBUG 29996 --- [school-manager] [http-nio-8080-exec-5] org.hibernate.SQL                        : select distinct count(distinct m1_0.id) from members m1_0 where 1=1
2026-10-01T14:17:22.892+07:00 DEBUG 29996 --- [school-manager] [http-nio-8080-exec-5] org.hibernate.SQL                        : select ac1_0.member_id,ac1_0.class_id from member_assigned_classes ac1_0 where ac1_0.member_id in (?,?,?,?,?,?,?,?,?,?,?,?,?,?,?,?,?,?,?,?,?,?,?,?,?,?,?,?,?,?,?,?,?,?,?,?,?,?,?,?,?,?,?,?,?,?,?,?,?,?)
2026-10-01T14:17:22.893+07:00 DEBUG 29996 --- [school-manager] [http-nio-8080-exec-6] org.hibernate.SQL                        : select distinct m1_0.id,m1_0.class_name,m1_0.code,m1_0.email,m1_0.must_change_password,m1_0.name,m1_0.password,m1_0.role,m1_0.subject from members m1_0 where 1=1 limit ?,?
2026-10-01T14:17:22.904+07:00 DEBUG 29996 --- [school-manager] [http-nio-8080-exec-6] org.hibernate.SQL                        : select distinct count(distinct m1_0.id) from members m1_0 where 1=1
2026-10-01T14:17:22.909+07:00 DEBUG 29996 --- [school-manager] [http-nio-8080-exec-6] org.hibernate.SQL                        : select ac1_0.member_id,ac1_0.class_id from member_assigned_classes ac1_0 where ac1_0.member_id in (?,?,?,?,?,?,?,?,?,?,?,?,?,?,?,?,?,?,?,?,?,?,?,?,?,?,?,?,?,?,?,?,?,?,?,?,?,?,?,?,?,?,?,?,?,?,?,?,?,?)
2026-10-01T14:17:51.890+07:00 DEBUG 29996 --- [school-manager] [http-nio-8080-exec-7] org.hibernate.SQL                        : select distinct m1_0.id,m1_0.class_name,m1_0.code,m1_0.email,m1_0.must_change_password,m1_0.name,m1_0.password,m1_0.role,m1_0.subject from members m1_0 where 1=1 limit ?,?
2026-10-01T14:17:51.903+07:00 DEBUG 29996 --- [school-manager] [http-nio-8080-exec-7] org.hibernate.SQL                        : select distinct count(distinct m1_0.id) from members m1_0 where 1=1
2026-10-01T14:17:51.906+07:00 DEBUG 29996 --- [school-manager] [http-nio-8080-exec-7] org.hibernate.SQL                        : select ac1_0.member_id,ac1_0.class_id from member_assigned_classes ac1_0 where ac1_0.member_id in (?,?,?,?,?,?,?,?,?,?,?,?,?,?,?,?,?,?,?,?,?,?,?,?,?,?,?,?,?,?,?,?,?,?,?,?,?,?,?,?,?,?,?,?,?,?,?,?,?,?)
2026-10-01T14:17:51.982+07:00 DEBUG 29996 --- [school-manager] [http-nio-8080-exec-8] org.hibernate.SQL                        : select distinct m1_0.id,m1_0.class_name,m1_0.code,m1_0.email,m1_0.must_change_password,m1_0.name,m1_0.password,m1_0.role,m1_0.subject from members m1_0 where 1=1 limit ?,?
2026-10-01T14:17:52.005+07:00 DEBUG 29996 --- [school-manager] [http-nio-8080-exec-8] org.hibernate.SQL                        : select distinct count(distinct m1_0.id) from members m1_0 where 1=1
2026-10-01T14:17:52.047+07:00 DEBUG 29996 --- [school-manager] [http-nio-8080-exec-8] org.hibernate.SQL                        : select ac1_0.member_id,ac1_0.class_id from member_assigned_classes ac1_0 where ac1_0.member_id in (?,?,?,?,?,?,?,?,?,?,?,?,?,?,?,?,?,?,?,?,?,?,?,?,?,?,?,?,?,?,?,?,?,?,?,?,?,?,?,?,?,?,?,?,?,?,?,?,?,?)
2026-10-01T14:20:17.198+07:00 DEBUG 29996 --- [school-manager] [http-nio-8080-exec-1] org.hibernate.SQL                        : select distinct m1_0.id,m1_0.class_name,m1_0.code,m1_0.email,m1_0.must_change_password,m1_0.name,m1_0.password,m1_0.role,m1_0.subject from members m1_0 where 1=1 limit ?,?
2026-10-01T14:20:17.204+07:00 DEBUG 29996 --- [school-manager] [http-nio-8080-exec-1] org.hibernate.SQL                        : select distinct count(distinct m1_0.id) from members m1_0 where 1=1
2026-10-01T14:20:17.210+07:00 DEBUG 29996 --- [school-manager] [http-nio-8080-exec-1] org.hibernate.SQL                        : select ac1_0.member_id,ac1_0.class_id from member_assigned_classes ac1_0 where ac1_0.member_id in (?,?,?,?,?,?,?,?,?,?,?,?,?,?,?,?,?,?,?,?,?,?,?,?,?,?,?,?,?,?,?,?,?,?,?,?,?,?,?,?,?,?,?,?,?,?,?,?,?,?)
2026-10-01T14:20:17.970+07:00 DEBUG 29996 --- [school-manager] [http-nio-8080-exec-3] org.hibernate.SQL                        : select distinct m1_0.id,m1_0.class_name,m1_0.code,m1_0.email,m1_0.must_change_password,m1_0.name,m1_0.password,m1_0.role,m1_0.subject from members m1_0 where 1=1 limit ?,?
2026-10-01T14:20:17.973+07:00 DEBUG 29996 --- [school-manager] [http-nio-8080-exec-3] org.hibernate.SQL                        : select distinct count(distinct m1_0.id) from members m1_0 where 1=1
2026-10-01T14:20:17.976+07:00 DEBUG 29996 --- [school-manager] [http-nio-8080-exec-3] org.hibernate.SQL                        : select ac1_0.member_id,ac1_0.class_id from member_assigned_classes ac1_0 where ac1_0.member_id in (?,?,?,?,?,?,?,?,?,?,?,?,?,?,?,?,?,?,?,?,?,?,?,?,?,?,?,?,?,?,?,?,?,?,?,?,?,?,?,?,?,?,?,?,?,?,?,?,?,?)
2026-10-01T14:20:19.122+07:00 DEBUG 29996 --- [school-manager] [http-nio-8080-exec-2] org.hibernate.SQL                        : select distinct m1_0.id,m1_0.class_name,m1_0.code,m1_0.email,m1_0.must_change_password,m1_0.name,m1_0.password,m1_0.role,m1_0.subject from members m1_0 where 1=1 limit ?,?
2026-10-01T14:20:19.126+07:00 DEBUG 29996 --- [school-manager] [http-nio-8080-exec-2] org.hibernate.SQL                        : select distinct count(distinct m1_0.id) from members m1_0 where 1=1
2026-10-01T14:20:19.129+07:00 DEBUG 29996 --- [school-manager] [http-nio-8080-exec-2] org.hibernate.SQL                        : select ac1_0.member_id,ac1_0.class_id from member_assigned_classes ac1_0 where ac1_0.member_id in (?,?,?,?,?,?,?,?,?,?,?,?,?,?,?,?,?,?,?,?,?,?,?,?,?,?,?,?,?,?,?,?,?,?,?,?,?,?,?,?,?,?,?,?,?,?,?,?,?,?)
2026-10-01T14:20:19.583+07:00 DEBUG 29996 --- [school-manager] [http-nio-8080-exec-4] org.hibernate.SQL                        : select distinct m1_0.id,m1_0.class_name,m1_0.code,m1_0.email,m1_0.must_change_password,m1_0.name,m1_0.password,m1_0.role,m1_0.subject from members m1_0 where 1=1 limit ?,?
2026-10-01T14:20:19.585+07:00 DEBUG 29996 --- [school-manager] [http-nio-8080-exec-4] org.hibernate.SQL                        : select distinct count(distinct m1_0.id) from members m1_0 where 1=1
2026-10-01T14:20:19.588+07:00 DEBUG 29996 --- [school-manager] [http-nio-8080-exec-4] org.hibernate.SQL                        : select ac1_0.member_id,ac1_0.class_id from member_assigned_classes ac1_0 where ac1_0.member_id in (?,?,?,?,?,?,?,?,?,?,?,?,?,?,?,?,?,?,?,?,?,?,?,?,?,?,?,?,?,?,?,?,?,?,?,?,?,?,?,?,?,?,?,?,?,?,?,?,?,?)
2026-10-01T14:20:20.625+07:00 DEBUG 29996 --- [school-manager] [http-nio-8080-exec-5] org.hibernate.SQL                        : select distinct m1_0.id,m1_0.class_name,m1_0.code,m1_0.email,m1_0.must_change_password,m1_0.name,m1_0.password,m1_0.role,m1_0.subject from members m1_0 where 1=1 limit ?,?
2026-10-01T14:20:20.628+07:00 DEBUG 29996 --- [school-manager] [http-nio-8080-exec-5] org.hibernate.SQL                        : select distinct count(distinct m1_0.id) from members m1_0 where 1=1
2026-10-01T14:20:20.630+07:00 DEBUG 29996 --- [school-manager] [http-nio-8080-exec-5] org.hibernate.SQL                        : select ac1_0.member_id,ac1_0.class_id from member_assigned_classes ac1_0 where ac1_0.member_id in (?,?,?,?,?,?,?,?,?,?,?,?,?,?,?,?,?,?,?,?,?,?,?,?,?,?,?,?,?,?,?,?,?,?,?,?,?,?,?,?,?,?,?,?,?,?,?,?,?,?)
2026-10-01T14:20:29.706+07:00 DEBUG 29996 --- [school-manager] [http-nio-8080-exec-6] org.hibernate.SQL                        : select m1_0.id,m1_0.class_name,m1_0.code,m1_0.email,m1_0.must_change_password,m1_0.name,m1_0.password,m1_0.role,m1_0.subject from members m1_0 where lower(m1_0.code)=lower(?)
2026-10-01T14:20:29.727+07:00 DEBUG 29996 --- [school-manager] [http-nio-8080-exec-6] org.hibernate.SQL                        : update members set class_name=?,code=?,email=?,must_change_password=?,name=?,password=?,role=?,subject=? where id=?
2026-10-01T14:20:29.775+07:00 DEBUG 29996 --- [school-manager] [http-nio-8080-exec-7] org.hibernate.SQL                        : select distinct m1_0.id,m1_0.class_name,m1_0.code,m1_0.email,m1_0.must_change_password,m1_0.name,m1_0.password,m1_0.role,m1_0.subject from members m1_0 where 1=1 limit ?,?
2026-10-01T14:20:29.778+07:00 DEBUG 29996 --- [school-manager] [http-nio-8080-exec-7] org.hibernate.SQL                        : select distinct count(distinct m1_0.id) from members m1_0 where 1=1
2026-10-01T14:20:29.780+07:00 DEBUG 29996 --- [school-manager] [http-nio-8080-exec-7] org.hibernate.SQL                        : select ac1_0.member_id,ac1_0.class_id from member_assigned_classes ac1_0 where ac1_0.member_id in (?,?,?,?,?,?,?,?,?,?,?,?,?,?,?,?,?,?,?,?,?,?,?,?,?,?,?,?,?,?,?,?,?,?,?,?,?,?,?,?,?,?,?,?,?,?,?,?,?,?)
2026-10-01T14:20:59.922+07:00 DEBUG 29996 --- [school-manager] [http-nio-8080-exec-8] org.hibernate.SQL                        : select distinct m1_0.id,m1_0.class_name,m1_0.code,m1_0.email,m1_0.must_change_password,m1_0.name,m1_0.password,m1_0.role,m1_0.subject from members m1_0 where 1=1 limit ?,?
2026-10-01T14:20:59.926+07:00 DEBUG 29996 --- [school-manager] [http-nio-8080-exec-8] org.hibernate.SQL                        : select distinct count(distinct m1_0.id) from members m1_0 where 1=1
2026-10-01T14:20:59.932+07:00 DEBUG 29996 --- [school-manager] [http-nio-8080-exec-8] org.hibernate.SQL                        : select ac1_0.member_id,ac1_0.class_id from member_assigned_classes ac1_0 where ac1_0.member_id in (?,?,?,?,?,?,?,?,?,?,?,?,?,?,?,?,?,?,?,?,?,?,?,?,?,?,?,?,?,?,?,?,?,?,?,?,?,?,?,?,?,?,?,?,?,?,?,?,?,?)
2026-10-01T14:21:00.191+07:00 DEBUG 29996 --- [school-manager] [http-nio-8080-exec-9] org.hibernate.SQL                        : select distinct m1_0.id,m1_0.class_name,m1_0.code,m1_0.email,m1_0.must_change_password,m1_0.name,m1_0.password,m1_0.role,m1_0.subject from members m1_0 where 1=1 limit ?,?
2026-10-01T14:21:00.217+07:00 DEBUG 29996 --- [school-manager] [http-nio-8080-exec-9] org.hibernate.SQL                        : select distinct count(distinct m1_0.id) from members m1_0 where 1=1
2026-10-01T14:21:00.224+07:00 DEBUG 29996 --- [school-manager] [http-nio-8080-exec-9] org.hibernate.SQL                        : select ac1_0.member_id,ac1_0.class_id from member_assigned_classes ac1_0 where ac1_0.member_id in (?,?,?,?,?,?,?,?,?,?,?,?,?,?,?,?,?,?,?,?,?,?,?,?,?,?,?,?,?,?,?,?,?,?,?,?,?,?,?,?,?,?,?,?,?,?,?,?,?,?)
2026-10-01T14:21:05.657+07:00 DEBUG 29996 --- [school-manager] [http-nio-8080-exec-10] org.hibernate.SQL                        : select distinct m1_0.id,m1_0.class_name,m1_0.code,m1_0.email,m1_0.must_change_password,m1_0.name,m1_0.password,m1_0.role,m1_0.subject from members m1_0 where 1=1 limit ?,?
2026-10-01T14:21:05.661+07:00 DEBUG 29996 --- [school-manager] [http-nio-8080-exec-10] org.hibernate.SQL                        : select distinct count(distinct m1_0.id) from members m1_0 where 1=1
2026-10-01T14:21:05.663+07:00 DEBUG 29996 --- [school-manager] [http-nio-8080-exec-10] org.hibernate.SQL                        : select ac1_0.member_id,ac1_0.class_id from member_assigned_classes ac1_0 where ac1_0.member_id in (?,?,?,?,?,?,?,?,?,?,?,?,?,?,?,?,?,?,?,?,?,?,?,?,?,?,?,?,?,?,?,?,?,?,?,?,?,?,?,?,?,?,?,?,?,?,?,?,?,?)
2026-10-01T14:21:06.058+07:00 DEBUG 29996 --- [school-manager] [http-nio-8080-exec-1] org.hibernate.SQL                        : select distinct m1_0.id,m1_0.class_name,m1_0.code,m1_0.email,m1_0.must_change_password,m1_0.name,m1_0.password,m1_0.role,m1_0.subject from members m1_0 where 1=1 limit ?,?
2026-10-01T14:21:06.061+07:00 DEBUG 29996 --- [school-manager] [http-nio-8080-exec-1] org.hibernate.SQL                        : select distinct count(distinct m1_0.id) from members m1_0 where 1=1
2026-10-01T14:21:06.063+07:00 DEBUG 29996 --- [school-manager] [http-nio-8080-exec-1] org.hibernate.SQL                        : select ac1_0.member_id,ac1_0.class_id from member_assigned_classes ac1_0 where ac1_0.member_id in (?,?,?,?,?,?,?,?,?,?,?,?,?,?,?,?,?,?,?,?,?,?,?,?,?,?,?,?,?,?,?,?,?,?,?,?,?,?,?,?,?,?,?,?,?,?,?,?,?,?)
2026-10-01T14:21:06.460+07:00 DEBUG 29996 --- [school-manager] [http-nio-8080-exec-3] org.hibernate.SQL                        : select distinct m1_0.id,m1_0.class_name,m1_0.code,m1_0.email,m1_0.must_change_password,m1_0.name,m1_0.password,m1_0.role,m1_0.subject from members m1_0 where 1=1 limit ?,?
2026-10-01T14:21:06.463+07:00 DEBUG 29996 --- [school-manager] [http-nio-8080-exec-3] org.hibernate.SQL                        : select distinct count(distinct m1_0.id) from members m1_0 where 1=1
2026-10-01T14:21:06.465+07:00 DEBUG 29996 --- [school-manager] [http-nio-8080-exec-3] org.hibernate.SQL                        : select ac1_0.member_id,ac1_0.class_id from member_assigned_classes ac1_0 where ac1_0.member_id in (?,?,?,?,?,?,?,?,?,?,?,?,?,?,?,?,?,?,?,?,?,?,?,?,?,?,?,?,?,?,?,?,?,?,?,?,?,?,?,?,?,?,?,?,?,?,?,?,?,?)
2026-10-01T14:21:06.904+07:00 DEBUG 29996 --- [school-manager] [http-nio-8080-exec-2] org.hibernate.SQL                        : select distinct m1_0.id,m1_0.class_name,m1_0.code,m1_0.email,m1_0.must_change_password,m1_0.name,m1_0.password,m1_0.role,m1_0.subject from members m1_0 where 1=1 limit ?,?
2026-10-01T14:21:06.908+07:00 DEBUG 29996 --- [school-manager] [http-nio-8080-exec-2] org.hibernate.SQL                        : select distinct count(distinct m1_0.id) from members m1_0 where 1=1
2026-10-01T14:21:06.910+07:00 DEBUG 29996 --- [school-manager] [http-nio-8080-exec-2] org.hibernate.SQL                        : select ac1_0.member_id,ac1_0.class_id from member_assigned_classes ac1_0 where ac1_0.member_id in (?,?,?,?,?,?,?,?,?,?,?,?,?,?,?,?,?,?,?,?,?,?,?,?,?,?,?,?,?,?,?,?,?,?,?,?,?,?,?,?,?,?,?,?,?,?,?,?,?,?)
2026-10-01T14:21:10.858+07:00 DEBUG 29996 --- [school-manager] [http-nio-8080-exec-4] org.hibernate.SQL                        : select m1_0.id,m1_0.class_name,m1_0.code,m1_0.email,m1_0.must_change_password,m1_0.name,m1_0.password,m1_0.role,m1_0.subject from members m1_0 where lower(m1_0.code)=lower(?)
2026-10-01T14:21:10.863+07:00 DEBUG 29996 --- [school-manager] [http-nio-8080-exec-4] org.hibernate.SQL                        : update members set class_name=?,code=?,email=?,must_change_password=?,name=?,password=?,role=?,subject=? where id=?
2026-10-01T14:21:10.900+07:00 DEBUG 29996 --- [school-manager] [http-nio-8080-exec-5] org.hibernate.SQL                        : select distinct m1_0.id,m1_0.class_name,m1_0.code,m1_0.email,m1_0.must_change_password,m1_0.name,m1_0.password,m1_0.role,m1_0.subject from members m1_0 where 1=1 limit ?,?
2026-10-01T14:21:10.911+07:00 DEBUG 29996 --- [school-manager] [http-nio-8080-exec-5] org.hibernate.SQL                        : select distinct count(distinct m1_0.id) from members m1_0 where 1=1
2026-10-01T14:21:10.917+07:00 DEBUG 29996 --- [school-manager] [http-nio-8080-exec-5] org.hibernate.SQL                        : select ac1_0.member_id,ac1_0.class_id from member_assigned_classes ac1_0 where ac1_0.member_id in (?,?,?,?,?,?,?,?,?,?,?,?,?,?,?,?,?,?,?,?,?,?,?,?,?,?,?,?,?,?,?,?,?,?,?,?,?,?,?,?,?,?,?,?,?,?,?,?,?,?)
2026-10-01T14:22:03.864+07:00 DEBUG 29996 --- [school-manager] [http-nio-8080-exec-6] org.hibernate.SQL                        : select distinct m1_0.id,m1_0.class_name,m1_0.code,m1_0.email,m1_0.must_change_password,m1_0.name,m1_0.password,m1_0.role,m1_0.subject from members m1_0 where 1=1 limit ?,?
2026-10-01T14:22:03.870+07:00 DEBUG 29996 --- [school-manager] [http-nio-8080-exec-6] org.hibernate.SQL                        : select distinct count(distinct m1_0.id) from members m1_0 where 1=1
2026-10-01T14:22:03.876+07:00 DEBUG 29996 --- [school-manager] [http-nio-8080-exec-6] org.hibernate.SQL                        : select ac1_0.member_id,ac1_0.class_id from member_assigned_classes ac1_0 where ac1_0.member_id in (?,?,?,?,?,?,?,?,?,?,?,?,?,?,?,?,?,?,?,?,?,?,?,?,?,?,?,?,?,?,?,?,?,?,?,?,?,?,?,?,?,?,?,?,?,?,?,?,?,?)
2026-10-01T14:22:03.888+07:00 DEBUG 29996 --- [school-manager] [http-nio-8080-exec-7] org.hibernate.SQL                        : select distinct m1_0.id,m1_0.class_name,m1_0.code,m1_0.email,m1_0.must_change_password,m1_0.name,m1_0.password,m1_0.role,m1_0.subject from members m1_0 where 1=1 limit ?,?
2026-10-01T14:22:03.899+07:00 DEBUG 29996 --- [school-manager] [http-nio-8080-exec-7] org.hibernate.SQL                        : select distinct count(distinct m1_0.id) from members m1_0 where 1=1
2026-10-01T14:22:03.902+07:00 DEBUG 29996 --- [school-manager] [http-nio-8080-exec-7] org.hibernate.SQL                        : select ac1_0.member_id,ac1_0.class_id from member_assigned_classes ac1_0 where ac1_0.member_id in (?,?,?,?,?,?,?,?,?,?,?,?,?,?,?,?,?,?,?,?,?,?,?,?,?,?,?,?,?,?,?,?,?,?,?,?,?,?,?,?,?,?,?,?,?,?,?,?,?,?)
2026-10-01T14:22:19.026+07:00 DEBUG 29996 --- [school-manager] [http-nio-8080-exec-8] org.hibernate.SQL                        : select distinct m1_0.id,m1_0.class_name,m1_0.code,m1_0.email,m1_0.must_change_password,m1_0.name,m1_0.password,m1_0.role,m1_0.subject from members m1_0 where 1=1 limit ?,?
2026-10-01T14:22:19.029+07:00 DEBUG 29996 --- [school-manager] [http-nio-8080-exec-8] org.hibernate.SQL                        : select distinct count(distinct m1_0.id) from members m1_0 where 1=1
2026-10-01T14:22:19.031+07:00 DEBUG 29996 --- [school-manager] [http-nio-8080-exec-8] org.hibernate.SQL                        : select ac1_0.member_id,ac1_0.class_id from member_assigned_classes ac1_0 where ac1_0.member_id in (?,?,?,?,?,?,?,?,?,?,?,?,?,?,?,?,?,?,?,?,?,?,?,?,?,?,?,?,?,?,?,?,?,?,?,?,?,?,?,?,?,?,?,?,?,?,?,?,?,?)
2026-10-01T14:22:22.373+07:00 DEBUG 29996 --- [school-manager] [http-nio-8080-exec-9] org.hibernate.SQL                        : select distinct m1_0.id,m1_0.class_name,m1_0.code,m1_0.email,m1_0.must_change_password,m1_0.name,m1_0.password,m1_0.role,m1_0.subject from members m1_0 where 1=1 limit ?,?
2026-10-01T14:22:22.376+07:00 DEBUG 29996 --- [school-manager] [http-nio-8080-exec-9] org.hibernate.SQL                        : select distinct count(distinct m1_0.id) from members m1_0 where 1=1
2026-10-01T14:22:22.380+07:00 DEBUG 29996 --- [school-manager] [http-nio-8080-exec-9] org.hibernate.SQL                        : select ac1_0.member_id,ac1_0.class_id from member_assigned_classes ac1_0 where ac1_0.member_id in (?,?,?,?,?,?,?,?,?,?,?,?,?,?,?,?,?,?,?,?,?,?,?,?,?,?,?,?,?,?,?,?,?,?,?,?,?,?,?,?,?,?,?,?,?,?,?,?,?,?)
2026-10-01T14:22:22.977+07:00 DEBUG 29996 --- [school-manager] [http-nio-8080-exec-10] org.hibernate.SQL                        : select distinct m1_0.id,m1_0.class_name,m1_0.code,m1_0.email,m1_0.must_change_password,m1_0.name,m1_0.password,m1_0.role,m1_0.subject from members m1_0 where 1=1 limit ?,?
2026-10-01T14:22:22.981+07:00 DEBUG 29996 --- [school-manager] [http-nio-8080-exec-10] org.hibernate.SQL                        : select distinct count(distinct m1_0.id) from members m1_0 where 1=1
2026-10-01T14:22:22.983+07:00 DEBUG 29996 --- [school-manager] [http-nio-8080-exec-10] org.hibernate.SQL                        : select ac1_0.member_id,ac1_0.class_id from member_assigned_classes ac1_0 where ac1_0.member_id in (?,?,?,?,?,?,?,?,?,?,?,?,?,?,?,?,?,?,?,?,?,?,?,?,?,?,?,?,?,?,?,?,?,?,?,?,?,?,?,?,?,?,?,?,?,?,?,?,?,?)
2026-10-01T14:22:23.881+07:00 DEBUG 29996 --- [school-manager] [http-nio-8080-exec-1] org.hibernate.SQL                        : select distinct m1_0.id,m1_0.class_name,m1_0.code,m1_0.email,m1_0.must_change_password,m1_0.name,m1_0.password,m1_0.role,m1_0.subject from members m1_0 where 1=1 limit ?,?
2026-10-01T14:22:23.883+07:00 DEBUG 29996 --- [school-manager] [http-nio-8080-exec-1] org.hibernate.SQL                        : select distinct count(distinct m1_0.id) from members m1_0 where 1=1
2026-10-01T14:22:23.885+07:00 DEBUG 29996 --- [school-manager] [http-nio-8080-exec-1] org.hibernate.SQL                        : select ac1_0.member_id,ac1_0.class_id from member_assigned_classes ac1_0 where ac1_0.member_id in (?,?,?,?,?,?,?,?,?,?,?,?,?,?,?,?,?,?,?,?,?,?,?,?,?,?,?,?,?,?,?,?,?,?,?,?,?,?,?,?,?,?,?,?,?,?,?,?,?,?)
2026-10-01T14:22:24.530+07:00 DEBUG 29996 --- [school-manager] [http-nio-8080-exec-3] org.hibernate.SQL                        : select distinct m1_0.id,m1_0.class_name,m1_0.code,m1_0.email,m1_0.must_change_password,m1_0.name,m1_0.password,m1_0.role,m1_0.subject from members m1_0 where 1=1 limit ?,?
2026-10-01T14:22:24.534+07:00 DEBUG 29996 --- [school-manager] [http-nio-8080-exec-3] org.hibernate.SQL                        : select distinct count(distinct m1_0.id) from members m1_0 where 1=1
2026-10-01T14:22:24.537+07:00 DEBUG 29996 --- [school-manager] [http-nio-8080-exec-3] org.hibernate.SQL                        : select ac1_0.member_id,ac1_0.class_id from member_assigned_classes ac1_0 where ac1_0.member_id in (?,?,?,?,?,?,?,?,?,?,?,?,?,?,?,?,?,?,?,?,?,?,?,?,?,?,?,?,?,?,?,?,?,?,?,?,?,?,?,?,?,?,?,?,?,?,?,?,?,?)
2026-10-01T14:22:24.991+07:00 DEBUG 29996 --- [school-manager] [http-nio-8080-exec-2] org.hibernate.SQL                        : select distinct m1_0.id,m1_0.class_name,m1_0.code,m1_0.email,m1_0.must_change_password,m1_0.name,m1_0.password,m1_0.role,m1_0.subject from members m1_0 where 1=1 limit ?,?
2026-10-01T14:22:24.994+07:00 DEBUG 29996 --- [school-manager] [http-nio-8080-exec-2] org.hibernate.SQL                        : select distinct count(distinct m1_0.id) from members m1_0 where 1=1
2026-10-01T14:22:24.996+07:00 DEBUG 29996 --- [school-manager] [http-nio-8080-exec-2] org.hibernate.SQL                        : select ac1_0.member_id,ac1_0.class_id from member_assigned_classes ac1_0 where ac1_0.member_id in (?,?,?,?,?,?,?,?,?,?,?,?,?,?,?,?,?,?,?,?,?,?,?,?,?,?,?,?,?,?,?,?,?,?,?,?,?,?,?,?,?,?,?,?,?,?,?,?,?,?)
2026-10-01T14:22:27.997+07:00 DEBUG 29996 --- [school-manager] [http-nio-8080-exec-4] org.hibernate.SQL                        : select m1_0.id,m1_0.class_name,m1_0.code,m1_0.email,m1_0.must_change_password,m1_0.name,m1_0.password,m1_0.role,m1_0.subject from members m1_0 where lower(m1_0.code)=lower(?)
2026-10-01T14:22:28.005+07:00 DEBUG 29996 --- [school-manager] [http-nio-8080-exec-4] org.hibernate.SQL                        : update members set class_name=?,code=?,email=?,must_change_password=?,name=?,password=?,role=?,subject=? where id=?
2026-10-01T14:22:28.048+07:00 DEBUG 29996 --- [school-manager] [http-nio-8080-exec-5] org.hibernate.SQL                        : select distinct m1_0.id,m1_0.class_name,m1_0.code,m1_0.email,m1_0.must_change_password,m1_0.name,m1_0.password,m1_0.role,m1_0.subject from members m1_0 where 1=1 limit ?,?
2026-10-01T14:22:28.053+07:00 DEBUG 29996 --- [school-manager] [http-nio-8080-exec-5] org.hibernate.SQL                        : select distinct count(distinct m1_0.id) from members m1_0 where 1=1
2026-10-01T14:22:28.057+07:00 DEBUG 29996 --- [school-manager] [http-nio-8080-exec-5] org.hibernate.SQL                        : select ac1_0.member_id,ac1_0.class_id from member_assigned_classes ac1_0 where ac1_0.member_id in (?,?,?,?,?,?,?,?,?,?,?,?,?,?,?,?,?,?,?,?,?,?,?,?,?,?,?,?,?,?,?,?,?,?,?,?,?,?,?,?,?,?,?,?,?,?,?,?,?,?)
2026-10-01T14:22:40.176+07:00 DEBUG 29996 --- [school-manager] [http-nio-8080-exec-6] org.hibernate.SQL                        : select m1_0.class_name,count(m1_0.id) from members m1_0 where m1_0.role='student' and m1_0.class_name is not null group by m1_0.class_name
2026-10-01T14:22:40.183+07:00 DEBUG 29996 --- [school-manager] [http-nio-8080-exec-6] org.hibernate.SQL                        : select ac1_0.class_id,count(distinct m1_0.id) from members m1_0 join member_assigned_classes ac1_0 on m1_0.id=ac1_0.member_id where m1_0.role='teacher' group by ac1_0.class_id
2026-10-01T14:22:40.187+07:00 DEBUG 29996 --- [school-manager] [http-nio-8080-exec-6] org.hibernate.SQL                        : select sc1_0.id,sc1_0.code,sc1_0.name from school_classes sc1_0
2026-10-01T14:22:41.761+07:00 DEBUG 29996 --- [school-manager] [http-nio-8080-exec-7] org.hibernate.SQL                        : select distinct m1_0.id,m1_0.class_name,m1_0.code,m1_0.email,m1_0.must_change_password,m1_0.name,m1_0.password,m1_0.role,m1_0.subject from members m1_0 where lower(m1_0.role)=? limit ?,?
2026-10-01T14:22:41.765+07:00 DEBUG 29996 --- [school-manager] [http-nio-8080-exec-7] org.hibernate.SQL                        : select distinct count(distinct m1_0.id) from members m1_0 where lower(m1_0.role)=?
2026-10-01T14:22:41.768+07:00 DEBUG 29996 --- [school-manager] [http-nio-8080-exec-7] org.hibernate.SQL                        : select ac1_0.member_id,ac1_0.class_id from member_assigned_classes ac1_0 where ac1_0.member_id in (?,?,?,?,?,?,?,?,?,?,?,?,?,?,?,?,?,?,?,?,?,?,?,?,?,?,?,?,?,?,?,?,?,?,?,?,?,?,?,?,?,?,?,?,?,?,?,?,?,?)
2026-10-01T14:22:45.312+07:00 DEBUG 29996 --- [school-manager] [http-nio-8080-exec-8] org.hibernate.SQL                        : select m1_0.class_name,count(m1_0.id) from members m1_0 where m1_0.role='student' and m1_0.class_name is not null group by m1_0.class_name
2026-10-01T14:22:45.316+07:00 DEBUG 29996 --- [school-manager] [http-nio-8080-exec-8] org.hibernate.SQL                        : select ac1_0.class_id,count(distinct m1_0.id) from members m1_0 join member_assigned_classes ac1_0 on m1_0.id=ac1_0.member_id where m1_0.role='teacher' group by ac1_0.class_id
2026-10-01T14:22:45.322+07:00 DEBUG 29996 --- [school-manager] [http-nio-8080-exec-8] org.hibernate.SQL                        : select sc1_0.id,sc1_0.code,sc1_0.name from school_classes sc1_0
2026-10-01T14:22:46.562+07:00 DEBUG 29996 --- [school-manager] [http-nio-8080-exec-9] org.hibernate.SQL                        : select distinct m1_0.id,m1_0.class_name,m1_0.code,m1_0.email,m1_0.must_change_password,m1_0.name,m1_0.password,m1_0.role,m1_0.subject from members m1_0 where 1=1 limit ?,?
2026-10-01T14:22:46.565+07:00 DEBUG 29996 --- [school-manager] [http-nio-8080-exec-9] org.hibernate.SQL                        : select distinct count(distinct m1_0.id) from members m1_0 where 1=1
2026-10-01T14:22:46.567+07:00 DEBUG 29996 --- [school-manager] [http-nio-8080-exec-9] org.hibernate.SQL                        : select ac1_0.member_id,ac1_0.class_id from member_assigned_classes ac1_0 where ac1_0.member_id in (?,?,?,?,?,?,?,?,?,?,?,?,?,?,?,?,?,?,?,?,?,?,?,?,?,?,?,?,?,?,?,?,?,?,?,?,?,?,?,?,?,?,?,?,?,?,?,?,?,?)
2026-10-01T14:22:48.400+07:00 DEBUG 29996 --- [school-manager] [http-nio-8080-exec-10] org.hibernate.SQL                        : select distinct m1_0.id,m1_0.class_name,m1_0.code,m1_0.email,m1_0.must_change_password,m1_0.name,m1_0.password,m1_0.role,m1_0.subject from members m1_0 where 1=1 limit ?,?
2026-10-01T14:22:48.402+07:00 DEBUG 29996 --- [school-manager] [http-nio-8080-exec-10] org.hibernate.SQL                        : select distinct count(distinct m1_0.id) from members m1_0 where 1=1
2026-10-01T14:22:48.404+07:00 DEBUG 29996 --- [school-manager] [http-nio-8080-exec-10] org.hibernate.SQL                        : select ac1_0.member_id,ac1_0.class_id from member_assigned_classes ac1_0 where ac1_0.member_id in (?,?,?,?,?,?,?,?,?,?,?,?,?,?,?,?,?,?,?,?,?,?,?,?,?,?,?,?,?,?,?,?,?,?,?,?,?,?,?,?,?,?,?,?,?,?,?,?,?,?)
2026-10-01T14:22:48.744+07:00 DEBUG 29996 --- [school-manager] [http-nio-8080-exec-1] org.hibernate.SQL                        : select distinct m1_0.id,m1_0.class_name,m1_0.code,m1_0.email,m1_0.must_change_password,m1_0.name,m1_0.password,m1_0.role,m1_0.subject from members m1_0 where 1=1 limit ?,?
2026-10-01T14:22:48.748+07:00 DEBUG 29996 --- [school-manager] [http-nio-8080-exec-1] org.hibernate.SQL                        : select distinct count(distinct m1_0.id) from members m1_0 where 1=1
2026-10-01T14:22:48.750+07:00 DEBUG 29996 --- [school-manager] [http-nio-8080-exec-1] org.hibernate.SQL                        : select ac1_0.member_id,ac1_0.class_id from member_assigned_classes ac1_0 where ac1_0.member_id in (?,?,?,?,?,?,?,?,?,?,?,?,?,?,?,?,?,?,?,?,?,?,?,?,?,?,?,?,?,?,?,?,?,?,?,?,?,?,?,?,?,?,?,?,?,?,?,?,?,?)
2026-10-01T14:22:49.497+07:00 DEBUG 29996 --- [school-manager] [http-nio-8080-exec-3] org.hibernate.SQL                        : select distinct m1_0.id,m1_0.class_name,m1_0.code,m1_0.email,m1_0.must_change_password,m1_0.name,m1_0.password,m1_0.role,m1_0.subject from members m1_0 where 1=1 limit ?,?
2026-10-01T14:22:49.500+07:00 DEBUG 29996 --- [school-manager] [http-nio-8080-exec-3] org.hibernate.SQL                        : select ac1_0.member_id,ac1_0.class_id from member_assigned_classes ac1_0 where ac1_0.member_id in (?,?,?,?,?,?,?,?,?,?,?,?,?,?,?,?,?,?,?,?,?,?,?,?,?,?,?,?,?,?,?,?,?,?,?,?,?,?,?,?,?,?,?,?,?,?,?,?,?,?)
2026-10-01T14:22:57.509+07:00 DEBUG 29996 --- [school-manager] [http-nio-8080-exec-2] org.hibernate.SQL                        : select distinct g1_0.id,g1_0.english,g1_0.english_final,g1_0.english_m15,g1_0.english_mid,g1_0.english_oral,g1_0.gpa,g1_0.literature,g1_0.literature_final,g1_0.literature_m15,g1_0.literature_mid,g1_0.literature_oral,g1_0.math,g1_0.math_final,g1_0.math_m15,g1_0.math_mid,g1_0.math_oral,g1_0.student_code,g1_0.student_id from grades g1_0 where (g1_0.student_id in ((select m1_0.code from members m1_0 where lower(m1_0.role)=?)) or g1_0.student_id in ((select m2_0.id from members m2_0 where lower(m2_0.role)=?)) or g1_0.student_code in ((select m3_0.code from members m3_0 where lower(m3_0.role)=?))) limit ?,?
2026-10-01T14:22:57.519+07:00 DEBUG 29996 --- [school-manager] [http-nio-8080-exec-2] org.hibernate.SQL                        : select count(g1_0.id) from grades g1_0 where (g1_0.student_id in ((select m1_0.code from members m1_0 where lower(m1_0.role)=?)) or g1_0.student_id in ((select m2_0.id from members m2_0 where lower(m2_0.role)=?)) or g1_0.student_code in ((select m3_0.code from members m3_0 where lower(m3_0.role)=?)))
2026-10-01T14:22:57.525+07:00 DEBUG 29996 --- [school-manager] [http-nio-8080-exec-2] org.hibernate.SQL                        : select m1_0.id,m1_0.class_name,m1_0.code,m1_0.email,m1_0.must_change_password,m1_0.name,m1_0.password,m1_0.role,m1_0.subject from members m1_0
2026-10-01T14:22:57.530+07:00 DEBUG 29996 --- [school-manager] [http-nio-8080-exec-2] org.hibernate.SQL                        : select ac1_0.member_id,ac1_0.class_id from member_assigned_classes ac1_0 where ac1_0.member_id in (?,?,?,?,?,?,?,?,?,?,?,?,?,?,?,?,?,?,?,?,?,?,?,?,?,?,?,?,?,?,?,?,?,?,?,?,?,?,?,?,?,?,?,?,?,?,?,?,?,?)
2026-10-01T15:11:43.055+07:00  INFO 29996 --- [school-manager] [SpringApplicationShutdownHook] o.s.b.w.e.tomcat.GracefulShutdown        : Commencing graceful shutdown. Waiting for active requests to complete
2026-10-01T15:11:43.063+07:00  INFO 29996 --- [school-manager] [tomcat-shutdown] o.s.b.w.e.tomcat.GracefulShutdown        : Graceful shutdown complete
2026-10-01T15:11:43.071+07:00  INFO 29996 --- [school-manager] [SpringApplicationShutdownHook] j.LocalContainerEntityManagerFactoryBean : Closing JPA EntityManagerFactory for persistence unit 'default'
2026-10-01T15:11:43.082+07:00  INFO 29996 --- [school-manager] [SpringApplicationShutdownHook] com.zaxxer.hikari.HikariDataSource       : HikariPool-1 - Shutdown initiated...
2026-10-01T15:11:43.087+07:00  INFO 29996 --- [school-manager] [SpringApplicationShutdownHook] com.zaxxer.hikari.HikariDataSource       : HikariPool-1 - Shutdown completed.
